restaurant_id,restaurant_name,raw_menu_item_name,raw_price,raw_category,source_url,source_file,collected_at,notes,price_sgd,price_note,description,source_type
T008,Arise and Shine,,,,https://ph.openrice.com/en/singapore/r-arise-and-shine-%E6%9D%9C%E5%BC%97-%E4%BA%9E%E6%B4%B2%E6%96%99%E7%90%86-%E5%92%96%E5%95%A1-r240140/menus,,2026-08-03,needs_manual_review: no structured priced rows extracted,,,,openrice
T011,Burnt Cones,Pistacchio,S$18,Gelato pints,https://www.burntcones.com/,,2026-08-03,Public web menu static snapshot,18,fixed,,official_menu
T011,Burnt Cones,85% Dark Chocolate,S$19,Gelato pints,https://www.burntcones.com/,,2026-08-03,Public web menu static snapshot,19,fixed,,official_menu
T011,Burnt Cones,Maple Pecan,S$18,Gelato pints,https://www.burntcones.com/,,2026-08-03,Public web menu static snapshot,18,fixed,,official_menu
T011,Burnt Cones,Strawberry Sorbet,S$17,Gelato pints,https://www.burntcones.com/,,2026-08-03,Public web menu static snapshot,17,fixed,,official_menu
T011,Burnt Cones,Mango Passion,S$17,Gelato pints,https://www.burntcones.com/,,2026-08-03,Public web menu static snapshot,17,fixed,,official_menu
T011,Burnt Cones,Ube,S$18,Gelato pints,https://www.burntcones.com/,,2026-08-03,Public web menu static snapshot,18,fixed,,official_menu
T018,Hugabo,,,,https://www.foodpanda.sg/restaurant/u4cp/hugabo-nuh-medical-centre,,2026-08-03,needs_manual_review: no structured priced rows extracted,,,,foodpanda_indexed
T018,Hugabo,,,,https://halalboleh.com/shop/hugabo/9-lower-kent-ridge-road,,2026-08-03,needs_manual_review: no structured priced rows extracted,,,,halalboleh
T019,Kaffe & Toast,,,,https://www.kaffeandtoast.sg/,,2026-08-03,needs_manual_review: no structured priced rows extracted,,,,official_locations
T019,Kaffe & Toast,,,,https://halalboleh.com/shop/kaffe-toast/9-lower-kent-ridge-road,,2026-08-03,needs_manual_review: no structured priced rows extracted,,,,halalboleh
T020,Masta Kafe,,,,https://halalboleh.com/shop/masta-kafe/9-lower-kent-ridge-road,,2026-08-03,needs_manual_review: no structured priced rows extracted,,,,halalboleh
T024,Saap Saap Thai,Saap Saap Buddy Set (2 Pax),SGD 34.00,SAAP SAAP THAI SINGAPORE MENU SPECIAL SET MEALS,https://sgfoodprice.org/saap-saap-thai-singapore-menu/,,2026-08-03,Public web menu static snapshot,34.00,fixed,,price_page
T024,Saap Saap Thai,Crispy Fish Set Specials (2 Pax),SGD 45.90,SAAP SAAP THAI SINGAPORE MENU SPECIAL SET MEALS,https://sgfoodprice.org/saap-saap-thai-singapore-menu/,,2026-08-03,Public web menu static snapshot,45.90,fixed,,price_page
T024,Saap Saap Thai,Thai Crispy Chicken Set Specials (2 Pax),SGD 45.90,SAAP SAAP THAI SINGAPORE MENU SPECIAL SET MEALS,https://sgfoodprice.org/saap-saap-thai-singapore-menu/,,2026-08-03,Public web menu static snapshot,45.90,fixed,,price_page
T024,Saap Saap Thai,Thai Crispy Chicken Upsized Set Specials (4 Pax),SGD 69.00,SAAP SAAP THAI SINGAPORE MENU SPECIAL SET MEALS,https://sgfoodprice.org/saap-saap-thai-singapore-menu/,,2026-08-03,Public web menu static snapshot,69.00,fixed,,price_page
T024,Saap Saap Thai,Family Feast Set (4 Pax),SGD 63.00,SAAP SAAP THAI SINGAPORE MENU SPECIAL SET MEALS,https://sgfoodprice.org/saap-saap-thai-singapore-menu/,,2026-08-03,Public web menu static snapshot,63.00,fixed,,price_page
T024,Saap Saap Thai,Family Feast Party Set (4 Pax),SGD 72.00,SAAP SAAP THAI SINGAPORE MENU SPECIAL SET MEALS,https://sgfoodprice.org/saap-saap-thai-singapore-menu/,,2026-08-03,Public web menu static snapshot,72.00,fixed,,price_page
T024,Saap Saap Thai,Family Upsized Party Set (6 -8 Pax),SGD 116.00,SAAP SAAP THAI SINGAPORE MENU SPECIAL SET MEALS,https://sgfoodprice.org/saap-saap-thai-singapore-menu/,,2026-08-03,Public web menu static snapshot,116.00,fixed,,price_page
T024,Saap Saap Thai,Rice Combo 1 (1 Pax),SGD 14.20,SAAP SAAP THAI MENU INDIVIDUAL SET MEAL,https://sgfoodprice.org/saap-saap-thai-singapore-menu/,,2026-08-03,Public web menu static snapshot,14.20,fixed,,price_page
T024,Saap Saap Thai,Noodle Combo 1 (1 Pax),SGD 14.20,SAAP SAAP THAI MENU INDIVIDUAL SET MEAL,https://sgfoodprice.org/saap-saap-thai-singapore-menu/,,2026-08-03,Public web menu static snapshot,14.20,fixed,,price_page
T024,Saap Saap Thai,Rice Combo 2 (1 Pax),SGD 16.20,SAAP SAAP THAI MENU INDIVIDUAL SET MEAL,https://sgfoodprice.org/saap-saap-thai-singapore-menu/,,2026-08-03,Public web menu static snapshot,16.20,fixed,,price_page
T024,Saap Saap Thai,Noodle Combo 2 (1 Pax),SGD 16.20,SAAP SAAP THAI MENU INDIVIDUAL SET MEAL,https://sgfoodprice.org/saap-saap-thai-singapore-menu/,,2026-08-03,Public web menu static snapshot,16.20,fixed,,price_page
T024,Saap Saap Thai,Super Single Rice Combo 3 (1 Pax),SGD 16.80,SAAP SAAP THAI MENU INDIVIDUAL SET MEAL,https://sgfoodprice.org/saap-saap-thai-singapore-menu/,,2026-08-03,Public web menu static snapshot,16.80,fixed,,price_page
T024,Saap Saap Thai,Super Single Noodle Combo 3 (1 Pax),SGD 16.80,SAAP SAAP THAI MENU INDIVIDUAL SET MEAL,https://sgfoodprice.org/saap-saap-thai-singapore-menu/,,2026-08-03,Public web menu static snapshot,16.80,fixed,,price_page
T024,Saap Saap Thai,Snack Delights Box A,From SGD 8.20,SAAP SAAP THAI SNACK BOXES PRICES,https://sgfoodprice.org/saap-saap-thai-singapore-menu/,,2026-08-03,Public web menu static snapshot,8.20,starting_price,,price_page
T024,Saap Saap Thai,Snack Delights Box B,From SGD 14.90,SAAP SAAP THAI SNACK BOXES PRICES,https://sgfoodprice.org/saap-saap-thai-singapore-menu/,,2026-08-03,Public web menu static snapshot,14.90,starting_price,,price_page
T024,Saap Saap Thai,Snack Delights Box C,From SGD 14.90,SAAP SAAP THAI SNACK BOXES PRICES,https://sgfoodprice.org/saap-saap-thai-singapore-menu/,,2026-08-03,Public web menu static snapshot,14.90,starting_price,,price_page
T024,Saap Saap Thai,Ultimate Party Snack Set,From SGD 32.00,SAAP SAAP THAI SNACK BOXES PRICES,https://sgfoodprice.org/saap-saap-thai-singapore-menu/,,2026-08-03,Public web menu static snapshot,32.00,starting_price,,price_page
T024,Saap Saap Thai,Thai Crispy Chicken Noodle (Dry),SGD 9.20,SAAP SAAP THAI MENU THAI CRISPY CHICKEN,https://sgfoodprice.org/saap-saap-thai-singapore-menu/,,2026-08-03,Public web menu static snapshot,9.20,fixed,,price_page
T024,Saap Saap Thai,Thai Crispy Chicken Boat Noodle,SGD 9.20,SAAP SAAP THAI MENU THAI CRISPY CHICKEN,https://sgfoodprice.org/saap-saap-thai-singapore-menu/,,2026-08-03,Public web menu static snapshot,9.20,fixed,,price_page
T024,Saap Saap Thai,Thai Crispy Chicken with Rice,SGD 9.20,SAAP SAAP THAI MENU THAI CRISPY CHICKEN,https://sgfoodprice.org/saap-saap-thai-singapore-menu/,,2026-08-03,Public web menu static snapshot,9.20,fixed,,price_page
T024,Saap Saap Thai,Kra Pao Basil Crispy Chicken with Rice,SGD 9.20,SAAP SAAP THAI MENU THAI CRISPY CHICKEN,https://sgfoodprice.org/saap-saap-thai-singapore-menu/,,2026-08-03,Public web menu static snapshot,9.20,fixed,,price_page
T024,Saap Saap Thai,Thai Garlic Black Pepper Crispy Chicken w Rice,SGD 9.20,SAAP SAAP THAI MENU THAI CRISPY CHICKEN,https://sgfoodprice.org/saap-saap-thai-singapore-menu/,,2026-08-03,Public web menu static snapshot,9.20,fixed,,price_page
T024,Saap Saap Thai,Crispy Chicken w Tom Yam Sauce,SGD 9.20,SAAP SAAP THAI MENU THAI CRISPY CHICKEN,https://sgfoodprice.org/saap-saap-thai-singapore-menu/,,2026-08-03,Public web menu static snapshot,9.20,fixed,,price_page
T024,Saap Saap Thai,Saap Saap Crispy Chicken Wings with Rice,SGD 9.20,SAAP SAAP THAI MENU THAI CRISPY CHICKEN,https://sgfoodprice.org/saap-saap-thai-singapore-menu/,,2026-08-03,Public web menu static snapshot,9.20,fixed,,price_page
T024,Saap Saap Thai,Thai Crispy Chicken Tom Yam Soup,SGD 9.20,SAAP SAAP THAI MENU THAI CRISPY CHICKEN,https://sgfoodprice.org/saap-saap-thai-singapore-menu/,,2026-08-03,Public web menu static snapshot,9.20,fixed,,price_page
T024,Saap Saap Thai,Yum Thai Salad Glass Noodle w Crispy Chicken,SGD 7.20,SAAP SAAP THAI MENU THAI CRISPY CHICKEN,https://sgfoodprice.org/saap-saap-thai-singapore-menu/,,2026-08-03,Public web menu static snapshot,7.20,fixed,,price_page
T024,Saap Saap Thai,Wings & Drumettes,SGD 8.20,SAAP SAAP THAI MENU THAI CRISPY CHICKEN,https://sgfoodprice.org/saap-saap-thai-singapore-menu/,,2026-08-03,Public web menu static snapshot,8.20,fixed,,price_page
T024,Saap Saap Thai,Fried Fish,SGD 8.20,SAAP SAAP THAI MENU THAI CRISPY CHICKEN,https://sgfoodprice.org/saap-saap-thai-singapore-menu/,,2026-08-03,Public web menu static snapshot,8.20,fixed,,price_page
T024,Saap Saap Thai,Kra Pao Basil Crispy Fish with Rice,SGD 9.20,SAAP SAAP THAI CRISPY FISH SELECT MENU PRICES,https://sgfoodprice.org/saap-saap-thai-singapore-menu/,,2026-08-03,Public web menu static snapshot,9.20,fixed,,price_page
T024,Saap Saap Thai,Thai Garlic Black Pepper Crispy Fish w Rice,SGD 9.20,SAAP SAAP THAI CRISPY FISH SELECT MENU PRICES,https://sgfoodprice.org/saap-saap-thai-singapore-menu/,,2026-08-03,Public web menu static snapshot,9.20,fixed,,price_page
T024,Saap Saap Thai,Crispy Fish Rice w Tom Yam Sauce,SGD 9.20,SAAP SAAP THAI CRISPY FISH SELECT MENU PRICES,https://sgfoodprice.org/saap-saap-thai-singapore-menu/,,2026-08-03,Public web menu static snapshot,9.20,fixed,,price_page
T024,Saap Saap Thai,Yum Thai Salad Glass Noodle w Crispy Fish,SGD 7.20,SAAP SAAP THAI CRISPY FISH SELECT MENU PRICES,https://sgfoodprice.org/saap-saap-thai-singapore-menu/,,2026-08-03,Public web menu static snapshot,7.20,fixed,,price_page
T024,Saap Saap Thai,Signature Australian Beef Boat Noodle,SGD 9.20,SAAP SAAP THAI SIGNATURE THAI NOODLES PRICES,https://sgfoodprice.org/saap-saap-thai-singapore-menu/,,2026-08-03,Public web menu static snapshot,9.20,fixed,,price_page
T024,Saap Saap Thai,Beef Brisket Boat Noodle w Tendon,SGD 9.20,SAAP SAAP THAI SIGNATURE THAI NOODLES PRICES,https://sgfoodprice.org/saap-saap-thai-singapore-menu/,,2026-08-03,Public web menu static snapshot,9.20,fixed,,price_page
T024,Saap Saap Thai,Beef Boat Noodle Deluxe,SGD 11.20,SAAP SAAP THAI SIGNATURE THAI NOODLES PRICES,https://sgfoodprice.org/saap-saap-thai-singapore-menu/,,2026-08-03,Public web menu static snapshot,11.20,fixed,,price_page
T024,Saap Saap Thai,Signature Chicken Boat Noodle,SGD 9.20,SAAP SAAP THAI SIGNATURE THAI NOODLES PRICES,https://sgfoodprice.org/saap-saap-thai-singapore-menu/,,2026-08-03,Public web menu static snapshot,9.20,fixed,,price_page
T024,Saap Saap Thai,Thai Grilled Chicken Noodle (Dry/Soup),SGD 9.20,SAAP SAAP THAI SIGNATURE THAI NOODLES PRICES,https://sgfoodprice.org/saap-saap-thai-singapore-menu/,,2026-08-03,Public web menu static snapshot,9.20,fixed,,price_page
T024,Saap Saap Thai,Thai Grilled Chicken Boat Noodle,SGD 9.20,SAAP SAAP THAI SIGNATURE THAI NOODLES PRICES,https://sgfoodprice.org/saap-saap-thai-singapore-menu/,,2026-08-03,Public web menu static snapshot,9.20,fixed,,price_page
T024,Saap Saap Thai,Beef Ball Boat Noodle Soup,SGD 8.80,SAAP SAAP THAI SIGNATURE THAI NOODLES PRICES,https://sgfoodprice.org/saap-saap-thai-singapore-menu/,,2026-08-03,Public web menu static snapshot,8.80,fixed,,price_page
T024,Saap Saap Thai,Chicken Ball Boat Noodle Soup,SGD 8.80,SAAP SAAP THAI SIGNATURE THAI NOODLES PRICES,https://sgfoodprice.org/saap-saap-thai-singapore-menu/,,2026-08-03,Public web menu static snapshot,8.80,fixed,,price_page
T024,Saap Saap Thai,Thai Grilled Chicken with Rice (Non spicy),From SGD 9.20,SAAP SAAP THAI CLASSIC RICE DISHES PRICES,https://sgfoodprice.org/saap-saap-thai-singapore-menu/,,2026-08-03,Public web menu static snapshot,9.20,starting_price,,price_page
T024,Saap Saap Thai,Kra Pao Basil Chicken with Rice,From SGD 9.20,SAAP SAAP THAI CLASSIC RICE DISHES PRICES,https://sgfoodprice.org/saap-saap-thai-singapore-menu/,,2026-08-03,Public web menu static snapshot,9.20,starting_price,,price_page
T024,Saap Saap Thai,Kra Pao Basil Beef Slice with Rice,From SGD 9.20,SAAP SAAP THAI CLASSIC RICE DISHES PRICES,https://sgfoodprice.org/saap-saap-thai-singapore-menu/,,2026-08-03,Public web menu static snapshot,9.20,starting_price,,price_page
T024,Saap Saap Thai,Green Curry Chicken with Rice,From SGD 9.20,SAAP SAAP THAI CLASSIC RICE DISHES PRICES,https://sgfoodprice.org/saap-saap-thai-singapore-menu/,,2026-08-03,Public web menu static snapshot,9.20,starting_price,,price_page
T024,Saap Saap Thai,Beef Brisket & Tendon with Rice,From SGD 9.20,SAAP SAAP THAI CLASSIC RICE DISHES PRICES,https://sgfoodprice.org/saap-saap-thai-singapore-menu/,,2026-08-03,Public web menu static snapshot,9.20,starting_price,,price_page
T024,Saap Saap Thai,Beef Deluxe w Rice,From SGD 11.20,SAAP SAAP THAI CLASSIC RICE DISHES PRICES,https://sgfoodprice.org/saap-saap-thai-singapore-menu/,,2026-08-03,Public web menu static snapshot,11.20,starting_price,,price_page
T024,Saap Saap Thai,Thai Garlic Black Pepper Chicken with Rice,From SGD 9.20,SAAP SAAP THAI CLASSIC RICE DISHES PRICES,https://sgfoodprice.org/saap-saap-thai-singapore-menu/,,2026-08-03,Public web menu static snapshot,9.20,starting_price,,price_page
T024,Saap Saap Thai,Thai Garlic Black Pepepr Beef with Rice,From SGD 9.20,SAAP SAAP THAI CLASSIC RICE DISHES PRICES,https://sgfoodprice.org/saap-saap-thai-singapore-menu/,,2026-08-03,Public web menu static snapshot,9.20,starting_price,,price_page
T024,Saap Saap Thai,Tom Yam Sauteed Chicken with Rice,From SGD 9.20,SAAP SAAP THAI CLASSIC RICE DISHES PRICES,https://sgfoodprice.org/saap-saap-thai-singapore-menu/,,2026-08-03,Public web menu static snapshot,9.20,starting_price,,price_page
T024,Saap Saap Thai,Tom Yam Sauteed Beef with Rice,From SGD 9.20,SAAP SAAP THAI CLASSIC RICE DISHES PRICES,https://sgfoodprice.org/saap-saap-thai-singapore-menu/,,2026-08-03,Public web menu static snapshot,9.20,starting_price,,price_page
T024,Saap Saap Thai,Tom Yum Seafood Caribbean,From SGD 11.20,SAAP SAAP THAI MENU TOM YUM SOUP PRICES,https://sgfoodprice.org/saap-saap-thai-singapore-menu/,,2026-08-03,Public web menu static snapshot,11.20,starting_price,,price_page
T024,Saap Saap Thai,Tom Yum Beef Slice,From SGD 9.20,SAAP SAAP THAI MENU TOM YUM SOUP PRICES,https://sgfoodprice.org/saap-saap-thai-singapore-menu/,,2026-08-03,Public web menu static snapshot,9.20,starting_price,,price_page
T024,Saap Saap Thai,Tom Yum Chicken Slice,From SGD 9.20,SAAP SAAP THAI MENU TOM YUM SOUP PRICES,https://sgfoodprice.org/saap-saap-thai-singapore-menu/,,2026-08-03,Public web menu static snapshot,9.20,starting_price,,price_page
T024,Saap Saap Thai,Tom Yum Fish Slice,From SGD 9.20,SAAP SAAP THAI MENU TOM YUM SOUP PRICES,https://sgfoodprice.org/saap-saap-thai-singapore-menu/,,2026-08-03,Public web menu static snapshot,9.20,starting_price,,price_page
T024,Saap Saap Thai,Tom Yum Prawns,From SGD 9.20,SAAP SAAP THAI MENU TOM YUM SOUP PRICES,https://sgfoodprice.org/saap-saap-thai-singapore-menu/,,2026-08-03,Public web menu static snapshot,9.20,starting_price,,price_page
T024,Saap Saap Thai,Tom Yum Beef Brisket & Tendon,From SGD 9.20,SAAP SAAP THAI MENU TOM YUM SOUP PRICES,https://sgfoodprice.org/saap-saap-thai-singapore-menu/,,2026-08-03,Public web menu static snapshot,9.20,starting_price,,price_page
T024,Saap Saap Thai,Tom Yum Beef Deluxe,From SGD 11.20,SAAP SAAP THAI MENU TOM YUM SOUP PRICES,https://sgfoodprice.org/saap-saap-thai-singapore-menu/,,2026-08-03,Public web menu static snapshot,11.20,starting_price,,price_page
T024,Saap Saap Thai,Yum Seafood Caribbean,SGD 9.20,SAAP SAAP THAI YUM THAI SALAD MENU PRICES,https://sgfoodprice.org/saap-saap-thai-singapore-menu/,,2026-08-03,Public web menu static snapshot,9.20,fixed,,price_page
T024,Saap Saap Thai,Yum Beef Slice,SGD 7.20,SAAP SAAP THAI YUM THAI SALAD MENU PRICES,https://sgfoodprice.org/saap-saap-thai-singapore-menu/,,2026-08-03,Public web menu static snapshot,7.20,fixed,,price_page
T024,Saap Saap Thai,Yum Fish Slice,SGD 7.20,SAAP SAAP THAI YUM THAI SALAD MENU PRICES,https://sgfoodprice.org/saap-saap-thai-singapore-menu/,,2026-08-03,Public web menu static snapshot,7.20,fixed,,price_page
T024,Saap Saap Thai,Yum Grilled Chicken,SGD 7.20,SAAP SAAP THAI YUM THAI SALAD MENU PRICES,https://sgfoodprice.org/saap-saap-thai-singapore-menu/,,2026-08-03,Public web menu static snapshot,7.20,fixed,,price_page
T024,Saap Saap Thai,Original Iced Thai Milk Tea (Signature),SGD 3.70,SAAP SAAP THAI BEVERAGES PRICES,https://sgfoodprice.org/saap-saap-thai-singapore-menu/,,2026-08-03,Public web menu static snapshot,3.70,fixed,,price_page
T024,Saap Saap Thai,Iced Thai Green Milk Tea,SGD 3.70,SAAP SAAP THAI BEVERAGES PRICES,https://sgfoodprice.org/saap-saap-thai-singapore-menu/,,2026-08-03,Public web menu static snapshot,3.70,fixed,,price_page
T024,Saap Saap Thai,Iced Lime Thai Tea,SGD 3.70,SAAP SAAP THAI BEVERAGES PRICES,https://sgfoodprice.org/saap-saap-thai-singapore-menu/,,2026-08-03,Public web menu static snapshot,3.70,fixed,,price_page
T024,Saap Saap Thai,Fresh Iced Lime Juice,SGD 3.70,SAAP SAAP THAI BEVERAGES PRICES,https://sgfoodprice.org/saap-saap-thai-singapore-menu/,,2026-08-03,Public web menu static snapshot,3.70,fixed,,price_page
T024,Saap Saap Thai,Lemongrass Drink (Warm/Iced),From SGD 3.70,SAAP SAAP THAI BEVERAGES PRICES,https://sgfoodprice.org/saap-saap-thai-singapore-menu/,,2026-08-03,Public web menu static snapshot,3.70,starting_price,,price_page
T024,Saap Saap Thai,Honey Lime Drink (Warm/Iced),From SGD 3.70,SAAP SAAP THAI BEVERAGES PRICES,https://sgfoodprice.org/saap-saap-thai-singapore-menu/,,2026-08-03,Public web menu static snapshot,3.70,starting_price,,price_page
T024,Saap Saap Thai,Iced Thai Soda (Red/Green),From SGD 3.70,SAAP SAAP THAI BEVERAGES PRICES,https://sgfoodprice.org/saap-saap-thai-singapore-menu/,,2026-08-03,Public web menu static snapshot,3.70,starting_price,,price_page
T024,Saap Saap Thai,Original Hot Thai Milk Tea,SGD 3,SAAP SAAP THAI BEVERAGES PRICES,https://sgfoodprice.org/saap-saap-thai-singapore-menu/,,2026-08-03,Public web menu static snapshot,3,fixed,,price_page
T024,Saap Saap Thai,Hot Honey Black Tea,SGD 3,SAAP SAAP THAI BEVERAGES PRICES,https://sgfoodprice.org/saap-saap-thai-singapore-menu/,,2026-08-03,Public web menu static snapshot,3,fixed,,price_page
T024,Saap Saap Thai,Hot Lime Black Tea,SGD 3,SAAP SAAP THAI BEVERAGES PRICES,https://sgfoodprice.org/saap-saap-thai-singapore-menu/,,2026-08-03,Public web menu static snapshot,3,fixed,,price_page
T024,Saap Saap Thai,Hot Thai Black Tea,SGD 3,SAAP SAAP THAI BEVERAGES PRICES,https://sgfoodprice.org/saap-saap-thai-singapore-menu/,,2026-08-03,Public web menu static snapshot,3,fixed,,price_page
T024,Saap Saap Thai,Soft Drink,From SGD 3,SAAP SAAP THAI BEVERAGES PRICES,https://sgfoodprice.org/saap-saap-thai-singapore-menu/,,2026-08-03,Public web menu static snapshot,3,starting_price,,price_page
T024,Saap Saap Thai,Mineral Water,SGD 2.70,SAAP SAAP THAI BEVERAGES PRICES,https://sgfoodprice.org/saap-saap-thai-singapore-menu/,,2026-08-03,Public web menu static snapshot,2.70,fixed,,price_page
T024,Saap Saap Thai,Pad Thai,20,NUTRITION INFORMATION OF SAAP SAAP THAI SINGAPORE MENU TABLE,https://sgfoodprice.org/saap-saap-thai-singapore-menu/,,2026-08-03,Public web menu static snapshot,20,fixed,,price_page
T024,Saap Saap Thai,Green Curry,8,NUTRITION INFORMATION OF SAAP SAAP THAI SINGAPORE MENU TABLE,https://sgfoodprice.org/saap-saap-thai-singapore-menu/,,2026-08-03,Public web menu static snapshot,8,fixed,,price_page
T024,Saap Saap Thai,Tom Yum Soup,5,NUTRITION INFORMATION OF SAAP SAAP THAI SINGAPORE MENU TABLE,https://sgfoodprice.org/saap-saap-thai-singapore-menu/,,2026-08-03,Public web menu static snapshot,5,fixed,,price_page
T024,Saap Saap Thai,Thai Basil Chicken,6,NUTRITION INFORMATION OF SAAP SAAP THAI SINGAPORE MENU TABLE,https://sgfoodprice.org/saap-saap-thai-singapore-menu/,,2026-08-03,Public web menu static snapshot,6,fixed,,price_page
T024,Saap Saap Thai,Spring Rolls,5,NUTRITION INFORMATION OF SAAP SAAP THAI SINGAPORE MENU TABLE,https://sgfoodprice.org/saap-saap-thai-singapore-menu/,,2026-08-03,Public web menu static snapshot,5,fixed,,price_page
T024,Saap Saap Thai,Mango Sticky Rice,20,NUTRITION INFORMATION OF SAAP SAAP THAI SINGAPORE MENU TABLE,https://sgfoodprice.org/saap-saap-thai-singapore-menu/,,2026-08-03,Public web menu static snapshot,20,fixed,,price_page
T024,Saap Saap Thai,Pad See Ew,12,NUTRITION INFORMATION OF SAAP SAAP THAI SINGAPORE MENU TABLE,https://sgfoodprice.org/saap-saap-thai-singapore-menu/,,2026-08-03,Public web menu static snapshot,12,fixed,,price_page
T024,Saap Saap Thai,Som Tum (Papaya Salad),10,NUTRITION INFORMATION OF SAAP SAAP THAI SINGAPORE MENU TABLE,https://sgfoodprice.org/saap-saap-thai-singapore-menu/,,2026-08-03,Public web menu static snapshot,10,fixed,,price_page
T024,Saap Saap Thai,Starters,$5.00,SAAP SAAP THAI MENU SINGAPORE DRIVE-THRU ITEMS TABLE,https://sgfoodprice.org/saap-saap-thai-singapore-menu/,,2026-08-03,Public web menu static snapshot,5.00,fixed,,price_page
T024,Saap Saap Thai,Mains,$9.00,SAAP SAAP THAI MENU SINGAPORE DRIVE-THRU ITEMS TABLE,https://sgfoodprice.org/saap-saap-thai-singapore-menu/,,2026-08-03,Public web menu static snapshot,9.00,fixed,,price_page
T024,Saap Saap Thai,Beverages,$4.00,SAAP SAAP THAI MENU SINGAPORE DRIVE-THRU ITEMS TABLE,https://sgfoodprice.org/saap-saap-thai-singapore-menu/,,2026-08-03,Public web menu static snapshot,4.00,fixed,,price_page
T024,Saap Saap Thai,Desserts,$5.50,SAAP SAAP THAI MENU SINGAPORE DRIVE-THRU ITEMS TABLE,https://sgfoodprice.org/saap-saap-thai-singapore-menu/,,2026-08-03,Public web menu static snapshot,5.50,fixed,,price_page
T024,Saap Saap Thai,Combos,$16.00,SAAP SAAP THAI MENU SINGAPORE DRIVE-THRU ITEMS TABLE,https://sgfoodprice.org/saap-saap-thai-singapore-menu/,,2026-08-03,Public web menu static snapshot,16.00,fixed,,price_page
T024,Saap Saap Thai,Appetizers,$200,BULK ORDER OF SAAP SAAP THAI SINGAPORE MENU TABLE,https://sgfoodprice.org/saap-saap-thai-singapore-menu/,,2026-08-03,Public web menu static snapshot,200,fixed,,price_page
T024,Saap Saap Thai,Mains,$150,BULK ORDER OF SAAP SAAP THAI SINGAPORE MENU TABLE,https://sgfoodprice.org/saap-saap-thai-singapore-menu/,,2026-08-03,Public web menu static snapshot,150,fixed,,price_page
T024,Saap Saap Thai,Side Dishes,$50,BULK ORDER OF SAAP SAAP THAI SINGAPORE MENU TABLE,https://sgfoodprice.org/saap-saap-thai-singapore-menu/,,2026-08-03,Public web menu static snapshot,50,fixed,,price_page
T024,Saap Saap Thai,Desserts,$70,BULK ORDER OF SAAP SAAP THAI SINGAPORE MENU TABLE,https://sgfoodprice.org/saap-saap-thai-singapore-menu/,,2026-08-03,Public web menu static snapshot,70,fixed,,price_page
T024,Saap Saap Thai,Drinks,$40,BULK ORDER OF SAAP SAAP THAI SINGAPORE MENU TABLE,https://sgfoodprice.org/saap-saap-thai-singapore-menu/,,2026-08-03,Public web menu static snapshot,40,fixed,,price_page
T024,Saap Saap Thai,Sunday,10:30 am–9 pm,"SAAP SAAP THAI SINGAPORE LOCATION, OPENING HOURS, AND INSTANT DATA",https://sgfoodprice.org/saap-saap-thai-singapore-menu/,,2026-08-03,Public web menu static snapshot,10,fixed,,price_page
T024,Saap Saap Thai,Monday,10:30 am–9 pm,"SAAP SAAP THAI SINGAPORE LOCATION, OPENING HOURS, AND INSTANT DATA",https://sgfoodprice.org/saap-saap-thai-singapore-menu/,,2026-08-03,Public web menu static snapshot,10,fixed,,price_page
T024,Saap Saap Thai,Tuesday,10:30 am–9 pm,"SAAP SAAP THAI SINGAPORE LOCATION, OPENING HOURS, AND INSTANT DATA",https://sgfoodprice.org/saap-saap-thai-singapore-menu/,,2026-08-03,Public web menu static snapshot,10,fixed,,price_page
T024,Saap Saap Thai,Wednesday,10:30 am–9 pm,"SAAP SAAP THAI SINGAPORE LOCATION, OPENING HOURS, AND INSTANT DATA",https://sgfoodprice.org/saap-saap-thai-singapore-menu/,,2026-08-03,Public web menu static snapshot,10,fixed,,price_page
T024,Saap Saap Thai,Thursday,10:30 am–9 pm,"SAAP SAAP THAI SINGAPORE LOCATION, OPENING HOURS, AND INSTANT DATA",https://sgfoodprice.org/saap-saap-thai-singapore-menu/,,2026-08-03,Public web menu static snapshot,10,fixed,,price_page
T024,Saap Saap Thai,Friday,10:30 am–9 pm,"SAAP SAAP THAI SINGAPORE LOCATION, OPENING HOURS, AND INSTANT DATA",https://sgfoodprice.org/saap-saap-thai-singapore-menu/,,2026-08-03,Public web menu static snapshot,10,fixed,,price_page
T024,Saap Saap Thai,Saturday,10:30 am–9 pm,"SAAP SAAP THAI SINGAPORE LOCATION, OPENING HOURS, AND INSTANT DATA",https://sgfoodprice.org/saap-saap-thai-singapore-menu/,,2026-08-03,Public web menu static snapshot,10,fixed,,price_page
T036,JINJJA Chicken,,,,https://www.jinjjachicken.com/menus,,2026-08-03,needs_manual_review: no structured priced rows extracted,,,,official_menu
T036,JINJJA Chicken,Mozzarella Cheese Sticks (4pcs),S$4.50,Jinjja Chicken Popular Menu,https://menuprices.sg/jinjja-chicken-singapore-menu/,,2026-08-03,Public web menu static snapshot,4.50,fixed,,price_page
T036,JINJJA Chicken,Ala Carte,S$8.90,Jinjja Chicken Popular Menu,https://menuprices.sg/jinjja-chicken-singapore-menu/,,2026-08-03,Public web menu static snapshot,8.90,fixed,,price_page
T036,JINJJA Chicken,Meal,S$11.70,Jinjja Chicken Popular Menu,https://menuprices.sg/jinjja-chicken-singapore-menu/,,2026-08-03,Public web menu static snapshot,11.70,fixed,,price_page
T036,JINJJA Chicken,Ala Carte,S$8.90,Jinjja Chicken Popular Menu,https://menuprices.sg/jinjja-chicken-singapore-menu/,,2026-08-03,Public web menu static snapshot,8.90,fixed,,price_page
T036,JINJJA Chicken,Meal,S$11.70,Jinjja Chicken Popular Menu,https://menuprices.sg/jinjja-chicken-singapore-menu/,,2026-08-03,Public web menu static snapshot,11.70,fixed,,price_page
T036,JINJJA Chicken,Ala Carte,S$8.90,Jinjja Chicken Popular Menu,https://menuprices.sg/jinjja-chicken-singapore-menu/,,2026-08-03,Public web menu static snapshot,8.90,fixed,,price_page
T036,JINJJA Chicken,Meal,S$11.70,Jinjja Chicken Popular Menu,https://menuprices.sg/jinjja-chicken-singapore-menu/,,2026-08-03,Public web menu static snapshot,11.70,fixed,,price_page
T036,JINJJA Chicken,6 pieces,S$11.70,Jinjja Chicken (SPICY POTATO CHIPS And Drinks Sets),https://menuprices.sg/jinjja-chicken-singapore-menu/,,2026-08-03,Public web menu static snapshot,11.70,fixed,,price_page
T036,JINJJA Chicken,12 pieces,S$18.70,Jinjja Chicken (SPICY POTATO CHIPS And Drinks Sets),https://menuprices.sg/jinjja-chicken-singapore-menu/,,2026-08-03,Public web menu static snapshot,18.70,fixed,,price_page
T036,JINJJA Chicken,18 pieces,S$23.70,Jinjja Chicken (SPICY POTATO CHIPS And Drinks Sets),https://menuprices.sg/jinjja-chicken-singapore-menu/,,2026-08-03,Public web menu static snapshot,23.70,fixed,,price_page
T036,JINJJA Chicken,3 pieces,S$12.70,Jinjja Chicken (SPICY POTATO CHIPS And Drinks Sets),https://menuprices.sg/jinjja-chicken-singapore-menu/,,2026-08-03,Public web menu static snapshot,12.70,fixed,,price_page
T036,JINJJA Chicken,6 pieces,S$20.70,Jinjja Chicken (SPICY POTATO CHIPS And Drinks Sets),https://menuprices.sg/jinjja-chicken-singapore-menu/,,2026-08-03,Public web menu static snapshot,20.70,fixed,,price_page
T036,JINJJA Chicken,9 pieces,S$28.70,Jinjja Chicken (SPICY POTATO CHIPS And Drinks Sets),https://menuprices.sg/jinjja-chicken-singapore-menu/,,2026-08-03,Public web menu static snapshot,28.70,fixed,,price_page
T036,JINJJA Chicken,Wings Bap Set,S$11.70,Jinjja Chicken (SPICY POTATO CHIPS And Drinks Sets),https://menuprices.sg/jinjja-chicken-singapore-menu/,,2026-08-03,Public web menu static snapshot,11.70,fixed,,price_page
T036,JINJJA Chicken,Drumstick Bap Set,S$11.70,Jinjja Chicken (SPICY POTATO CHIPS And Drinks Sets),https://menuprices.sg/jinjja-chicken-singapore-menu/,,2026-08-03,Public web menu static snapshot,11.70,fixed,,price_page
T036,JINJJA Chicken,Kpop Chicken Set,S$8.30,Jinjja Chicken (SPICY POTATO CHIPS And Drinks Sets),https://menuprices.sg/jinjja-chicken-singapore-menu/,,2026-08-03,Public web menu static snapshot,8.30,fixed,,price_page
T036,JINJJA Chicken,6 pieces,S$11.70,Jinjja Chicken (FRIES And Drinks Sets),https://menuprices.sg/jinjja-chicken-singapore-menu/,,2026-08-03,Public web menu static snapshot,11.70,fixed,,price_page
T036,JINJJA Chicken,12 pieces,S$18.70,Jinjja Chicken (FRIES And Drinks Sets),https://menuprices.sg/jinjja-chicken-singapore-menu/,,2026-08-03,Public web menu static snapshot,18.70,fixed,,price_page
T036,JINJJA Chicken,18 pieces,S$23.70,Jinjja Chicken (FRIES And Drinks Sets),https://menuprices.sg/jinjja-chicken-singapore-menu/,,2026-08-03,Public web menu static snapshot,23.70,fixed,,price_page
T036,JINJJA Chicken,3 pieces,S$12.70,Jinjja Chicken (FRIES And Drinks Sets),https://menuprices.sg/jinjja-chicken-singapore-menu/,,2026-08-03,Public web menu static snapshot,12.70,fixed,,price_page
T036,JINJJA Chicken,6 pieces,S$20.70,Jinjja Chicken (FRIES And Drinks Sets),https://menuprices.sg/jinjja-chicken-singapore-menu/,,2026-08-03,Public web menu static snapshot,20.70,fixed,,price_page
T036,JINJJA Chicken,9 pieces,S$28.70,Jinjja Chicken (FRIES And Drinks Sets),https://menuprices.sg/jinjja-chicken-singapore-menu/,,2026-08-03,Public web menu static snapshot,28.70,fixed,,price_page
T036,JINJJA Chicken,Wings Bap Set,S$11.70,Jinjja Chicken (FRIES And Drinks Sets),https://menuprices.sg/jinjja-chicken-singapore-menu/,,2026-08-03,Public web menu static snapshot,11.70,fixed,,price_page
T036,JINJJA Chicken,Drumstick Bap Set,S$11.70,Jinjja Chicken (FRIES And Drinks Sets),https://menuprices.sg/jinjja-chicken-singapore-menu/,,2026-08-03,Public web menu static snapshot,11.70,fixed,,price_page
T036,JINJJA Chicken,Kpop Chicken Set,S$8.30,Jinjja Chicken (FRIES And Drinks Sets),https://menuprices.sg/jinjja-chicken-singapore-menu/,,2026-08-03,Public web menu static snapshot,8.30,fixed,,price_page
T036,JINJJA Chicken,Mini Bang x Coke Zero Bundle,S$ 42.90,Jinjja Chicken Promotions,https://menuprices.sg/jinjja-chicken-singapore-menu/,,2026-08-03,Public web menu static snapshot,42.90,fixed,,price_page
T036,JINJJA Chicken,Mini Bang Party Set,S$34.32,Jinjja Chicken Promotions,https://menuprices.sg/jinjja-chicken-singapore-menu/,,2026-08-03,Public web menu static snapshot,34.32,fixed,,price_page
T036,JINJJA Chicken,Ala Carte,S$9.52,Jinjja Chicken Promotions,https://menuprices.sg/jinjja-chicken-singapore-menu/,,2026-08-03,Public web menu static snapshot,9.52,fixed,,price_page
T036,JINJJA Chicken,Meal,S$11.76,Jinjja Chicken Promotions,https://menuprices.sg/jinjja-chicken-singapore-menu/,,2026-08-03,Public web menu static snapshot,11.76,fixed,,price_page
T036,JINJJA Chicken,6 pcs Ala Carte,S$8.90,Jinjja Chicken Signature Sets,https://menuprices.sg/jinjja-chicken-singapore-menu/,,2026-08-03,Public web menu static snapshot,8.90,fixed,,price_page
T036,JINJJA Chicken,12 pcs Ala Carte,S$15.90,Jinjja Chicken Signature Sets,https://menuprices.sg/jinjja-chicken-singapore-menu/,,2026-08-03,Public web menu static snapshot,15.90,fixed,,price_page
T036,JINJJA Chicken,18 pcs Ala Carte,S$20.90,Jinjja Chicken Signature Sets,https://menuprices.sg/jinjja-chicken-singapore-menu/,,2026-08-03,Public web menu static snapshot,20.90,fixed,,price_page
T036,JINJJA Chicken,6 pcs Meal,S$11.70,Jinjja Chicken Signature Sets,https://menuprices.sg/jinjja-chicken-singapore-menu/,,2026-08-03,Public web menu static snapshot,11.70,fixed,,price_page
T036,JINJJA Chicken,12 pcs Meal,S$18.70,Jinjja Chicken Signature Sets,https://menuprices.sg/jinjja-chicken-singapore-menu/,,2026-08-03,Public web menu static snapshot,18.70,fixed,,price_page
T036,JINJJA Chicken,18 pcs Meal,S$23.70,Jinjja Chicken Signature Sets,https://menuprices.sg/jinjja-chicken-singapore-menu/,,2026-08-03,Public web menu static snapshot,23.70,fixed,,price_page
T036,JINJJA Chicken,3 pcs Ala Carte,S$9.90,Jinjja Chicken Signature Sets,https://menuprices.sg/jinjja-chicken-singapore-menu/,,2026-08-03,Public web menu static snapshot,9.90,fixed,,price_page
T036,JINJJA Chicken,6 pcs Ala Carte,S$17.90,Jinjja Chicken Signature Sets,https://menuprices.sg/jinjja-chicken-singapore-menu/,,2026-08-03,Public web menu static snapshot,17.90,fixed,,price_page
T036,JINJJA Chicken,9 pcs Ala Carte,S$25.90,Jinjja Chicken Signature Sets,https://menuprices.sg/jinjja-chicken-singapore-menu/,,2026-08-03,Public web menu static snapshot,25.90,fixed,,price_page
T036,JINJJA Chicken,3 pcs Meal,S$12.70,Jinjja Chicken Signature Sets,https://menuprices.sg/jinjja-chicken-singapore-menu/,,2026-08-03,Public web menu static snapshot,12.70,fixed,,price_page
T036,JINJJA Chicken,6 pcs Meal,S$20.70,Jinjja Chicken Signature Sets,https://menuprices.sg/jinjja-chicken-singapore-menu/,,2026-08-03,Public web menu static snapshot,20.70,fixed,,price_page
T036,JINJJA Chicken,9 pcs Meal,S$28.70,Jinjja Chicken Signature Sets,https://menuprices.sg/jinjja-chicken-singapore-menu/,,2026-08-03,Public web menu static snapshot,28.70,fixed,,price_page
T036,JINJJA Chicken,Ala Carte,S$8.90,Jinjja Chicken Signature Sets,https://menuprices.sg/jinjja-chicken-singapore-menu/,,2026-08-03,Public web menu static snapshot,8.90,fixed,,price_page
T036,JINJJA Chicken,Meal,S$11.70,Jinjja Chicken Signature Sets,https://menuprices.sg/jinjja-chicken-singapore-menu/,,2026-08-03,Public web menu static snapshot,11.70,fixed,,price_page
T036,JINJJA Chicken,Ala Carte,S$8.90,Jinjja Chicken Signature Sets,https://menuprices.sg/jinjja-chicken-singapore-menu/,,2026-08-03,Public web menu static snapshot,8.90,fixed,,price_page
T036,JINJJA Chicken,Meal,S$11.70,Jinjja Chicken Signature Sets,https://menuprices.sg/jinjja-chicken-singapore-menu/,,2026-08-03,Public web menu static snapshot,11.70,fixed,,price_page
T036,JINJJA Chicken,Ala Carte,S$5.50,Jinjja Chicken Signature Sets,https://menuprices.sg/jinjja-chicken-singapore-menu/,,2026-08-03,Public web menu static snapshot,5.50,fixed,,price_page
T036,JINJJA Chicken,Meal,S$8.30,Jinjja Chicken Signature Sets,https://menuprices.sg/jinjja-chicken-singapore-menu/,,2026-08-03,Public web menu static snapshot,8.30,fixed,,price_page
T036,JINJJA Chicken,Ala Carte,S$9.50,Jinjja Chicken Signature Sets,https://menuprices.sg/jinjja-chicken-singapore-menu/,,2026-08-03,Public web menu static snapshot,9.50,fixed,,price_page
T036,JINJJA Chicken,Meal,S$12.30,Jinjja Chicken Signature Sets,https://menuprices.sg/jinjja-chicken-singapore-menu/,,2026-08-03,Public web menu static snapshot,12.30,fixed,,price_page
T036,JINJJA Chicken,Ala Carte,S$9.50,Jinjja Chicken Signature Sets,https://menuprices.sg/jinjja-chicken-singapore-menu/,,2026-08-03,Public web menu static snapshot,9.50,fixed,,price_page
T036,JINJJA Chicken,Meal,S$12.30,Jinjja Chicken Signature Sets,https://menuprices.sg/jinjja-chicken-singapore-menu/,,2026-08-03,Public web menu static snapshot,12.30,fixed,,price_page
T036,JINJJA Chicken,Ala Carte,S$9.50,Jinjja Chicken Signature Sets,https://menuprices.sg/jinjja-chicken-singapore-menu/,,2026-08-03,Public web menu static snapshot,9.50,fixed,,price_page
T036,JINJJA Chicken,Meal,S$12.30,Jinjja Chicken Signature Sets,https://menuprices.sg/jinjja-chicken-singapore-menu/,,2026-08-03,Public web menu static snapshot,12.30,fixed,,price_page
T036,JINJJA Chicken,Ala Carte,S$11.50,Jinjja Chicken Signature Sets,https://menuprices.sg/jinjja-chicken-singapore-menu/,,2026-08-03,Public web menu static snapshot,11.50,fixed,,price_page
T036,JINJJA Chicken,Meal,S$14.30,Jinjja Chicken Signature Sets,https://menuprices.sg/jinjja-chicken-singapore-menu/,,2026-08-03,Public web menu static snapshot,14.30,fixed,,price_page
T036,JINJJA Chicken,Ala Carte,S$9.50,Jinjja Chicken Signature Sets,https://menuprices.sg/jinjja-chicken-singapore-menu/,,2026-08-03,Public web menu static snapshot,9.50,fixed,,price_page
T036,JINJJA Chicken,Meal,S$12.30,Jinjja Chicken Signature Sets,https://menuprices.sg/jinjja-chicken-singapore-menu/,,2026-08-03,Public web menu static snapshot,12.30,fixed,,price_page
T036,JINJJA Chicken,Ala Carte,S$9.90,Jinjja Chicken Signature Sets,https://menuprices.sg/jinjja-chicken-singapore-menu/,,2026-08-03,Public web menu static snapshot,9.90,fixed,,price_page
T036,JINJJA Chicken,Meal,S$12.70,Jinjja Chicken Signature Sets,https://menuprices.sg/jinjja-chicken-singapore-menu/,,2026-08-03,Public web menu static snapshot,12.70,fixed,,price_page
T036,JINJJA Chicken,Ala Carte,S$8.90,Jinjja Chicken Signature Sets,https://menuprices.sg/jinjja-chicken-singapore-menu/,,2026-08-03,Public web menu static snapshot,8.90,fixed,,price_page
T036,JINJJA Chicken,Meal,S$12.70,Jinjja Chicken Signature Sets,https://menuprices.sg/jinjja-chicken-singapore-menu/,,2026-08-03,Public web menu static snapshot,12.70,fixed,,price_page
T036,JINJJA Chicken,Ala Carte,S$8.90,Jinjja Chicken Signature Sets,https://menuprices.sg/jinjja-chicken-singapore-menu/,,2026-08-03,Public web menu static snapshot,8.90,fixed,,price_page
T036,JINJJA Chicken,Meal,S$12.70,Jinjja Chicken Signature Sets,https://menuprices.sg/jinjja-chicken-singapore-menu/,,2026-08-03,Public web menu static snapshot,12.70,fixed,,price_page
T036,JINJJA Chicken,Ala Carte,S$9.90,Jinjja Chicken Signature Sets,https://menuprices.sg/jinjja-chicken-singapore-menu/,,2026-08-03,Public web menu static snapshot,9.90,fixed,,price_page
T036,JINJJA Chicken,Meal,S$12.70,Jinjja Chicken Signature Sets,https://menuprices.sg/jinjja-chicken-singapore-menu/,,2026-08-03,Public web menu static snapshot,12.70,fixed,,price_page
T036,JINJJA Chicken,Ala Carte,S$9.90,Jinjja Chicken Signature Sets,https://menuprices.sg/jinjja-chicken-singapore-menu/,,2026-08-03,Public web menu static snapshot,9.90,fixed,,price_page
T036,JINJJA Chicken,Meal,S$12.70,Jinjja Chicken Signature Sets,https://menuprices.sg/jinjja-chicken-singapore-menu/,,2026-08-03,Public web menu static snapshot,12.70,fixed,,price_page
T036,JINJJA Chicken,Ala Carte,S$8.90,Jinjja Chicken Signature Sets,https://menuprices.sg/jinjja-chicken-singapore-menu/,,2026-08-03,Public web menu static snapshot,8.90,fixed,,price_page
T036,JINJJA Chicken,Meal,S$11.70,Jinjja Chicken Signature Sets,https://menuprices.sg/jinjja-chicken-singapore-menu/,,2026-08-03,Public web menu static snapshot,11.70,fixed,,price_page
T036,JINJJA Chicken,Ala Carte,S$7.90,Jinjja Chicken Signature Sets,https://menuprices.sg/jinjja-chicken-singapore-menu/,,2026-08-03,Public web menu static snapshot,7.90,fixed,,price_page
T036,JINJJA Chicken,Meal,S$10.70,Jinjja Chicken Signature Sets,https://menuprices.sg/jinjja-chicken-singapore-menu/,,2026-08-03,Public web menu static snapshot,10.70,fixed,,price_page
T036,JINJJA Chicken,Ala Carte,S$8.90,Jinjja Chicken Signature Sets,https://menuprices.sg/jinjja-chicken-singapore-menu/,,2026-08-03,Public web menu static snapshot,8.90,fixed,,price_page
T036,JINJJA Chicken,Meal,S$11.70,Jinjja Chicken Signature Sets,https://menuprices.sg/jinjja-chicken-singapore-menu/,,2026-08-03,Public web menu static snapshot,11.70,fixed,,price_page
T036,JINJJA Chicken,Ala Carte,S$7.90,Jinjja Chicken Signature Sets,https://menuprices.sg/jinjja-chicken-singapore-menu/,,2026-08-03,Public web menu static snapshot,7.90,fixed,,price_page
T036,JINJJA Chicken,Meal,S$10.70,Jinjja Chicken Signature Sets,https://menuprices.sg/jinjja-chicken-singapore-menu/,,2026-08-03,Public web menu static snapshot,10.70,fixed,,price_page
T036,JINJJA Chicken,Big Bang Set A,S$50.90,Jinjja Chicken Party Sets,https://menuprices.sg/jinjja-chicken-singapore-menu/,,2026-08-03,Public web menu static snapshot,50.90,fixed,,price_page
T036,JINJJA Chicken,Big Bang Set B,S$85.90,Jinjja Chicken Party Sets,https://menuprices.sg/jinjja-chicken-singapore-menu/,,2026-08-03,Public web menu static snapshot,85.90,fixed,,price_page
T036,JINJJA Chicken,Jinjja Wings Party Set,S$54.90,Jinjja Chicken Party Sets,https://menuprices.sg/jinjja-chicken-singapore-menu/,,2026-08-03,Public web menu static snapshot,54.90,fixed,,price_page
T036,JINJJA Chicken,Jinjja Drumstick Party Set,S$54.90,Jinjja Chicken Party Sets,https://menuprices.sg/jinjja-chicken-singapore-menu/,,2026-08-03,Public web menu static snapshot,54.90,fixed,,price_page
T036,JINJJA Chicken,1 pack,S$3.20,Jinjja Chicken Sides,https://menuprices.sg/jinjja-chicken-singapore-menu/,,2026-08-03,Public web menu static snapshot,3.20,fixed,,price_page
T036,JINJJA Chicken,3 packs,S$6.00,Jinjja Chicken Sides,https://menuprices.sg/jinjja-chicken-singapore-menu/,,2026-08-03,Public web menu static snapshot,6.00,fixed,,price_page
T036,JINJJA Chicken,Small,S$3.20,Jinjja Chicken Sides,https://menuprices.sg/jinjja-chicken-singapore-menu/,,2026-08-03,Public web menu static snapshot,3.20,fixed,,price_page
T036,JINJJA Chicken,Large,S$3.90,Jinjja Chicken Sides,https://menuprices.sg/jinjja-chicken-singapore-menu/,,2026-08-03,Public web menu static snapshot,3.90,fixed,,price_page
T036,JINJJA Chicken,Small,S$3.90,Jinjja Chicken Sides,https://menuprices.sg/jinjja-chicken-singapore-menu/,,2026-08-03,Public web menu static snapshot,3.90,fixed,,price_page
T036,JINJJA Chicken,Large,S$4.90,Jinjja Chicken Sides,https://menuprices.sg/jinjja-chicken-singapore-menu/,,2026-08-03,Public web menu static snapshot,4.90,fixed,,price_page
T036,JINJJA Chicken,Kfries,S$7.90,Jinjja Chicken Sides,https://menuprices.sg/jinjja-chicken-singapore-menu/,,2026-08-03,Public web menu static snapshot,7.90,fixed,,price_page
T036,JINJJA Chicken,Mozzarella Cheese Sticks (4pcs),S$4.50,Jinjja Chicken Sides,https://menuprices.sg/jinjja-chicken-singapore-menu/,,2026-08-03,Public web menu static snapshot,4.50,fixed,,price_page
T036,JINJJA Chicken,Tteokbokki,S$3.90,Jinjja Chicken Sides,https://menuprices.sg/jinjja-chicken-singapore-menu/,,2026-08-03,Public web menu static snapshot,3.90,fixed,,price_page
T036,JINJJA Chicken,Seaweed Tofu,S$3.90,Jinjja Chicken Sides,https://menuprices.sg/jinjja-chicken-singapore-menu/,,2026-08-03,Public web menu static snapshot,3.90,fixed,,price_page
T036,JINJJA Chicken,Small,S$3.20,Jinjja Chicken Sides,https://menuprices.sg/jinjja-chicken-singapore-menu/,,2026-08-03,Public web menu static snapshot,3.20,fixed,,price_page
T036,JINJJA Chicken,Large,S$3.90,Jinjja Chicken Sides,https://menuprices.sg/jinjja-chicken-singapore-menu/,,2026-08-03,Public web menu static snapshot,3.90,fixed,,price_page
T036,JINJJA Chicken,Rice,S$1.50,Jinjja Chicken Sides,https://menuprices.sg/jinjja-chicken-singapore-menu/,,2026-08-03,Public web menu static snapshot,1.50,fixed,,price_page
T036,JINJJA Chicken,Small,S$2.60,Jinjja Chicken Beverages,https://menuprices.sg/jinjja-chicken-singapore-menu/,,2026-08-03,Public web menu static snapshot,2.60,fixed,,price_page
T036,JINJJA Chicken,Large,S$3.20,Jinjja Chicken Beverages,https://menuprices.sg/jinjja-chicken-singapore-menu/,,2026-08-03,Public web menu static snapshot,3.20,fixed,,price_page
T036,JINJJA Chicken,Small,S$2.60,Jinjja Chicken Beverages,https://menuprices.sg/jinjja-chicken-singapore-menu/,,2026-08-03,Public web menu static snapshot,2.60,fixed,,price_page
T036,JINJJA Chicken,Large,S$3.20,Jinjja Chicken Beverages,https://menuprices.sg/jinjja-chicken-singapore-menu/,,2026-08-03,Public web menu static snapshot,3.20,fixed,,price_page
T036,JINJJA Chicken,Small,S$2.60,Jinjja Chicken Beverages,https://menuprices.sg/jinjja-chicken-singapore-menu/,,2026-08-03,Public web menu static snapshot,2.60,fixed,,price_page
T036,JINJJA Chicken,Large,S$3.20,Jinjja Chicken Beverages,https://menuprices.sg/jinjja-chicken-singapore-menu/,,2026-08-03,Public web menu static snapshot,3.20,fixed,,price_page
T036,JINJJA Chicken,Small,S$2.60,Jinjja Chicken Beverages,https://menuprices.sg/jinjja-chicken-singapore-menu/,,2026-08-03,Public web menu static snapshot,2.60,fixed,,price_page
T036,JINJJA Chicken,Large,S$3.20,Jinjja Chicken Beverages,https://menuprices.sg/jinjja-chicken-singapore-menu/,,2026-08-03,Public web menu static snapshot,3.20,fixed,,price_page
T036,JINJJA Chicken,Small,S$2.60,Jinjja Chicken Beverages,https://menuprices.sg/jinjja-chicken-singapore-menu/,,2026-08-03,Public web menu static snapshot,2.60,fixed,,price_page
T036,JINJJA Chicken,Large,S$3.20,Jinjja Chicken Beverages,https://menuprices.sg/jinjja-chicken-singapore-menu/,,2026-08-03,Public web menu static snapshot,3.20,fixed,,price_page
T036,JINJJA Chicken,Small,S$3.20,Jinjja Chicken Beverages,https://menuprices.sg/jinjja-chicken-singapore-menu/,,2026-08-03,Public web menu static snapshot,3.20,fixed,,price_page
T036,JINJJA Chicken,Large,S$4.00,Jinjja Chicken Beverages,https://menuprices.sg/jinjja-chicken-singapore-menu/,,2026-08-03,Public web menu static snapshot,4.00,fixed,,price_page
T042,4Fingers Crispy Chicken,,,,https://www.4fingers.com.sg/menu,,2026-08-03,needs_manual_review: no structured priced rows extracted,,,,official_menu
T042,4Fingers Crispy Chicken,6Pcs Wingettes & Drumettes Combo,S$ 14.20,4 Fingers Crispy Chicken Popular 2024 Price,https://menuprices.sg/4-fingers-singapore-menu/,,2026-08-03,Public web menu static snapshot,14.20,fixed,,price_page
T042,4Fingers Crispy Chicken,12 Pcs Wingettes & Drumettes A La Carte,S$ 21.80,4 Fingers Crispy Chicken Popular 2024 Price,https://menuprices.sg/4-fingers-singapore-menu/,,2026-08-03,Public web menu static snapshot,21.80,fixed,,price_page
T042,4Fingers Crispy Chicken,Extra Signature Mix Combo,S$ 15.40,4 Fingers Crispy Chicken Popular 2024 Price,https://menuprices.sg/4-fingers-singapore-menu/,,2026-08-03,Public web menu static snapshot,15.40,fixed,,price_page
T042,4Fingers Crispy Chicken,Drumsticks Rice Box Combo,S$ 12.90,4 Fingers Crispy Chicken Popular 2024 Price,https://menuprices.sg/4-fingers-singapore-menu/,,2026-08-03,Public web menu static snapshot,12.90,fixed,,price_page
T042,4Fingers Crispy Chicken,6 Pcs Wingettes & Drumettes A La Carte,S$ 12.20,4 Fingers Crispy Chicken Popular 2024 Price,https://menuprices.sg/4-fingers-singapore-menu/,,2026-08-03,Public web menu static snapshot,12.20,fixed,,price_page
T042,4Fingers Crispy Chicken,6Pcs Boneless Chicken Bites Combo,S$ 14.20,4 Fingers Crispy Chicken Popular 2024 Price,https://menuprices.sg/4-fingers-singapore-menu/,,2026-08-03,Public web menu static snapshot,14.20,fixed,,price_page
T042,4Fingers Crispy Chicken,BCB Regular Set,S$ 11.50,4 Fingers Crispy Chicken Surf & Turf 2024 Price,https://menuprices.sg/4-fingers-singapore-menu/,,2026-08-03,Public web menu static snapshot,11.50,fixed,,price_page
T042,4Fingers Crispy Chicken,W/D Regular Set,S$ 11.50,4 Fingers Crispy Chicken Surf & Turf 2024 Price,https://menuprices.sg/4-fingers-singapore-menu/,,2026-08-03,Public web menu static snapshot,11.50,fixed,,price_page
T042,4Fingers Crispy Chicken,Extra Set,S$ 12.90,4 Fingers Crispy Chicken Surf & Turf 2024 Price,https://menuprices.sg/4-fingers-singapore-menu/,,2026-08-03,Public web menu static snapshot,12.90,fixed,,price_page
T042,4Fingers Crispy Chicken,Buddy Meal Set,S$ 21.80,4 Fingers Crispy Chicken Surf & Turf 2024 Price,https://menuprices.sg/4-fingers-singapore-menu/,,2026-08-03,Public web menu static snapshot,21.80,fixed,,price_page
T042,4Fingers Crispy Chicken,Fortune Box,S$ 32.80,4 Fingers Crispy Chicken Surf & Turf 2024 Price,https://menuprices.sg/4-fingers-singapore-menu/,,2026-08-03,Public web menu static snapshot,32.80,fixed,,price_page
T042,4Fingers Crispy Chicken,Extra Signature Mix Combo,S$ 15.40,4 Fingers Crispy Chicken Signature Mix 2024 Price,https://menuprices.sg/4-fingers-singapore-menu/,,2026-08-03,Public web menu static snapshot,15.40,fixed,,price_page
T042,4Fingers Crispy Chicken,Regular Signature Mix Combo,S$ 14.20,4 Fingers Crispy Chicken Signature Mix 2024 Price,https://menuprices.sg/4-fingers-singapore-menu/,,2026-08-03,Public web menu static snapshot,14.20,fixed,,price_page
T042,4Fingers Crispy Chicken,2pax Signature Mix,S$ 22.70,4 Fingers Crispy Chicken Signature Mix 2024 Price,https://menuprices.sg/4-fingers-singapore-menu/,,2026-08-03,Public web menu static snapshot,22.70,fixed,,price_page
T042,4Fingers Crispy Chicken,4pax Signature Mix,S$ 45.90,4 Fingers Crispy Chicken Signature Mix 2024 Price,https://menuprices.sg/4-fingers-singapore-menu/,,2026-08-03,Public web menu static snapshot,45.90,fixed,,price_page
T042,4Fingers Crispy Chicken,Extra Signature Mix Ala Carte,S$ 13.50,4 Fingers Crispy Chicken Signature Mix 2024 Price,https://menuprices.sg/4-fingers-singapore-menu/,,2026-08-03,Public web menu static snapshot,13.50,fixed,,price_page
T042,4Fingers Crispy Chicken,Regular Signature Mix Ala Carte,S$ 11.35,4 Fingers Crispy Chicken Signature Mix 2024 Price,https://menuprices.sg/4-fingers-singapore-menu/,,2026-08-03,Public web menu static snapshot,11.35,fixed,,price_page
T042,4Fingers Crispy Chicken,Burger & Box Buddy Meal,S$ 22.70,4 Fingers Crispy Chicken Jawbreaker 2024 Price,https://menuprices.sg/4-fingers-singapore-menu/,,2026-08-03,Public web menu static snapshot,22.70,fixed,,price_page
T042,4Fingers Crispy Chicken,Chicc Crisps Combo,S$ 12.80,4 Fingers Crispy Chicken Jawbreaker 2024 Price,https://menuprices.sg/4-fingers-singapore-menu/,,2026-08-03,Public web menu static snapshot,12.80,fixed,,price_page
T042,4Fingers Crispy Chicken,Cheesy Stacks Combo,S$ 14.20,4 Fingers Crispy Chicken Jawbreaker 2024 Price,https://menuprices.sg/4-fingers-singapore-menu/,,2026-08-03,Public web menu static snapshot,14.20,fixed,,price_page
T042,4Fingers Crispy Chicken,Monster Tower Combo,S$ 15.30,4 Fingers Crispy Chicken Jawbreaker 2024 Price,https://menuprices.sg/4-fingers-singapore-menu/,,2026-08-03,Public web menu static snapshot,15.30,fixed,,price_page
T042,4Fingers Crispy Chicken,Chicc Crisps Ala Carte,S$ 11.40,4 Fingers Crispy Chicken Jawbreaker 2024 Price,https://menuprices.sg/4-fingers-singapore-menu/,,2026-08-03,Public web menu static snapshot,11.40,fixed,,price_page
T042,4Fingers Crispy Chicken,Cheesy Stacks Ala Carte,S$ 12.60,4 Fingers Crispy Chicken Jawbreaker 2024 Price,https://menuprices.sg/4-fingers-singapore-menu/,,2026-08-03,Public web menu static snapshot,12.60,fixed,,price_page
T042,4Fingers Crispy Chicken,Monster Tower Ala Carte,S$ 13.90,4 Fingers Crispy Chicken Jawbreaker 2024 Price,https://menuprices.sg/4-fingers-singapore-menu/,,2026-08-03,Public web menu static snapshot,13.90,fixed,,price_page
T042,4Fingers Crispy Chicken,Cheesy Loaded Fries & Mochi Bundle,S$ 6.00,4 Fingers Crispy Chicken Add On 2024 Price,https://menuprices.sg/4-fingers-singapore-menu/,,2026-08-03,Public web menu static snapshot,6.00,fixed,,price_page
T042,4Fingers Crispy Chicken,Cheese Chicken Thigh Tenders Maki Roll (Cheese),S$ 5.90,4 Fingers Crispy Chicken Add On 2024 Price,https://menuprices.sg/4-fingers-singapore-menu/,,2026-08-03,Public web menu static snapshot,5.90,fixed,,price_page
T042,4Fingers Crispy Chicken,Loaded Cheese Fries,S$ 5.60,4 Fingers Crispy Chicken Add On 2024 Price,https://menuprices.sg/4-fingers-singapore-menu/,,2026-08-03,Public web menu static snapshot,5.60,fixed,,price_page
T042,4Fingers Crispy Chicken,2x Mozarella Cheese Sticks,S$ 3.20,4 Fingers Crispy Chicken Add On 2024 Price,https://menuprices.sg/4-fingers-singapore-menu/,,2026-08-03,Public web menu static snapshot,3.20,fixed,,price_page
T042,4Fingers Crispy Chicken,Nacho Cheesy Maki,S$ 5.90,4 Fingers Crispy Chicken Add On 2024 Price,https://menuprices.sg/4-fingers-singapore-menu/,,2026-08-03,Public web menu static snapshot,5.90,fixed,,price_page
T042,4Fingers Crispy Chicken,Churros 8pcs,S$ 3.60,4 Fingers Crispy Chicken Dessert 2024 Price,https://menuprices.sg/4-fingers-singapore-menu/,,2026-08-03,Public web menu static snapshot,3.60,fixed,,price_page
T042,4Fingers Crispy Chicken,Bundle of 5 (Mochi),S$ 4.50,4 Fingers Crispy Chicken Dessert 2024 Price,https://menuprices.sg/4-fingers-singapore-menu/,,2026-08-03,Public web menu static snapshot,4.50,fixed,,price_page
T042,4Fingers Crispy Chicken,2 Pcs Mochi A La Carte,S$ 3.00,4 Fingers Crispy Chicken Dessert 2024 Price,https://menuprices.sg/4-fingers-singapore-menu/,,2026-08-03,Public web menu static snapshot,3.00,fixed,,price_page
T042,4Fingers Crispy Chicken,6Pcs Wingettes & Drumettes Combo,S$ 14.20,4 Fingers Crispy Chicken Signature Crispy Chicken 2024 Price,https://menuprices.sg/4-fingers-singapore-menu/,,2026-08-03,Public web menu static snapshot,14.20,fixed,,price_page
T042,4Fingers Crispy Chicken,12Pcs Wingettes & Drumettes Combo,S$ 26.20,4 Fingers Crispy Chicken Signature Crispy Chicken 2024 Price,https://menuprices.sg/4-fingers-singapore-menu/,,2026-08-03,Public web menu static snapshot,26.20,fixed,,price_page
T042,4Fingers Crispy Chicken,18Pcs Wingettes & Drumettes Combo,S$ 36.20,4 Fingers Crispy Chicken Signature Crispy Chicken 2024 Price,https://menuprices.sg/4-fingers-singapore-menu/,,2026-08-03,Public web menu static snapshot,36.20,fixed,,price_page
T042,4Fingers Crispy Chicken,3Pcs Drumsticks Combo,S$ 15.40,4 Fingers Crispy Chicken Signature Crispy Chicken 2024 Price,https://menuprices.sg/4-fingers-singapore-menu/,,2026-08-03,Public web menu static snapshot,15.40,fixed,,price_page
T042,4Fingers Crispy Chicken,6Pcs Drumsticks Combo,S$ 29.00,4 Fingers Crispy Chicken Signature Crispy Chicken 2024 Price,https://menuprices.sg/4-fingers-singapore-menu/,,2026-08-03,Public web menu static snapshot,29.00,fixed,,price_page
T042,4Fingers Crispy Chicken,9Pcs Drumsticks Combo,S$ 42.60,4 Fingers Crispy Chicken Signature Crispy Chicken 2024 Price,https://menuprices.sg/4-fingers-singapore-menu/,,2026-08-03,Public web menu static snapshot,42.60,fixed,,price_page
T042,4Fingers Crispy Chicken,1Pc Drumstick & 3Pcs Wingettes & Drumettes Combo,S$ 14.10,4 Fingers Crispy Chicken Signature Crispy Chicken 2024 Price,https://menuprices.sg/4-fingers-singapore-menu/,,2026-08-03,Public web menu static snapshot,14.10,fixed,,price_page
T042,4Fingers Crispy Chicken,6 Pcs Wingettes & Drumettes A La Carte,S$ 12.20,4 Fingers Crispy Chicken Signature Crispy Chicken 2024 Price,https://menuprices.sg/4-fingers-singapore-menu/,,2026-08-03,Public web menu static snapshot,12.20,fixed,,price_page
T042,4Fingers Crispy Chicken,12 Pcs Wingettes & Drumettes A La Carte,S$ 21.80,4 Fingers Crispy Chicken Signature Crispy Chicken 2024 Price,https://menuprices.sg/4-fingers-singapore-menu/,,2026-08-03,Public web menu static snapshot,21.80,fixed,,price_page
T042,4Fingers Crispy Chicken,18 Pcs Wingettes & Drumettes A La Carte,S$ 29.50,4 Fingers Crispy Chicken Signature Crispy Chicken 2024 Price,https://menuprices.sg/4-fingers-singapore-menu/,,2026-08-03,Public web menu static snapshot,29.50,fixed,,price_page
T042,4Fingers Crispy Chicken,3 Pcs Drumsticks A La Carte,S$ 12.60,4 Fingers Crispy Chicken Signature Crispy Chicken 2024 Price,https://menuprices.sg/4-fingers-singapore-menu/,,2026-08-03,Public web menu static snapshot,12.60,fixed,,price_page
T042,4Fingers Crispy Chicken,6 Pcs Drumsticks A La Carte,S$ 23.40,4 Fingers Crispy Chicken Signature Crispy Chicken 2024 Price,https://menuprices.sg/4-fingers-singapore-menu/,,2026-08-03,Public web menu static snapshot,23.40,fixed,,price_page
T042,4Fingers Crispy Chicken,9 Pcs Drumsticks A La Carte,S$ 34.30,4 Fingers Crispy Chicken Signature Crispy Chicken 2024 Price,https://menuprices.sg/4-fingers-singapore-menu/,,2026-08-03,Public web menu static snapshot,34.30,fixed,,price_page
T042,4Fingers Crispy Chicken,1Pc Drumstick &3Pcs Wingettes & Drumettes AlaCarte,S$ 11.40,4 Fingers Crispy Chicken Signature Crispy Chicken 2024 Price,https://menuprices.sg/4-fingers-singapore-menu/,,2026-08-03,Public web menu static snapshot,11.40,fixed,,price_page
T042,4Fingers Crispy Chicken,50 Pcs Wingettes & Drumettes A La Carte,S$ 71.10,4 Fingers Crispy Chicken Signature Crispy Chicken 2024 Price,https://menuprices.sg/4-fingers-singapore-menu/,,2026-08-03,Public web menu static snapshot,71.10,fixed,,price_page
T042,4Fingers Crispy Chicken,100 Pcs Wingettes & Drumettes A La Carte,S$ 134.10,4 Fingers Crispy Chicken Signature Crispy Chicken 2024 Price,https://menuprices.sg/4-fingers-singapore-menu/,,2026-08-03,Public web menu static snapshot,134.10,fixed,,price_page
T042,4Fingers Crispy Chicken,150 Pcs Wingettes & Drumettes A La Carte,S$ 185.60,4 Fingers Crispy Chicken Signature Crispy Chicken 2024 Price,https://menuprices.sg/4-fingers-singapore-menu/,,2026-08-03,Public web menu static snapshot,185.60,fixed,,price_page
T042,4Fingers Crispy Chicken,6Pcs Boneless Chicken Bites Combo,S$ 14.20,4 Fingers Crispy Chicken Boneless Chicken Bites 2024 Price,https://menuprices.sg/4-fingers-singapore-menu/,,2026-08-03,Public web menu static snapshot,14.20,fixed,,price_page
T042,4Fingers Crispy Chicken,12Pcs Boneless Chicken Bites Combo,S$ 26.20,4 Fingers Crispy Chicken Boneless Chicken Bites 2024 Price,https://menuprices.sg/4-fingers-singapore-menu/,,2026-08-03,Public web menu static snapshot,26.20,fixed,,price_page
T042,4Fingers Crispy Chicken,18Pcs Boneless Chicken Bites Combo,S$ 36.20,4 Fingers Crispy Chicken Boneless Chicken Bites 2024 Price,https://menuprices.sg/4-fingers-singapore-menu/,,2026-08-03,Public web menu static snapshot,36.20,fixed,,price_page
T042,4Fingers Crispy Chicken,6 Pcs Boneless Chicken Bites A La Carte,S$ 12.20,4 Fingers Crispy Chicken Boneless Chicken Bites 2024 Price,https://menuprices.sg/4-fingers-singapore-menu/,,2026-08-03,Public web menu static snapshot,12.20,fixed,,price_page
T042,4Fingers Crispy Chicken,12 Pcs Boneless Chicken Bites A La Carte,S$ 21.80,4 Fingers Crispy Chicken Boneless Chicken Bites 2024 Price,https://menuprices.sg/4-fingers-singapore-menu/,,2026-08-03,Public web menu static snapshot,21.80,fixed,,price_page
T042,4Fingers Crispy Chicken,18 Pcs Boneless Chicken Bites A La Carte,S$ 29.50,4 Fingers Crispy Chicken Boneless Chicken Bites 2024 Price,https://menuprices.sg/4-fingers-singapore-menu/,,2026-08-03,Public web menu static snapshot,29.50,fixed,,price_page
T042,4Fingers Crispy Chicken,Wings Rice Box Combo,S$ 12.90,4 Fingers Crispy Chicken Rice Box 2024 Price,https://menuprices.sg/4-fingers-singapore-menu/,,2026-08-03,Public web menu static snapshot,12.90,fixed,,price_page
T042,4Fingers Crispy Chicken,Drumsticks Rice Box Combo,S$ 12.90,4 Fingers Crispy Chicken Rice Box 2024 Price,https://menuprices.sg/4-fingers-singapore-menu/,,2026-08-03,Public web menu static snapshot,12.90,fixed,,price_page
T042,4Fingers Crispy Chicken,Crispy Shrimp Fry & Calamari Rice Box Combo,S$ 16.50,4 Fingers Crispy Chicken Rice Box 2024 Price,https://menuprices.sg/4-fingers-singapore-menu/,,2026-08-03,Public web menu static snapshot,16.50,fixed,,price_page
T042,4Fingers Crispy Chicken,Tofu Rice Box Combo,S$ 10.40,4 Fingers Crispy Chicken Rice Box 2024 Price,https://menuprices.sg/4-fingers-singapore-menu/,,2026-08-03,Public web menu static snapshot,10.40,fixed,,price_page
T042,4Fingers Crispy Chicken,Wings Rice Box A La Carte,S$ 11.40,4 Fingers Crispy Chicken Rice Box 2024 Price,https://menuprices.sg/4-fingers-singapore-menu/,,2026-08-03,Public web menu static snapshot,11.40,fixed,,price_page
T042,4Fingers Crispy Chicken,Drumstick Rice Box A La Carte,S$ 11.40,4 Fingers Crispy Chicken Rice Box 2024 Price,https://menuprices.sg/4-fingers-singapore-menu/,,2026-08-03,Public web menu static snapshot,11.40,fixed,,price_page
T042,4Fingers Crispy Chicken,Crispy Shrimp Fry & Calamari Rice Box Ala Carte,S$ 16.20,4 Fingers Crispy Chicken Rice Box 2024 Price,https://menuprices.sg/4-fingers-singapore-menu/,,2026-08-03,Public web menu static snapshot,16.20,fixed,,price_page
T042,4Fingers Crispy Chicken,Tofu Rice Box A La Carte,S$ 8.90,4 Fingers Crispy Chicken Rice Box 2024 Price,https://menuprices.sg/4-fingers-singapore-menu/,,2026-08-03,Public web menu static snapshot,8.90,fixed,,price_page
T042,4Fingers Crispy Chicken,7pcs Chick N’ Seafood Combo,S$ 16.70,4 Fingers Crispy Chicken Chick & Seafood 2024 Price,https://menuprices.sg/4-fingers-singapore-menu/,,2026-08-03,Public web menu static snapshot,16.70,fixed,,price_page
T042,4Fingers Crispy Chicken,14 pcs Chick N’ Seafood Combo,S$ 29.80,4 Fingers Crispy Chicken Chick & Seafood 2024 Price,https://menuprices.sg/4-fingers-singapore-menu/,,2026-08-03,Public web menu static snapshot,29.80,fixed,,price_page
T042,4Fingers Crispy Chicken,21 pcs Chick N’ Seafood Combo,S$ 41.90,4 Fingers Crispy Chicken Chick & Seafood 2024 Price,https://menuprices.sg/4-fingers-singapore-menu/,,2026-08-03,Public web menu static snapshot,41.90,fixed,,price_page
T042,4Fingers Crispy Chicken,Crispy Calamari Combo,S$ 13.50,4 Fingers Crispy Chicken Chick & Seafood 2024 Price,https://menuprices.sg/4-fingers-singapore-menu/,,2026-08-03,Public web menu static snapshot,13.50,fixed,,price_page
T042,4Fingers Crispy Chicken,Crispy Shrimp Fry Combo,S$ 13.50,4 Fingers Crispy Chicken Chick & Seafood 2024 Price,https://menuprices.sg/4-fingers-singapore-menu/,,2026-08-03,Public web menu static snapshot,13.50,fixed,,price_page
T042,4Fingers Crispy Chicken,Crispy Shrimp Fry & Calamari Combo,S$ 13.90,4 Fingers Crispy Chicken Chick & Seafood 2024 Price,https://menuprices.sg/4-fingers-singapore-menu/,,2026-08-03,Public web menu static snapshot,13.90,fixed,,price_page
T042,4Fingers Crispy Chicken,7pcs Chick N’ Seafood Ala Carte,S$ 14.40,4 Fingers Crispy Chicken Chick & Seafood 2024 Price,https://menuprices.sg/4-fingers-singapore-menu/,,2026-08-03,Public web menu static snapshot,14.40,fixed,,price_page
T042,4Fingers Crispy Chicken,14 pcs Chick N’ Seafood Ala Carte,S$ 28.20,4 Fingers Crispy Chicken Chick & Seafood 2024 Price,https://menuprices.sg/4-fingers-singapore-menu/,,2026-08-03,Public web menu static snapshot,28.20,fixed,,price_page
T042,4Fingers Crispy Chicken,21 pcs Chick N’ Seafood Ala Carte,S$ 40.80,4 Fingers Crispy Chicken Chick & Seafood 2024 Price,https://menuprices.sg/4-fingers-singapore-menu/,,2026-08-03,Public web menu static snapshot,40.80,fixed,,price_page
T042,4Fingers Crispy Chicken,Crispy Calamari Ala Carte,S$ 10.70,4 Fingers Crispy Chicken Chick & Seafood 2024 Price,https://menuprices.sg/4-fingers-singapore-menu/,,2026-08-03,Public web menu static snapshot,10.70,fixed,,price_page
T042,4Fingers Crispy Chicken,Crispy Shrimp Fry Ala Carte,S$ 10.70,4 Fingers Crispy Chicken Chick & Seafood 2024 Price,https://menuprices.sg/4-fingers-singapore-menu/,,2026-08-03,Public web menu static snapshot,10.70,fixed,,price_page
T042,4Fingers Crispy Chicken,Crispy Shrimp Fry & Calamari Ala Carte,S$ 11.90,4 Fingers Crispy Chicken Chick & Seafood 2024 Price,https://menuprices.sg/4-fingers-singapore-menu/,,2026-08-03,Public web menu static snapshot,11.90,fixed,,price_page
T042,4Fingers Crispy Chicken,Chicken Katsu Salad Combo,S$ 13.90,4 Fingers Crispy Chicken Salad 2024 Price,https://menuprices.sg/4-fingers-singapore-menu/,,2026-08-03,Public web menu static snapshot,13.90,fixed,,price_page
T042,4Fingers Crispy Chicken,Tofu Salad Combo,S$ 13.30,4 Fingers Crispy Chicken Salad 2024 Price,https://menuprices.sg/4-fingers-singapore-menu/,,2026-08-03,Public web menu static snapshot,13.30,fixed,,price_page
T042,4Fingers Crispy Chicken,Chicken Katsu Salad A La Carte,S$ 12.10,4 Fingers Crispy Chicken Salad 2024 Price,https://menuprices.sg/4-fingers-singapore-menu/,,2026-08-03,Public web menu static snapshot,12.10,fixed,,price_page
T042,4Fingers Crispy Chicken,Tofu Salad A La Carte,S$ 10.10,4 Fingers Crispy Chicken Salad 2024 Price,https://menuprices.sg/4-fingers-singapore-menu/,,2026-08-03,Public web menu static snapshot,10.10,fixed,,price_page
T042,4Fingers Crispy Chicken,Kimslaw,S$ 4.50,4 Fingers Crispy Chicken Sides 2024 Price,https://menuprices.sg/4-fingers-singapore-menu/,,2026-08-03,Public web menu static snapshot,4.50,fixed,,price_page
T042,4Fingers Crispy Chicken,Kimchi Fries (Small),S$ 3.70,4 Fingers Crispy Chicken Sides 2024 Price,https://menuprices.sg/4-fingers-singapore-menu/,,2026-08-03,Public web menu static snapshot,3.70,fixed,,price_page
T042,4Fingers Crispy Chicken,Seaweed Fries (Small),S$ 3.70,4 Fingers Crispy Chicken Sides 2024 Price,https://menuprices.sg/4-fingers-singapore-menu/,,2026-08-03,Public web menu static snapshot,3.70,fixed,,price_page
T042,4Fingers Crispy Chicken,Plain Fries (Small),S$ 3.70,4 Fingers Crispy Chicken Sides 2024 Price,https://menuprices.sg/4-fingers-singapore-menu/,,2026-08-03,Public web menu static snapshot,3.70,fixed,,price_page
T042,4Fingers Crispy Chicken,Japanese Rice With Teriyaki Sauce,S$ 2.90,4 Fingers Crispy Chicken Sides 2024 Price,https://menuprices.sg/4-fingers-singapore-menu/,,2026-08-03,Public web menu static snapshot,2.90,fixed,,price_page
T042,4Fingers Crispy Chicken,Coke,S$ 3.40,4 Fingers Crispy Chicken Drinks 2024 Price,https://menuprices.sg/4-fingers-singapore-menu/,,2026-08-03,Public web menu static snapshot,3.40,fixed,,price_page
T042,4Fingers Crispy Chicken,Coke Zero,S$ 3.40,4 Fingers Crispy Chicken Drinks 2024 Price,https://menuprices.sg/4-fingers-singapore-menu/,,2026-08-03,Public web menu static snapshot,3.40,fixed,,price_page
T042,4Fingers Crispy Chicken,Ice Lemon Tea,S$ 3.70,4 Fingers Crispy Chicken Drinks 2024 Price,https://menuprices.sg/4-fingers-singapore-menu/,,2026-08-03,Public web menu static snapshot,3.70,fixed,,price_page
T042,4Fingers Crispy Chicken,Dasani Water,S$ 2.80,4 Fingers Crispy Chicken Drinks 2024 Price,https://menuprices.sg/4-fingers-singapore-menu/,,2026-08-03,Public web menu static snapshot,2.80,fixed,,price_page
T042,4Fingers Crispy Chicken,Cocomax Original,S$ 5.10,4 Fingers Crispy Chicken Drinks 2024 Price,https://menuprices.sg/4-fingers-singapore-menu/,,2026-08-03,Public web menu static snapshot,5.10,fixed,,price_page
T042,4Fingers Crispy Chicken,6 pcs Wingettes & Drumettes (Combo),S$ 13.60,4 Fingers Crispy Chicken Popular,https://menuprices.sg/4-fingers-singapore-menu/,,2026-08-03,Public web menu static snapshot,13.60,fixed,,price_page
T042,4Fingers Crispy Chicken,Mozarella Cheese Sticks,S$ 2.60,4 Fingers Crispy Chicken Popular,https://menuprices.sg/4-fingers-singapore-menu/,,2026-08-03,Public web menu static snapshot,2.60,fixed,,price_page
T042,4Fingers Crispy Chicken,Extra Signature Mix Combo,S$ 14.50,4 Fingers Crispy Chicken Popular,https://menuprices.sg/4-fingers-singapore-menu/,,2026-08-03,Public web menu static snapshot,14.50,fixed,,price_page
T042,4Fingers Crispy Chicken,Cheese Chicken Thigh Tenders Maki Roll (Cheese),S$ 5.90,4 Fingers Crispy Chicken Popular,https://menuprices.sg/4-fingers-singapore-menu/,,2026-08-03,Public web menu static snapshot,5.90,fixed,,price_page
T042,4Fingers Crispy Chicken,12 Pcs Wingettes & Drumettes A La Carte,S$ 19.80,4 Fingers Crispy Chicken Popular,https://menuprices.sg/4-fingers-singapore-menu/,,2026-08-03,Public web menu static snapshot,19.80,fixed,,price_page
T042,4Fingers Crispy Chicken,18 pcs Wingettes & Drumettes (Ala Carte),S$ 26.80,4 Fingers Crispy Chicken Popular,https://menuprices.sg/4-fingers-singapore-menu/,,2026-08-03,Public web menu static snapshot,26.80,fixed,,price_page
T042,4Fingers Crispy Chicken,Extra Signature Mix Combo,S$14.50,4 Fingers Crispy Chicken Signature Mix,https://menuprices.sg/4-fingers-singapore-menu/,,2026-08-03,Public web menu static snapshot,14.50,fixed,,price_page
T042,4Fingers Crispy Chicken,Regular Signature Mix Combo,S$12.35,4 Fingers Crispy Chicken Signature Mix,https://menuprices.sg/4-fingers-singapore-menu/,,2026-08-03,Public web menu static snapshot,12.35,fixed,,price_page
T042,4Fingers Crispy Chicken,2pax Signature Mix,S$20.95,4 Fingers Crispy Chicken Signature Mix,https://menuprices.sg/4-fingers-singapore-menu/,,2026-08-03,Public web menu static snapshot,20.95,fixed,,price_page
T042,4Fingers Crispy Chicken,4pax Signature Mix,S$42.90,4 Fingers Crispy Chicken Signature Mix,https://menuprices.sg/4-fingers-singapore-menu/,,2026-08-03,Public web menu static snapshot,42.90,fixed,,price_page
T042,4Fingers Crispy Chicken,Extra Signature Mix Ala Carte,S$13.00,4 Fingers Crispy Chicken Signature Mix,https://menuprices.sg/4-fingers-singapore-menu/,,2026-08-03,Public web menu static snapshot,13.00,fixed,,price_page
T042,4Fingers Crispy Chicken,Regular Signature Mix Ala Carte,S$10.85,4 Fingers Crispy Chicken Signature Mix,https://menuprices.sg/4-fingers-singapore-menu/,,2026-08-03,Public web menu static snapshot,10.85,fixed,,price_page
T042,4Fingers Crispy Chicken,7pcs Chick N’ Seafood Combo,S$ 14.45,4 Fingers Crispy Chick N’ Seafood,https://menuprices.sg/4-fingers-singapore-menu/,,2026-08-03,Public web menu static snapshot,14.45,fixed,,price_page
T042,4Fingers Crispy Chicken,14 pcs Chick N’ Seafood Combo,S$ 25.95,4 Fingers Crispy Chick N’ Seafood,https://menuprices.sg/4-fingers-singapore-menu/,,2026-08-03,Public web menu static snapshot,25.95,fixed,,price_page
T042,4Fingers Crispy Chicken,21 pcs Chick N’ Seafood Combo,S$ 36.45,4 Fingers Crispy Chick N’ Seafood,https://menuprices.sg/4-fingers-singapore-menu/,,2026-08-03,Public web menu static snapshot,36.45,fixed,,price_page
T042,4Fingers Crispy Chicken,7pcs Chick N’ Seafood Ala Carte,S$ 12.95,4 Fingers Crispy Chick N’ Seafood,https://menuprices.sg/4-fingers-singapore-menu/,,2026-08-03,Public web menu static snapshot,12.95,fixed,,price_page
T042,4Fingers Crispy Chicken,14 pcs Chick N’ Seafood Ala Carte,S$ 24.45,4 Fingers Crispy Chick N’ Seafood,https://menuprices.sg/4-fingers-singapore-menu/,,2026-08-03,Public web menu static snapshot,24.45,fixed,,price_page
T042,4Fingers Crispy Chicken,21 pcs Chick N’ Seafood Ala Carte,S$ 34.95,4 Fingers Crispy Chick N’ Seafood,https://menuprices.sg/4-fingers-singapore-menu/,,2026-08-03,Public web menu static snapshot,34.95,fixed,,price_page
T042,4Fingers Crispy Chicken,Burger & Box Buddy Meal,S$ 23.40,4 Fingers Crispy Jawbreaker,https://menuprices.sg/4-fingers-singapore-menu/,,2026-08-03,Public web menu static snapshot,23.40,fixed,,price_page
T042,4Fingers Crispy Chicken,Chicc Crisps Combo,S$ 12.30,4 Fingers Crispy Jawbreaker,https://menuprices.sg/4-fingers-singapore-menu/,,2026-08-03,Public web menu static snapshot,12.30,fixed,,price_page
T042,4Fingers Crispy Chicken,Cheesy Stacks Combo,S$ 13.50,4 Fingers Crispy Jawbreaker,https://menuprices.sg/4-fingers-singapore-menu/,,2026-08-03,Public web menu static snapshot,13.50,fixed,,price_page
T042,4Fingers Crispy Chicken,Monster Tower Combo,S$ 14.80,4 Fingers Crispy Jawbreaker,https://menuprices.sg/4-fingers-singapore-menu/,,2026-08-03,Public web menu static snapshot,14.80,fixed,,price_page
T042,4Fingers Crispy Chicken,Chicc Crisps Ala Carte,S$ 10.90,4 Fingers Crispy Jawbreaker,https://menuprices.sg/4-fingers-singapore-menu/,,2026-08-03,Public web menu static snapshot,10.90,fixed,,price_page
T042,4Fingers Crispy Chicken,Cheesy Stacks Ala Carte,S$ 12.10,4 Fingers Crispy Jawbreaker,https://menuprices.sg/4-fingers-singapore-menu/,,2026-08-03,Public web menu static snapshot,12.10,fixed,,price_page
T042,4Fingers Crispy Chicken,Monster Tower Ala Carte,S$ 13.40,4 Fingers Crispy Jawbreaker,https://menuprices.sg/4-fingers-singapore-menu/,,2026-08-03,Public web menu static snapshot,13.40,fixed,,price_page
T042,4Fingers Crispy Chicken,Jaw Breaker Feast,S$ 34.70,4 Fingers Crispy Jawbreaker,https://menuprices.sg/4-fingers-singapore-menu/,,2026-08-03,Public web menu static snapshot,34.70,fixed,,price_page
T042,4Fingers Crispy Chicken,Cheese Chicken Thigh Tenders Maki Roll (Cheese),S$ 5.90,4 Fingers Crispy Chicken Promotions,https://menuprices.sg/4-fingers-singapore-menu/,,2026-08-03,Public web menu static snapshot,5.90,fixed,,price_page
T042,4Fingers Crispy Chicken,Spicy Korean Loaded Fries,S$ 5.80,4 Fingers Crispy Chicken Promotions,https://menuprices.sg/4-fingers-singapore-menu/,,2026-08-03,Public web menu static snapshot,5.80,fixed,,price_page
T042,4Fingers Crispy Chicken,Loaded Cheese Fries,S$ 5.10,4 Fingers Crispy Chicken Promotions,https://menuprices.sg/4-fingers-singapore-menu/,,2026-08-03,Public web menu static snapshot,5.10,fixed,,price_page
T042,4Fingers Crispy Chicken,Mozarella Cheese Sticks,S$ 2.60,4 Fingers Crispy Chicken Promotions,https://menuprices.sg/4-fingers-singapore-menu/,,2026-08-03,Public web menu static snapshot,2.60,fixed,,price_page
T042,4Fingers Crispy Chicken,Choco Katsu Bun,S$ 2.50,4 Fingers Crispy Chicken Promotions,https://menuprices.sg/4-fingers-singapore-menu/,,2026-08-03,Public web menu static snapshot,2.50,fixed,,price_page
T042,4Fingers Crispy Chicken,6 pcs Wingettes & Drumettes (Combo),S$13.60,4 Fingers Crispy Chicken Signature Crispy Chicken,https://menuprices.sg/4-fingers-singapore-menu/,,2026-08-03,Public web menu static snapshot,13.60,fixed,,price_page
T042,4Fingers Crispy Chicken,12 pcs Wingettes & Drumettes (Combo),S$ 25.40,4 Fingers Crispy Chicken Signature Crispy Chicken,https://menuprices.sg/4-fingers-singapore-menu/,,2026-08-03,Public web menu static snapshot,25.40,fixed,,price_page
T042,4Fingers Crispy Chicken,18 pcs Wingettes & Drumettes (Combo),S$ 35.30,4 Fingers Crispy Chicken Signature Crispy Chicken,https://menuprices.sg/4-fingers-singapore-menu/,,2026-08-03,Public web menu static snapshot,35.30,fixed,,price_page
T042,4Fingers Crispy Chicken,3 pcs Drumsticks (Combo),S$ 14.90,4 Fingers Crispy Chicken Signature Crispy Chicken,https://menuprices.sg/4-fingers-singapore-menu/,,2026-08-03,Public web menu static snapshot,14.90,fixed,,price_page
T042,4Fingers Crispy Chicken,6 pcs Drumsticks (Combo),S$ 28.50,4 Fingers Crispy Chicken Signature Crispy Chicken,https://menuprices.sg/4-fingers-singapore-menu/,,2026-08-03,Public web menu static snapshot,28.50,fixed,,price_page
T042,4Fingers Crispy Chicken,9 pcs Drumsticks (Combo),S$ 42.10,4 Fingers Crispy Chicken Signature Crispy Chicken,https://menuprices.sg/4-fingers-singapore-menu/,,2026-08-03,Public web menu static snapshot,42.10,fixed,,price_page
T042,4Fingers Crispy Chicken,1 pc Drumsticks & 3 pcs Wings (Combo),S$ 13.60,4 Fingers Crispy Chicken Signature Crispy Chicken,https://menuprices.sg/4-fingers-singapore-menu/,,2026-08-03,Public web menu static snapshot,13.60,fixed,,price_page
T042,4Fingers Crispy Chicken,6 pcs Wingettes & Drumettes (Ala Carte),S$ 10.90,4 Fingers Crispy Chicken Signature Crispy Chicken,https://menuprices.sg/4-fingers-singapore-menu/,,2026-08-03,Public web menu static snapshot,10.90,fixed,,price_page
T042,4Fingers Crispy Chicken,12 pcs Wingettes & Drumettes (Ala Carte),S$ 19.80,4 Fingers Crispy Chicken Signature Crispy Chicken,https://menuprices.sg/4-fingers-singapore-menu/,,2026-08-03,Public web menu static snapshot,19.80,fixed,,price_page
T042,4Fingers Crispy Chicken,18 pcs Wingettes & Drumettes (Ala Carte),S$ 26.80,4 Fingers Crispy Chicken Signature Crispy Chicken,https://menuprices.sg/4-fingers-singapore-menu/,,2026-08-03,Public web menu static snapshot,26.80,fixed,,price_page
T042,4Fingers Crispy Chicken,3 pcs Drumsticks (Ala Carte),S$ 12.10,4 Fingers Crispy Chicken Signature Crispy Chicken,https://menuprices.sg/4-fingers-singapore-menu/,,2026-08-03,Public web menu static snapshot,12.10,fixed,,price_page
T042,4Fingers Crispy Chicken,6 pcs Drumsticks (Ala Carte),S$ 22.90,4 Fingers Crispy Chicken Signature Crispy Chicken,https://menuprices.sg/4-fingers-singapore-menu/,,2026-08-03,Public web menu static snapshot,22.90,fixed,,price_page
T042,4Fingers Crispy Chicken,9 pcs Drumsticks (Ala Carte),S$ 33.80,4 Fingers Crispy Chicken Signature Crispy Chicken,https://menuprices.sg/4-fingers-singapore-menu/,,2026-08-03,Public web menu static snapshot,33.80,fixed,,price_page
T042,4Fingers Crispy Chicken,1 pc Drumsticks & 3 pcs Wings (Ala Carte),S$ 10.90,4 Fingers Crispy Chicken Signature Crispy Chicken,https://menuprices.sg/4-fingers-singapore-menu/,,2026-08-03,Public web menu static snapshot,10.90,fixed,,price_page
T042,4Fingers Crispy Chicken,50 pcs Wingettes & Drumettes (Ala Carte),S$ 70.60,4 Fingers Crispy Chicken Signature Crispy Chicken,https://menuprices.sg/4-fingers-singapore-menu/,,2026-08-03,Public web menu static snapshot,70.60,fixed,,price_page
T042,4Fingers Crispy Chicken,100 pcs Wingettes & Drumettes (Ala Carte),S$ 133.60,4 Fingers Crispy Chicken Signature Crispy Chicken,https://menuprices.sg/4-fingers-singapore-menu/,,2026-08-03,Public web menu static snapshot,133.60,fixed,,price_page
T042,4Fingers Crispy Chicken,150 pcs Wingettes & Drumettes (Ala Carte),S$ 185.10,4 Fingers Crispy Chicken Signature Crispy Chicken,https://menuprices.sg/4-fingers-singapore-menu/,,2026-08-03,Public web menu static snapshot,185.10,fixed,,price_page
T042,4Fingers Crispy Chicken,6 pcs Boneless Chicken Bites (Combo),S$ 13.60,4 Fingers Crispy Boneless Chicken Bites,https://menuprices.sg/4-fingers-singapore-menu/,,2026-08-03,Public web menu static snapshot,13.60,fixed,,price_page
T042,4Fingers Crispy Chicken,12 pcs Boneless Chicken Bites (Combo),S$ 25.40,4 Fingers Crispy Boneless Chicken Bites,https://menuprices.sg/4-fingers-singapore-menu/,,2026-08-03,Public web menu static snapshot,25.40,fixed,,price_page
T042,4Fingers Crispy Chicken,18 pcs Boneless Chicken Bites (Combo),S$ 35.30,4 Fingers Crispy Boneless Chicken Bites,https://menuprices.sg/4-fingers-singapore-menu/,,2026-08-03,Public web menu static snapshot,35.30,fixed,,price_page
T042,4Fingers Crispy Chicken,6 pcs Boneless Chicken Bites (Ala Carte),S$ 10.90,4 Fingers Crispy Boneless Chicken Bites,https://menuprices.sg/4-fingers-singapore-menu/,,2026-08-03,Public web menu static snapshot,10.90,fixed,,price_page
T042,4Fingers Crispy Chicken,12 pcs Boneless Chicken Bites (Ala Carte),S$ 19.80,4 Fingers Crispy Boneless Chicken Bites,https://menuprices.sg/4-fingers-singapore-menu/,,2026-08-03,Public web menu static snapshot,19.80,fixed,,price_page
T042,4Fingers Crispy Chicken,18 pcs Boneless Chicken Bites (Ala Carte),S$ 26.80,4 Fingers Crispy Boneless Chicken Bites,https://menuprices.sg/4-fingers-singapore-menu/,,2026-08-03,Public web menu static snapshot,26.80,fixed,,price_page
T042,4Fingers Crispy Chicken,Crispy Calamari Combo,S$13.00,4 Fingers Crispy Chicken Seafood,https://menuprices.sg/4-fingers-singapore-menu/,,2026-08-03,Public web menu static snapshot,13.00,fixed,,price_page
T042,4Fingers Crispy Chicken,Crispy Shrimp Fry Combo,S$13.00,4 Fingers Crispy Chicken Seafood,https://menuprices.sg/4-fingers-singapore-menu/,,2026-08-03,Public web menu static snapshot,13.00,fixed,,price_page
T042,4Fingers Crispy Chicken,Crispy Shrimp Fry & Calamari Combo,S$13.00,4 Fingers Crispy Chicken Seafood,https://menuprices.sg/4-fingers-singapore-menu/,,2026-08-03,Public web menu static snapshot,13.00,fixed,,price_page
T042,4Fingers Crispy Chicken,Crispy Calamari Ala Carte,S$10.20,4 Fingers Crispy Chicken Seafood,https://menuprices.sg/4-fingers-singapore-menu/,,2026-08-03,Public web menu static snapshot,10.20,fixed,,price_page
T042,4Fingers Crispy Chicken,Crispy Shrimp Fry Ala Carte,S$10.20,4 Fingers Crispy Chicken Seafood,https://menuprices.sg/4-fingers-singapore-menu/,,2026-08-03,Public web menu static snapshot,10.20,fixed,,price_page
T042,4Fingers Crispy Chicken,Crispy Shrimp Fry & Calamari Ala Carte,S$10.20,4 Fingers Crispy Chicken Seafood,https://menuprices.sg/4-fingers-singapore-menu/,,2026-08-03,Public web menu static snapshot,10.20,fixed,,price_page
T042,4Fingers Crispy Chicken,Chicken Katsu Salad (Combo),S$13.40,4 Fingers Crispy Chicken Salads,https://menuprices.sg/4-fingers-singapore-menu/,,2026-08-03,Public web menu static snapshot,13.40,fixed,,price_page
T042,4Fingers Crispy Chicken,Tofu Salad (Combo),S$12.80,4 Fingers Crispy Chicken Salads,https://menuprices.sg/4-fingers-singapore-menu/,,2026-08-03,Public web menu static snapshot,12.80,fixed,,price_page
T042,4Fingers Crispy Chicken,Chicken Katsu Salad (Ala Carte),S$ 10.20,4 Fingers Crispy Chicken Salads,https://menuprices.sg/4-fingers-singapore-menu/,,2026-08-03,Public web menu static snapshot,10.20,fixed,,price_page
T042,4Fingers Crispy Chicken,Tofu Salad (Ala Carte),S$ 9.60,4 Fingers Crispy Chicken Salads,https://menuprices.sg/4-fingers-singapore-menu/,,2026-08-03,Public web menu static snapshot,9.60,fixed,,price_page
T042,4Fingers Crispy Chicken,Kimslaw,S$ 4.50,4 Fingers Crispy Chicken Sides,https://menuprices.sg/4-fingers-singapore-menu/,,2026-08-03,Public web menu static snapshot,4.50,fixed,,price_page
T042,4Fingers Crispy Chicken,Kimchi Fries – S,S$ 3.20,4 Fingers Crispy Chicken Sides,https://menuprices.sg/4-fingers-singapore-menu/,,2026-08-03,Public web menu static snapshot,3.20,fixed,,price_page
T042,4Fingers Crispy Chicken,Seaweed Fries – S,S$ 3.20,4 Fingers Crispy Chicken Sides,https://menuprices.sg/4-fingers-singapore-menu/,,2026-08-03,Public web menu static snapshot,3.20,fixed,,price_page
T042,4Fingers Crispy Chicken,Plain Fries – S,S$ 3.20,4 Fingers Crispy Chicken Sides,https://menuprices.sg/4-fingers-singapore-menu/,,2026-08-03,Public web menu static snapshot,3.20,fixed,,price_page
T042,4Fingers Crispy Chicken,Japanese Rice,S$ 2.10,4 Fingers Crispy Chicken Sides,https://menuprices.sg/4-fingers-singapore-menu/,,2026-08-03,Public web menu static snapshot,2.10,fixed,,price_page
T042,4Fingers Crispy Chicken,Japanese Rice with Teriyaki Sauce,S$ 2.50,4 Fingers Crispy Chicken Sides,https://menuprices.sg/4-fingers-singapore-menu/,,2026-08-03,Public web menu static snapshot,2.50,fixed,,price_page
T042,4Fingers Crispy Chicken,Coke Can,S$ 2.90,4 Fingers Crispy Chicken Drinks,https://menuprices.sg/4-fingers-singapore-menu/,,2026-08-03,Public web menu static snapshot,2.90,fixed,,price_page
T042,4Fingers Crispy Chicken,Coke Zero Can,S$ 2.90,4 Fingers Crispy Chicken Drinks,https://menuprices.sg/4-fingers-singapore-menu/,,2026-08-03,Public web menu static snapshot,2.90,fixed,,price_page
T042,4Fingers Crispy Chicken,Ice Lemon Tea Can,S$ 3.20,4 Fingers Crispy Chicken Drinks,https://menuprices.sg/4-fingers-singapore-menu/,,2026-08-03,Public web menu static snapshot,3.20,fixed,,price_page
T042,4Fingers Crispy Chicken,Dasani Bottled Water,S$ 2.30,4 Fingers Crispy Chicken Drinks,https://menuprices.sg/4-fingers-singapore-menu/,,2026-08-03,Public web menu static snapshot,2.30,fixed,,price_page
T042,4Fingers Crispy Chicken,Cocomax 100% Coconut Water (Original),S$ 4.60,4 Fingers Crispy Chicken Drinks,https://menuprices.sg/4-fingers-singapore-menu/,,2026-08-03,Public web menu static snapshot,4.60,fixed,,price_page
T042,4Fingers Crispy Chicken,Bundle of 5 Japanese Mochi,S$ 5.50,4 Fingers Crispy Chicken Dessert,https://menuprices.sg/4-fingers-singapore-menu/,,2026-08-03,Public web menu static snapshot,5.50,fixed,,price_page
T042,4Fingers Crispy Chicken,2pcs Japanese Mochi,S$ 3.30,4 Fingers Crispy Chicken Dessert,https://menuprices.sg/4-fingers-singapore-menu/,,2026-08-03,Public web menu static snapshot,3.30,fixed,,price_page
T043,Saizeriya,,,,https://www.saizeriya.com.sg/pdf/GrandMenu1206_s_single.pdf,,2026-08-03,needs_manual_review: no structured priced rows extracted,,,,official_pdf
T043,Saizeriya,Chef Salad,$4.20,Saizeriya Salad,https://www.allsgpromo.com/saizeriya-menu/,,2026-08-03,Public web menu static snapshot,4.20,fixed,,price_page
T043,Saizeriya,Egg Salad,$4.90,Saizeriya Salad,https://www.allsgpromo.com/saizeriya-menu/,,2026-08-03,Public web menu static snapshot,4.90,fixed,,price_page
T043,Saizeriya,Chicken Salad,$4.90,Saizeriya Salad,https://www.allsgpromo.com/saizeriya-menu/,,2026-08-03,Public web menu static snapshot,4.90,fixed,,price_page
T043,Saizeriya,Rucalo Salad,$4.90,Saizeriya Salad,https://www.allsgpromo.com/saizeriya-menu/,,2026-08-03,Public web menu static snapshot,4.90,fixed,,price_page
T043,Saizeriya,Salmon Salad,$5.90,Saizeriya Salad,https://www.allsgpromo.com/saizeriya-menu/,,2026-08-03,Public web menu static snapshot,5.90,fixed,,price_page
T043,Saizeriya,Mushroom Soup,$2.90,Saizeriya Soup,https://www.allsgpromo.com/saizeriya-menu/,,2026-08-03,Public web menu static snapshot,2.90,fixed,,price_page
T043,Saizeriya,Corn Cream Soup,$2.90,Saizeriya Soup,https://www.allsgpromo.com/saizeriya-menu/,,2026-08-03,Public web menu static snapshot,2.90,fixed,,price_page
T043,Saizeriya,Pumpkin Soup,$3.20,Saizeriya Soup,https://www.allsgpromo.com/saizeriya-menu/,,2026-08-03,Public web menu static snapshot,3.20,fixed,,price_page
T043,Saizeriya,Garlic Focaccia,$2.20,Saizeriya Focaccia,https://www.allsgpromo.com/saizeriya-menu/,,2026-08-03,Public web menu static snapshot,2.20,fixed,,price_page
T043,Saizeriya,Original Focaccia,$1.90,Saizeriya Focaccia,https://www.allsgpromo.com/saizeriya-menu/,,2026-08-03,Public web menu static snapshot,1.90,fixed,,price_page
T043,Saizeriya,Cheese Focaccia,$2.40,Saizeriya Focaccia,https://www.allsgpromo.com/saizeriya-menu/,,2026-08-03,Public web menu static snapshot,2.40,fixed,,price_page
T043,Saizeriya,Coca-Cola Less Sugar (320ml),$1.80,Saizeriya Drinks,https://www.allsgpromo.com/saizeriya-menu/,,2026-08-03,Public web menu static snapshot,1.80,fixed,,price_page
T043,Saizeriya,Coca-Cola Zero (320ml),$1.80,Saizeriya Drinks,https://www.allsgpromo.com/saizeriya-menu/,,2026-08-03,Public web menu static snapshot,1.80,fixed,,price_page
T043,Saizeriya,Sprite (320ml),$1.80,Saizeriya Drinks,https://www.allsgpromo.com/saizeriya-menu/,,2026-08-03,Public web menu static snapshot,1.80,fixed,,price_page
T043,Saizeriya,Fanta Grape (320ml),$1.80,Saizeriya Drinks,https://www.allsgpromo.com/saizeriya-menu/,,2026-08-03,Public web menu static snapshot,1.80,fixed,,price_page
T043,Saizeriya,Minute Maid Orange (300ml),$1.80,Saizeriya Drinks,https://www.allsgpromo.com/saizeriya-menu/,,2026-08-03,Public web menu static snapshot,1.80,fixed,,price_page
T043,Saizeriya,Ice Lemon Tea (300ml),$1.80,Saizeriya Drinks,https://www.allsgpromo.com/saizeriya-menu/,,2026-08-03,Public web menu static snapshot,1.80,fixed,,price_page
T043,Saizeriya,Milo (240ml),$1.80,Saizeriya Drinks,https://www.allsgpromo.com/saizeriya-menu/,,2026-08-03,Public web menu static snapshot,1.80,fixed,,price_page
T043,Saizeriya,Dasani Drinking Water (600ml),$1.20,Saizeriya Drinks,https://www.allsgpromo.com/saizeriya-menu/,,2026-08-03,Public web menu static snapshot,1.20,fixed,,price_page
T043,Saizeriya,Pineapple and Bacon,$6.90,Saizeriya Pizza,https://www.allsgpromo.com/saizeriya-menu/,,2026-08-03,Public web menu static snapshot,6.90,fixed,,price_page
T043,Saizeriya,Pepperoni,$7.90,Saizeriya Pizza,https://www.allsgpromo.com/saizeriya-menu/,,2026-08-03,Public web menu static snapshot,7.90,fixed,,price_page
T043,Saizeriya,Margherita,$7.90,Saizeriya Pizza,https://www.allsgpromo.com/saizeriya-menu/,,2026-08-03,Public web menu static snapshot,7.90,fixed,,price_page
T043,Saizeriya,Mushroom and Bacon,$7.90,Saizeriya Pizza,https://www.allsgpromo.com/saizeriya-menu/,,2026-08-03,Public web menu static snapshot,7.90,fixed,,price_page
T043,Saizeriya,Sausage and Mayo,$8.40,Saizeriya Pizza,https://www.allsgpromo.com/saizeriya-menu/,,2026-08-03,Public web menu static snapshot,8.40,fixed,,price_page
T043,Saizeriya,Bismark,$7.90,Saizeriya Pizza,https://www.allsgpromo.com/saizeriya-menu/,,2026-08-03,Public web menu static snapshot,7.90,fixed,,price_page
T043,Saizeriya,Rucola Chicken,$7.90,Saizeriya Pizza,https://www.allsgpromo.com/saizeriya-menu/,,2026-08-03,Public web menu static snapshot,7.90,fixed,,price_page
T043,Saizeriya,Nacho Bacon,$7.90,Saizeriya Pizza,https://www.allsgpromo.com/saizeriya-menu/,,2026-08-03,Public web menu static snapshot,7.90,fixed,,price_page
T043,Saizeriya,Chicken Wings [5 Pcs],$4.90,Saizeriya Appetizers,https://www.allsgpromo.com/saizeriya-menu/,,2026-08-03,Public web menu static snapshot,4.90,fixed,,price_page
T043,Saizeriya,Chicken Wings [8 Pcs],$7.90,Saizeriya Appetizers,https://www.allsgpromo.com/saizeriya-menu/,,2026-08-03,Public web menu static snapshot,7.90,fixed,,price_page
T043,Saizeriya,Beddar Cheddar Sausage,$3.90,Saizeriya Appetizers,https://www.allsgpromo.com/saizeriya-menu/,,2026-08-03,Public web menu static snapshot,3.90,fixed,,price_page
T043,Saizeriya,Crispy Chicken,$3.90,Saizeriya Appetizers,https://www.allsgpromo.com/saizeriya-menu/,,2026-08-03,Public web menu static snapshot,3.90,fixed,,price_page
T043,Saizeriya,Nacho Bacon Potato,$3.90,Saizeriya Appetizers,https://www.allsgpromo.com/saizeriya-menu/,,2026-08-03,Public web menu static snapshot,3.90,fixed,,price_page
T043,Saizeriya,Butter Corn,$2.90,Saizeriya Appetizers,https://www.allsgpromo.com/saizeriya-menu/,,2026-08-03,Public web menu static snapshot,2.90,fixed,,price_page
T043,Saizeriya,Sautéed Spinach with Bacon,$2.90,Saizeriya Appetizers,https://www.allsgpromo.com/saizeriya-menu/,,2026-08-03,Public web menu static snapshot,2.90,fixed,,price_page
T043,Saizeriya,Buffalo Mozzarella Cheese,$3.90,Saizeriya Appetizers,https://www.allsgpromo.com/saizeriya-menu/,,2026-08-03,Public web menu static snapshot,3.90,fixed,,price_page
T043,Saizeriya,Sautéed Broccoli,$2.90,Saizeriya Appetizers,https://www.allsgpromo.com/saizeriya-menu/,,2026-08-03,Public web menu static snapshot,2.90,fixed,,price_page
T043,Saizeriya,Oven Grilled Escargots,$5.90,Saizeriya Appetizers,https://www.allsgpromo.com/saizeriya-menu/,,2026-08-03,Public web menu static snapshot,5.90,fixed,,price_page
T043,Saizeriya,Steamed Mussels,$4.90,Saizeriya Appetizers,https://www.allsgpromo.com/saizeriya-menu/,,2026-08-03,Public web menu static snapshot,4.90,fixed,,price_page
T043,Saizeriya,Baked Clams,$3.90,Saizeriya Appetizers,https://www.allsgpromo.com/saizeriya-menu/,,2026-08-03,Public web menu static snapshot,3.90,fixed,,price_page
T043,Saizeriya,Smoked Salmon,$3.90,Saizeriya Appetizers,https://www.allsgpromo.com/saizeriya-menu/,,2026-08-03,Public web menu static snapshot,3.90,fixed,,price_page
T043,Saizeriya,Italian Omelette,$3.90,Saizeriya Appetizers,https://www.allsgpromo.com/saizeriya-menu/,,2026-08-03,Public web menu static snapshot,3.90,fixed,,price_page
T043,Saizeriya,Carbonara,$5.90,Saizeriya Pasta,https://www.allsgpromo.com/saizeriya-menu/,,2026-08-03,Public web menu static snapshot,5.90,fixed,,price_page
T043,Saizeriya,Carbonara Poached Egg,$6.90,Saizeriya Pasta,https://www.allsgpromo.com/saizeriya-menu/,,2026-08-03,Public web menu static snapshot,6.90,fixed,,price_page
T043,Saizeriya,Aglio Olio Vongole,5.9,Saizeriya Pasta,https://www.allsgpromo.com/saizeriya-menu/,,2026-08-03,Public web menu static snapshot,5.9,fixed,,price_page
T043,Saizeriya,Vongole Spicy Tomato Soup,$5.90,Saizeriya Pasta,https://www.allsgpromo.com/saizeriya-menu/,,2026-08-03,Public web menu static snapshot,5.90,fixed,,price_page
T043,Saizeriya,Black Pepper Chicken,$5.90,Saizeriya Pasta,https://www.allsgpromo.com/saizeriya-menu/,,2026-08-03,Public web menu static snapshot,5.90,fixed,,price_page
T043,Saizeriya,Mentaiko Flavour Shrimp & Broccoli,$6.90,Saizeriya Pasta,https://www.allsgpromo.com/saizeriya-menu/,,2026-08-03,Public web menu static snapshot,6.90,fixed,,price_page
T043,Saizeriya,Bolognese,$3.90,Saizeriya Pasta,https://www.allsgpromo.com/saizeriya-menu/,,2026-08-03,Public web menu static snapshot,3.90,fixed,,price_page
T043,Saizeriya,Bolognese Poached Egg,$4.90,Saizeriya Pasta,https://www.allsgpromo.com/saizeriya-menu/,,2026-08-03,Public web menu static snapshot,4.90,fixed,,price_page
T043,Saizeriya,Black Truffle & Mushroom,$7.90,Saizeriya Pasta,https://www.allsgpromo.com/saizeriya-menu/,,2026-08-03,Public web menu static snapshot,7.90,fixed,,price_page
T043,Saizeriya,Aglio Olio Shrimp & Broccoli,$5.90,Saizeriya Pasta,https://www.allsgpromo.com/saizeriya-menu/,,2026-08-03,Public web menu static snapshot,5.90,fixed,,price_page
T043,Saizeriya,Aglio Olio Plain,$3.90,Saizeriya Pasta,https://www.allsgpromo.com/saizeriya-menu/,,2026-08-03,Public web menu static snapshot,3.90,fixed,,price_page
T043,Saizeriya,Squid Ink,$5.90,Saizeriya Pasta,https://www.allsgpromo.com/saizeriya-menu/,,2026-08-03,Public web menu static snapshot,5.90,fixed,,price_page
T043,Saizeriya,Seafood,$7.90,Saizeriya Pasta,https://www.allsgpromo.com/saizeriya-menu/,,2026-08-03,Public web menu static snapshot,7.90,fixed,,price_page
T043,Saizeriya,Chilli Crab,$7.90,Saizeriya Pasta,https://www.allsgpromo.com/saizeriya-menu/,,2026-08-03,Public web menu static snapshot,7.90,fixed,,price_page
T043,Saizeriya,Spinach Chicken Gratin,$5.90,Saizeriya Rice Dish,https://www.allsgpromo.com/saizeriya-menu/,,2026-08-03,Public web menu static snapshot,5.90,fixed,,price_page
T043,Saizeriya,Four Cheese Ravioli,$5.90,Saizeriya Rice Dish,https://www.allsgpromo.com/saizeriya-menu/,,2026-08-03,Public web menu static snapshot,5.90,fixed,,price_page
T043,Saizeriya,Milano Gratin,$4.90,Saizeriya Rice Dish,https://www.allsgpromo.com/saizeriya-menu/,,2026-08-03,Public web menu static snapshot,4.90,fixed,,price_page
T043,Saizeriya,Milano Doria,$4.90,Saizeriya Rice Dish,https://www.allsgpromo.com/saizeriya-menu/,,2026-08-03,Public web menu static snapshot,4.90,fixed,,price_page
T043,Saizeriya,Milano Doria Poached Egg,$5.90,Saizeriya Rice Dish,https://www.allsgpromo.com/saizeriya-menu/,,2026-08-03,Public web menu static snapshot,5.90,fixed,,price_page
T043,Saizeriya,Cheese Milano Doria,$5.90,Saizeriya Rice Dish,https://www.allsgpromo.com/saizeriya-menu/,,2026-08-03,Public web menu static snapshot,5.90,fixed,,price_page
T043,Saizeriya,Salmon Doria,$5.90,Saizeriya Rice Dish,https://www.allsgpromo.com/saizeriya-menu/,,2026-08-03,Public web menu static snapshot,5.90,fixed,,price_page
T043,Saizeriya,Bacon & Mushroom Risotto,$5.90,Saizeriya Rice Dish,https://www.allsgpromo.com/saizeriya-menu/,,2026-08-03,Public web menu static snapshot,5.90,fixed,,price_page
T043,Saizeriya,Curry Chicken Creamy Baked Rice,$5.90,Saizeriya Rice Dish,https://www.allsgpromo.com/saizeriya-menu/,,2026-08-03,Public web menu static snapshot,5.90,fixed,,price_page
T043,Saizeriya,Hamburger,$5.90,Saizeriya Grill,https://www.allsgpromo.com/saizeriya-menu/,,2026-08-03,Public web menu static snapshot,5.90,fixed,,price_page
T043,Saizeriya,Cheese Hamburger,$6.90,Saizeriya Grill,https://www.allsgpromo.com/saizeriya-menu/,,2026-08-03,Public web menu static snapshot,6.90,fixed,,price_page
T043,Saizeriya,Hamburger & Sausage,$7.90,Saizeriya Grill,https://www.allsgpromo.com/saizeriya-menu/,,2026-08-03,Public web menu static snapshot,7.90,fixed,,price_page
T043,Saizeriya,Cheese Chicken,$6.90,Saizeriya Grill,https://www.allsgpromo.com/saizeriya-menu/,,2026-08-03,Public web menu static snapshot,6.90,fixed,,price_page
T043,Saizeriya,Pepper Chicken,$6.90,Saizeriya Grill,https://www.allsgpromo.com/saizeriya-menu/,,2026-08-03,Public web menu static snapshot,6.90,fixed,,price_page
T043,Saizeriya,Sirloin Steak,$11.90,Saizeriya Grill,https://www.allsgpromo.com/saizeriya-menu/,,2026-08-03,Public web menu static snapshot,11.90,fixed,,price_page
T043,Saizeriya,Tuscan Lamb Chop,$10.90,Saizeriya Grill,https://www.allsgpromo.com/saizeriya-menu/,,2026-08-03,Public web menu static snapshot,10.90,fixed,,price_page
T043,Saizeriya,Grilled Squid,$7.90,Saizeriya Grill,https://www.allsgpromo.com/saizeriya-menu/,,2026-08-03,Public web menu static snapshot,7.90,fixed,,price_page
T043,Saizeriya,Cheese Chicken & Sausage,$8.90,Saizeriya Grill,https://www.allsgpromo.com/saizeriya-menu/,,2026-08-03,Public web menu static snapshot,8.90,fixed,,price_page
T043,Saizeriya,Grilled Salmon,$8.90,Saizeriya Grill,https://www.allsgpromo.com/saizeriya-menu/,,2026-08-03,Public web menu static snapshot,8.90,fixed,,price_page
T043,Saizeriya,Chicken Stew,$5.90,Saizeriya Grill,https://www.allsgpromo.com/saizeriya-menu/,,2026-08-03,Public web menu static snapshot,5.90,fixed,,price_page
T043,Saizeriya,Chocolate Truffle,$3.90,Saizeriya Dessert,https://www.allsgpromo.com/saizeriya-menu/,,2026-08-03,Public web menu static snapshot,3.90,fixed,,price_page
T043,Saizeriya,Tiramisu (Ice),$4.90,Saizeriya Dessert,https://www.allsgpromo.com/saizeriya-menu/,,2026-08-03,Public web menu static snapshot,4.90,fixed,,price_page
T043,Saizeriya,Pistachio Semifreddo,$4.90,Saizeriya Dessert,https://www.allsgpromo.com/saizeriya-menu/,,2026-08-03,Public web menu static snapshot,4.90,fixed,,price_page
T043,Saizeriya,Panna Cotta,$4.50,Saizeriya Dessert,https://www.allsgpromo.com/saizeriya-menu/,,2026-08-03,Public web menu static snapshot,4.50,fixed,,price_page
T043,Saizeriya,Frutti Bosco Semifreddo,$4.50,Saizeriya Dessert,https://www.allsgpromo.com/saizeriya-menu/,,2026-08-03,Public web menu static snapshot,4.50,fixed,,price_page
T043,Saizeriya,Chocolate Lava,$5.90,Saizeriya Dessert,https://www.allsgpromo.com/saizeriya-menu/,,2026-08-03,Public web menu static snapshot,5.90,fixed,,price_page
T043,Saizeriya,Mango Pudding with Ice-Cream,$3.90,Saizeriya Dessert,https://www.allsgpromo.com/saizeriya-menu/,,2026-08-03,Public web menu static snapshot,3.90,fixed,,price_page
T043,Saizeriya,Oreo Cheese Cake,$3.90,Saizeriya Dessert,https://www.allsgpromo.com/saizeriya-menu/,,2026-08-03,Public web menu static snapshot,3.90,fixed,,price_page
T043,Saizeriya,Cookie & Cream Ice-Cream [Single Scoop],$1.90,Saizeriya Dessert,https://www.allsgpromo.com/saizeriya-menu/,,2026-08-03,Public web menu static snapshot,1.90,fixed,,price_page
T043,Saizeriya,Cookie & Cream Ice-Cream [Double Scoop],$2.90,Saizeriya Dessert,https://www.allsgpromo.com/saizeriya-menu/,,2026-08-03,Public web menu static snapshot,2.90,fixed,,price_page
T043,Saizeriya,Vanilla Ice-Cream[Single Scoop],$1.90,Saizeriya Dessert,https://www.allsgpromo.com/saizeriya-menu/,,2026-08-03,Public web menu static snapshot,1.90,fixed,,price_page
T043,Saizeriya,Vanilla Ice-Cream[Double Scoop],$2.90,Saizeriya Dessert,https://www.allsgpromo.com/saizeriya-menu/,,2026-08-03,Public web menu static snapshot,2.90,fixed,,price_page
T043,Saizeriya,Soy Garlic Chicken Lunch,$8.90,Saizeriya Lunch Menu,https://www.allsgpromo.com/saizeriya-menu/,,2026-08-03,Public web menu static snapshot,8.90,fixed,,price_page
T043,Saizeriya,Soy Garlic Hamburger Lunch,$8.90,Saizeriya Lunch Menu,https://www.allsgpromo.com/saizeriya-menu/,,2026-08-03,Public web menu static snapshot,8.90,fixed,,price_page
T043,Saizeriya,Pepper Hamburger Lunch,$8.90,Saizeriya Lunch Menu,https://www.allsgpromo.com/saizeriya-menu/,,2026-08-03,Public web menu static snapshot,8.90,fixed,,price_page
T043,Saizeriya,Mushroom Bolognese Lunch,$7.90,Saizeriya Lunch Menu,https://www.allsgpromo.com/saizeriya-menu/,,2026-08-03,Public web menu static snapshot,7.90,fixed,,price_page
T043,Saizeriya,Creamy Garlic Chicken Lunch,$7.90,Saizeriya Lunch Menu,https://www.allsgpromo.com/saizeriya-menu/,,2026-08-03,Public web menu static snapshot,7.90,fixed,,price_page
T043,Saizeriya,Mentaiko Flavour Seafood Lunch,$8.90,Saizeriya Lunch Menu,https://www.allsgpromo.com/saizeriya-menu/,,2026-08-03,Public web menu static snapshot,8.90,fixed,,price_page
T043,Saizeriya,Aglio Olio Bacon Lunch,$7.90,Saizeriya Lunch Menu,https://www.allsgpromo.com/saizeriya-menu/,,2026-08-03,Public web menu static snapshot,7.90,fixed,,price_page
T043,Saizeriya,Pepper Chicken Cheese Doria Lunch,$7.90,Saizeriya Lunch Menu,https://www.allsgpromo.com/saizeriya-menu/,,2026-08-03,Public web menu static snapshot,7.90,fixed,,price_page
T043,Saizeriya,Curry Chicken Creamy Baked Rice Lunch,$7.90,Saizeriya Lunch Menu,https://www.allsgpromo.com/saizeriya-menu/,,2026-08-03,Public web menu static snapshot,7.90,fixed,,price_page
T043,Saizeriya,Corn Cream Soup,$2.90,Saizeriya Kid’s Menu,https://www.allsgpromo.com/saizeriya-menu/,,2026-08-03,Public web menu static snapshot,2.90,fixed,,price_page
T043,Saizeriya,Panna Cotta,$4.50,Saizeriya Kid’s Menu,https://www.allsgpromo.com/saizeriya-menu/,,2026-08-03,Public web menu static snapshot,4.50,fixed,,price_page
T043,Saizeriya,Cookie & Cream Ice-Cream,$1.90,Saizeriya Kid’s Menu,https://www.allsgpromo.com/saizeriya-menu/,,2026-08-03,Public web menu static snapshot,1.90,fixed,,price_page
T043,Saizeriya,Kid’s Meal,$5.90,Saizeriya Kid’s Menu,https://www.allsgpromo.com/saizeriya-menu/,,2026-08-03,Public web menu static snapshot,5.90,fixed,,price_page
T043,Saizeriya,Beddar Cheddar Sausage,$3.90,Saizeriya Kid’s Menu,https://www.allsgpromo.com/saizeriya-menu/,,2026-08-03,Public web menu static snapshot,3.90,fixed,,price_page
T043,Saizeriya,Butter Corn,$2.90,Saizeriya Kid’s Menu,https://www.allsgpromo.com/saizeriya-menu/,,2026-08-03,Public web menu static snapshot,2.90,fixed,,price_page
T043,Saizeriya,Drinks,$1.80,Saizeriya Kid’s Menu,https://www.allsgpromo.com/saizeriya-menu/,,2026-08-03,Public web menu static snapshot,1.80,fixed,,price_page
T043,Saizeriya,Chicha San Chen Menu Gong Cha Menu Xing Fu Tang Menu KOI Menu R&B Tea Menu TP Tea Menu Tiger Sugar Menu Milksha Menu Collins Menu Popeyes Menu Delifrance Menu,PS Cafe Menu 4Fingers Menu Din Tai Fung Menu Starbucks Menu Coffee Bean Menu Subway Menu Burger King Menu Shake Shack Menu Jollibee Menu Putien Menu Sushi Plus Menu Dian Xiao Er Menu,"Saizeriya Outlets, Loacation And Opening Hours",https://www.allsgpromo.com/saizeriya-menu/,,2026-08-03,Public web menu static snapshot,4,fixed,,price_page
T047,Mei Heong Yuen Dessert,,,,https://www.meiheongyuendessert.com.sg/index.php/our-menu,,2026-08-03,needs_manual_review: no structured priced rows extracted,,,,official_menu
T047,Mei Heong Yuen Dessert,,,,https://meiheongyuendessert.oddle.me/en_SG,,2026-08-03,needs_manual_review: no structured priced rows extracted,,,,oddle
T019,Kaffe & Toast,SET D Chicken Ham & Cheese Muffin,SGD 6.80,KAFFE & TOAST SINGAPORE MENU VALUE MEAL,https://sgfoodprice.org/kaffe-toast-singapore-menu/,,2026-08-03,Public web menu static snapshot,6.80,fixed,,price_page
T019,Kaffe & Toast,SET C Chicken Ham & Cheese Toast,SGD 6.30,KAFFE & TOAST SINGAPORE MENU VALUE MEAL,https://sgfoodprice.org/kaffe-toast-singapore-menu/,,2026-08-03,Public web menu static snapshot,6.30,fixed,,price_page
T019,Kaffe & Toast,SET A Kaya Butter Toast,SGD 6.30,KAFFE & TOAST SINGAPORE MENU VALUE MEAL,https://sgfoodprice.org/kaffe-toast-singapore-menu/,,2026-08-03,Public web menu static snapshot,6.30,fixed,,price_page
T019,Kaffe & Toast,SET F Strawberry Jam Muffin,SGD 6.30,KAFFE & TOAST SINGAPORE MENU VALUE MEAL,https://sgfoodprice.org/kaffe-toast-singapore-menu/,,2026-08-03,Public web menu static snapshot,6.30,fixed,,price_page
T019,Kaffe & Toast,Chicken Ham & Cheese Toast,SGD 3.00,KAFFE & TOAST MENU CRISPY TOAST PRICES,https://sgfoodprice.org/kaffe-toast-singapore-menu/,,2026-08-03,Public web menu static snapshot,3.00,fixed,,price_page
T019,Kaffe & Toast,Kaya Butter Toast,SGD 3.00,KAFFE & TOAST MENU CRISPY TOAST PRICES,https://sgfoodprice.org/kaffe-toast-singapore-menu/,,2026-08-03,Public web menu static snapshot,3.00,fixed,,price_page
T019,Kaffe & Toast,Peanut Honey Toast,SGD 3.00,KAFFE & TOAST MENU CRISPY TOAST PRICES,https://sgfoodprice.org/kaffe-toast-singapore-menu/,,2026-08-03,Public web menu static snapshot,3.00,fixed,,price_page
T019,Kaffe & Toast,Strawberry Jam Toast,SGD 3.00,KAFFE & TOAST MENU CRISPY TOAST PRICES,https://sgfoodprice.org/kaffe-toast-singapore-menu/,,2026-08-03,Public web menu static snapshot,3.00,fixed,,price_page
T019,Kaffe & Toast,Butter Sugar Toast,SGD 3.00,KAFFE & TOAST MENU CRISPY TOAST PRICES,https://sgfoodprice.org/kaffe-toast-singapore-menu/,,2026-08-03,Public web menu static snapshot,3.00,fixed,,price_page
T019,Kaffe & Toast,Strawberry Jam Muffin,SGD 3.30,KAFFE & TOAST MENU ENGLISH MUFFIN SINGAPORE,https://sgfoodprice.org/kaffe-toast-singapore-menu/,,2026-08-03,Public web menu static snapshot,3.30,fixed,,price_page
T019,Kaffe & Toast,Chicken Ham & Cheese Muffin,SGD 3.80,KAFFE & TOAST MENU ENGLISH MUFFIN SINGAPORE,https://sgfoodprice.org/kaffe-toast-singapore-menu/,,2026-08-03,Public web menu static snapshot,3.80,fixed,,price_page
T019,Kaffe & Toast,Kaya Butter Muffin,SGD 3.30,KAFFE & TOAST MENU ENGLISH MUFFIN SINGAPORE,https://sgfoodprice.org/kaffe-toast-singapore-menu/,,2026-08-03,Public web menu static snapshot,3.30,fixed,,price_page
T019,Kaffe & Toast,Soft-Boiled Eggs,SGD 2.30,KAFFE & TOAST OTHERS MENU PRICES,https://sgfoodprice.org/kaffe-toast-singapore-menu/,,2026-08-03,Public web menu static snapshot,2.30,fixed,,price_page
T019,Kaffe & Toast,Otah Mackerel,SGD 2.50,KAFFE & TOAST OTHERS MENU PRICES,https://sgfoodprice.org/kaffe-toast-singapore-menu/,,2026-08-03,Public web menu static snapshot,2.50,fixed,,price_page
T019,Kaffe & Toast,Yam Cake,SGD 3.00,KAFFE & TOAST LOCAL DELIGHTS PRICES,https://sgfoodprice.org/kaffe-toast-singapore-menu/,,2026-08-03,Public web menu static snapshot,3.00,fixed,,price_page
T019,Kaffe & Toast,Chee Cheong Fun,SGD 3.00,KAFFE & TOAST LOCAL DELIGHTS PRICES,https://sgfoodprice.org/kaffe-toast-singapore-menu/,,2026-08-03,Public web menu static snapshot,3.00,fixed,,price_page
T019,Kaffe & Toast,CCF & Chwee Kueh,SGD 4.00,KAFFE & TOAST LOCAL DELIGHTS PRICES,https://sgfoodprice.org/kaffe-toast-singapore-menu/,,2026-08-03,Public web menu static snapshot,4.00,fixed,,price_page
T019,Kaffe & Toast,CCF & Soon Kueh,SGD 4.00,KAFFE & TOAST LOCAL DELIGHTS PRICES,https://sgfoodprice.org/kaffe-toast-singapore-menu/,,2026-08-03,Public web menu static snapshot,4.00,fixed,,price_page
T019,Kaffe & Toast,CCF & Yam Cake,SGD 4.00,KAFFE & TOAST LOCAL DELIGHTS PRICES,https://sgfoodprice.org/kaffe-toast-singapore-menu/,,2026-08-03,Public web menu static snapshot,4.00,fixed,,price_page
T019,Kaffe & Toast,Soon Kueh,SGD 3.00,KAFFE & TOAST LOCAL DELIGHTS PRICES,https://sgfoodprice.org/kaffe-toast-singapore-menu/,,2026-08-03,Public web menu static snapshot,3.00,fixed,,price_page
T019,Kaffe & Toast,Laksa Grilled Chicken,From SGD 8.50,KAFFE & TOAST ALL TIME ASIAN FAVOURITES PRICES,https://sgfoodprice.org/kaffe-toast-singapore-menu/,,2026-08-03,Public web menu static snapshot,8.50,starting_price,,price_page
T019,Kaffe & Toast,Mee Siam Chicken Delight,From SGD 8.30,KAFFE & TOAST ALL TIME ASIAN FAVOURITES PRICES,https://sgfoodprice.org/kaffe-toast-singapore-menu/,,2026-08-03,Public web menu static snapshot,8.30,starting_price,,price_page
T019,Kaffe & Toast,Laksa,From SGD 6.50,KAFFE & TOAST ALL TIME ASIAN FAVOURITES PRICES,https://sgfoodprice.org/kaffe-toast-singapore-menu/,,2026-08-03,Public web menu static snapshot,6.50,starting_price,,price_page
T019,Kaffe & Toast,Laksa w/ Beef Brisket,From SGD 8.50,KAFFE & TOAST ALL TIME ASIAN FAVOURITES PRICES,https://sgfoodprice.org/kaffe-toast-singapore-menu/,,2026-08-03,Public web menu static snapshot,8.50,starting_price,,price_page
T019,Kaffe & Toast,Mee Rebus,From SGD 6.30,KAFFE & TOAST ALL TIME ASIAN FAVOURITES PRICES,https://sgfoodprice.org/kaffe-toast-singapore-menu/,,2026-08-03,Public web menu static snapshot,6.30,starting_price,,price_page
T019,Kaffe & Toast,Mee Rebus Chicken Rendang,From SGD 8.30,KAFFE & TOAST ALL TIME ASIAN FAVOURITES PRICES,https://sgfoodprice.org/kaffe-toast-singapore-menu/,,2026-08-03,Public web menu static snapshot,8.30,starting_price,,price_page
T019,Kaffe & Toast,Mee Rebus Grilled Chicken,From SGD 7.60,KAFFE & TOAST ALL TIME ASIAN FAVOURITES PRICES,https://sgfoodprice.org/kaffe-toast-singapore-menu/,,2026-08-03,Public web menu static snapshot,7.60,starting_price,,price_page
T019,Kaffe & Toast,Mee Rebus w/ Beef Brisket,From SGD 8.30,KAFFE & TOAST ALL TIME ASIAN FAVOURITES PRICES,https://sgfoodprice.org/kaffe-toast-singapore-menu/,,2026-08-03,Public web menu static snapshot,8.30,starting_price,,price_page
T019,Kaffe & Toast,Mee Siam w/ Beef Brisket,From SGD 8.30,KAFFE & TOAST ALL TIME ASIAN FAVOURITES PRICES,https://sgfoodprice.org/kaffe-toast-singapore-menu/,,2026-08-03,Public web menu static snapshot,8.30,starting_price,,price_page
T019,Kaffe & Toast,Laksa Chicken Delight,From SGD 8.50,KAFFE & TOAST ALL TIME ASIAN FAVOURITES PRICES,https://sgfoodprice.org/kaffe-toast-singapore-menu/,,2026-08-03,Public web menu static snapshot,8.50,starting_price,,price_page
T019,Kaffe & Toast,Mee Rebus Chicken Delight,From SGD 8.30,KAFFE & TOAST ALL TIME ASIAN FAVOURITES PRICES,https://sgfoodprice.org/kaffe-toast-singapore-menu/,,2026-08-03,Public web menu static snapshot,8.30,starting_price,,price_page
T019,Kaffe & Toast,Mee Siam,From SGD 6.30,KAFFE & TOAST ALL TIME ASIAN FAVOURITES PRICES,https://sgfoodprice.org/kaffe-toast-singapore-menu/,,2026-08-03,Public web menu static snapshot,6.30,starting_price,,price_page
T019,Kaffe & Toast,Mee Siam Chicken Rendang,From SGD 8.30,KAFFE & TOAST ALL TIME ASIAN FAVOURITES PRICES,https://sgfoodprice.org/kaffe-toast-singapore-menu/,,2026-08-03,Public web menu static snapshot,8.30,starting_price,,price_page
T019,Kaffe & Toast,Mee Siam Grilled Chicken,From SGD 8.30,KAFFE & TOAST ALL TIME ASIAN FAVOURITES PRICES,https://sgfoodprice.org/kaffe-toast-singapore-menu/,,2026-08-03,Public web menu static snapshot,8.30,starting_price,,price_page
T019,Kaffe & Toast,Beef Boat Noodle,From SGD 9.50,KAFFE & TOAST MENU SIGNATURE THAI NOODLES PRICES,https://sgfoodprice.org/kaffe-toast-singapore-menu/,,2026-08-03,Public web menu static snapshot,9.50,starting_price,,price_page
T019,Kaffe & Toast,Chicken Boat Noodle,From SGD 9.00,KAFFE & TOAST MENU SIGNATURE THAI NOODLES PRICES,https://sgfoodprice.org/kaffe-toast-singapore-menu/,,2026-08-03,Public web menu static snapshot,9.00,starting_price,,price_page
T019,Kaffe & Toast,Dry Grilled Chicken Noodle,From SGD 9.00,KAFFE & TOAST MENU SIGNATURE THAI NOODLES PRICES,https://sgfoodprice.org/kaffe-toast-singapore-menu/,,2026-08-03,Public web menu static snapshot,9.00,starting_price,,price_page
T019,Kaffe & Toast,Beef Ball Boat Noodle Soup,From SGD 8.50,KAFFE & TOAST MENU SIGNATURE THAI NOODLES PRICES,https://sgfoodprice.org/kaffe-toast-singapore-menu/,,2026-08-03,Public web menu static snapshot,8.50,starting_price,,price_page
T019,Kaffe & Toast,Chicken Ball Boat Noodle Soup,From SGD 8.50,KAFFE & TOAST MENU SIGNATURE THAI NOODLES PRICES,https://sgfoodprice.org/kaffe-toast-singapore-menu/,,2026-08-03,Public web menu static snapshot,8.50,starting_price,,price_page
T019,Kaffe & Toast,Beef Brisket Boat Noodle,From SGD 9.50,KAFFE & TOAST MENU SIGNATURE THAI NOODLES PRICES,https://sgfoodprice.org/kaffe-toast-singapore-menu/,,2026-08-03,Public web menu static snapshot,9.50,starting_price,,price_page
T019,Kaffe & Toast,Beef Boat Noodle Deluxe,From SGD 11.50,KAFFE & TOAST MENU SIGNATURE THAI NOODLES PRICES,https://sgfoodprice.org/kaffe-toast-singapore-menu/,,2026-08-03,Public web menu static snapshot,11.50,starting_price,,price_page
T019,Kaffe & Toast,Soup Grilled Chicken Noodle,From SGD 9.00,KAFFE & TOAST MENU SIGNATURE THAI NOODLES PRICES,https://sgfoodprice.org/kaffe-toast-singapore-menu/,,2026-08-03,Public web menu static snapshot,9.00,starting_price,,price_page
T019,Kaffe & Toast,Grilled Chicken Boat Noodle,From SGD 9.00,KAFFE & TOAST MENU SIGNATURE THAI NOODLES PRICES,https://sgfoodprice.org/kaffe-toast-singapore-menu/,,2026-08-03,Public web menu static snapshot,9.00,starting_price,,price_page
T019,Kaffe & Toast,Beef Deluxe w/ Rice,SGD 11.50,KAFFE & TOAST CLASSIC RICE DISHES PRICES,https://sgfoodprice.org/kaffe-toast-singapore-menu/,,2026-08-03,Public web menu static snapshot,11.50,fixed,,price_page
T019,Kaffe & Toast,Beef Brisket Tendon Rice,SGD 9.50,KAFFE & TOAST CLASSIC RICE DISHES PRICES,https://sgfoodprice.org/kaffe-toast-singapore-menu/,,2026-08-03,Public web menu static snapshot,9.50,fixed,,price_page
T019,Kaffe & Toast,Thai Grilled Chicken Rice,SGD 9.50,KAFFE & TOAST CLASSIC RICE DISHES PRICES,https://sgfoodprice.org/kaffe-toast-singapore-menu/,,2026-08-03,Public web menu static snapshot,9.50,fixed,,price_page
T019,Kaffe & Toast,Iced Kopi,SGD 3.00,KAFFE & TOAST LOCAL BEVERAGES MENU PRICES,https://sgfoodprice.org/kaffe-toast-singapore-menu/,,2026-08-03,Public web menu static snapshot,3.00,fixed,,price_page
T019,Kaffe & Toast,Iced Yuan Yang,SGD 3.00,KAFFE & TOAST LOCAL BEVERAGES MENU PRICES,https://sgfoodprice.org/kaffe-toast-singapore-menu/,,2026-08-03,Public web menu static snapshot,3.00,fixed,,price_page
T019,Kaffe & Toast,Milo,SGD 2.70,KAFFE & TOAST LOCAL BEVERAGES MENU PRICES,https://sgfoodprice.org/kaffe-toast-singapore-menu/,,2026-08-03,Public web menu static snapshot,2.70,fixed,,price_page
T019,Kaffe & Toast,Teh,SGD 2.40,KAFFE & TOAST LOCAL BEVERAGES MENU PRICES,https://sgfoodprice.org/kaffe-toast-singapore-menu/,,2026-08-03,Public web menu static snapshot,2.40,fixed,,price_page
T019,Kaffe & Toast,Teh O,SGD 2.30,KAFFE & TOAST LOCAL BEVERAGES MENU PRICES,https://sgfoodprice.org/kaffe-toast-singapore-menu/,,2026-08-03,Public web menu static snapshot,2.30,fixed,,price_page
T019,Kaffe & Toast,Yuan Yang C,SGD 2.50,KAFFE & TOAST LOCAL BEVERAGES MENU PRICES,https://sgfoodprice.org/kaffe-toast-singapore-menu/,,2026-08-03,Public web menu static snapshot,2.50,fixed,,price_page
T019,Kaffe & Toast,Iced Milo,SGD 3.10,KAFFE & TOAST LOCAL BEVERAGES MENU PRICES,https://sgfoodprice.org/kaffe-toast-singapore-menu/,,2026-08-03,Public web menu static snapshot,3.10,fixed,,price_page
T019,Kaffe & Toast,Iced Milo Dinosaur,SGD 3.30,KAFFE & TOAST LOCAL BEVERAGES MENU PRICES,https://sgfoodprice.org/kaffe-toast-singapore-menu/,,2026-08-03,Public web menu static snapshot,3.30,fixed,,price_page
T019,Kaffe & Toast,Kopi C,SGD 2.50,KAFFE & TOAST LOCAL BEVERAGES MENU PRICES,https://sgfoodprice.org/kaffe-toast-singapore-menu/,,2026-08-03,Public web menu static snapshot,2.50,fixed,,price_page
T019,Kaffe & Toast,Kopi O,SGD 2.30,KAFFE & TOAST LOCAL BEVERAGES MENU PRICES,https://sgfoodprice.org/kaffe-toast-singapore-menu/,,2026-08-03,Public web menu static snapshot,2.30,fixed,,price_page
T019,Kaffe & Toast,Teh C,SGD 2.50,KAFFE & TOAST LOCAL BEVERAGES MENU PRICES,https://sgfoodprice.org/kaffe-toast-singapore-menu/,,2026-08-03,Public web menu static snapshot,2.50,fixed,,price_page
T019,Kaffe & Toast,Yuan Yang,SGD 2.40,KAFFE & TOAST LOCAL BEVERAGES MENU PRICES,https://sgfoodprice.org/kaffe-toast-singapore-menu/,,2026-08-03,Public web menu static snapshot,2.40,fixed,,price_page
T019,Kaffe & Toast,Kopi,SGD 2.40,KAFFE & TOAST LOCAL BEVERAGES MENU PRICES,https://sgfoodprice.org/kaffe-toast-singapore-menu/,,2026-08-03,Public web menu static snapshot,2.40,fixed,,price_page
T019,Kaffe & Toast,Iced Teh,SGD 3.00,KAFFE & TOAST LOCAL BEVERAGES MENU PRICES,https://sgfoodprice.org/kaffe-toast-singapore-menu/,,2026-08-03,Public web menu static snapshot,3.00,fixed,,price_page
T019,Kaffe & Toast,Original Thai Iced Milk Tea,SGD 3.20,KAFFE & TOAST OTHER BEVERAGES PRICES,https://sgfoodprice.org/kaffe-toast-singapore-menu/,,2026-08-03,Public web menu static snapshot,3.20,fixed,,price_page
T019,Kaffe & Toast,Honey – Iced,SGD 3.00,KAFFE & TOAST OTHER BEVERAGES PRICES,https://sgfoodprice.org/kaffe-toast-singapore-menu/,,2026-08-03,Public web menu static snapshot,3.00,fixed,,price_page
T019,Kaffe & Toast,Mineral Water,SGD 2.80,KAFFE & TOAST OTHER BEVERAGES PRICES,https://sgfoodprice.org/kaffe-toast-singapore-menu/,,2026-08-03,Public web menu static snapshot,2.80,fixed,,price_page
T019,Kaffe & Toast,Barley – Iced,SGD 3.00,KAFFE & TOAST OTHER BEVERAGES PRICES,https://sgfoodprice.org/kaffe-toast-singapore-menu/,,2026-08-03,Public web menu static snapshot,3.00,fixed,,price_page
T019,Kaffe & Toast,Barley Lemon – Iced,SGD 3.20,KAFFE & TOAST OTHER BEVERAGES PRICES,https://sgfoodprice.org/kaffe-toast-singapore-menu/,,2026-08-03,Public web menu static snapshot,3.20,fixed,,price_page
T019,Kaffe & Toast,Chinese Tea,SGD 2.30,KAFFE & TOAST OTHER BEVERAGES PRICES,https://sgfoodprice.org/kaffe-toast-singapore-menu/,,2026-08-03,Public web menu static snapshot,2.30,fixed,,price_page
T019,Kaffe & Toast,Honey Lemon – Iced,SGD 3.20,KAFFE & TOAST OTHER BEVERAGES PRICES,https://sgfoodprice.org/kaffe-toast-singapore-menu/,,2026-08-03,Public web menu static snapshot,3.20,fixed,,price_page
T019,Kaffe & Toast,Iced Lemon Tea,SGD 3.00,KAFFE & TOAST OTHER BEVERAGES PRICES,https://sgfoodprice.org/kaffe-toast-singapore-menu/,,2026-08-03,Public web menu static snapshot,3.00,fixed,,price_page
T019,Kaffe & Toast,Iced Plum Lime Juice,SGD 3.00,KAFFE & TOAST OTHER BEVERAGES PRICES,https://sgfoodprice.org/kaffe-toast-singapore-menu/,,2026-08-03,Public web menu static snapshot,3.00,fixed,,price_page
T019,Kaffe & Toast,Americano,$3.50,BULK ORDER OF KAFFE & TOAST SINGAPORE MENU TABLE,https://sgfoodprice.org/kaffe-toast-singapore-menu/,,2026-08-03,Public web menu static snapshot,3.50,fixed,,price_page
T019,Kaffe & Toast,Cappuccino,$4.00,BULK ORDER OF KAFFE & TOAST SINGAPORE MENU TABLE,https://sgfoodprice.org/kaffe-toast-singapore-menu/,,2026-08-03,Public web menu static snapshot,4.00,fixed,,price_page
T019,Kaffe & Toast,Latte,$4.20,BULK ORDER OF KAFFE & TOAST SINGAPORE MENU TABLE,https://sgfoodprice.org/kaffe-toast-singapore-menu/,,2026-08-03,Public web menu static snapshot,4.20,fixed,,price_page
T019,Kaffe & Toast,Mocha,$4.50,BULK ORDER OF KAFFE & TOAST SINGAPORE MENU TABLE,https://sgfoodprice.org/kaffe-toast-singapore-menu/,,2026-08-03,Public web menu static snapshot,4.50,fixed,,price_page
T019,Kaffe & Toast,English Breakfast Tea,$2.50,BULK ORDER OF KAFFE & TOAST SINGAPORE MENU TABLE,https://sgfoodprice.org/kaffe-toast-singapore-menu/,,2026-08-03,Public web menu static snapshot,2.50,fixed,,price_page
T019,Kaffe & Toast,Green Tea,$3.00,BULK ORDER OF KAFFE & TOAST SINGAPORE MENU TABLE,https://sgfoodprice.org/kaffe-toast-singapore-menu/,,2026-08-03,Public web menu static snapshot,3.00,fixed,,price_page
T019,Kaffe & Toast,Earl Grey,$3.50,BULK ORDER OF KAFFE & TOAST SINGAPORE MENU TABLE,https://sgfoodprice.org/kaffe-toast-singapore-menu/,,2026-08-03,Public web menu static snapshot,3.50,fixed,,price_page
T019,Kaffe & Toast,Classic Toast,$2.00,BULK ORDER OF KAFFE & TOAST SINGAPORE MENU TABLE,https://sgfoodprice.org/kaffe-toast-singapore-menu/,,2026-08-03,Public web menu static snapshot,2.00,fixed,,price_page
T019,Kaffe & Toast,Kaya Toast,$2.50,BULK ORDER OF KAFFE & TOAST SINGAPORE MENU TABLE,https://sgfoodprice.org/kaffe-toast-singapore-menu/,,2026-08-03,Public web menu static snapshot,2.50,fixed,,price_page
T019,Kaffe & Toast,Ham & Cheese Sandwich,$5.00,BULK ORDER OF KAFFE & TOAST SINGAPORE MENU TABLE,https://sgfoodprice.org/kaffe-toast-singapore-menu/,,2026-08-03,Public web menu static snapshot,5.00,fixed,,price_page
T019,Kaffe & Toast,Tuna Melt Sandwich,$5.50,BULK ORDER OF KAFFE & TOAST SINGAPORE MENU TABLE,https://sgfoodprice.org/kaffe-toast-singapore-menu/,,2026-08-03,Public web menu static snapshot,5.50,fixed,,price_page
T019,Kaffe & Toast,Croissant,$2.80,BULK ORDER OF KAFFE & TOAST SINGAPORE MENU TABLE,https://sgfoodprice.org/kaffe-toast-singapore-menu/,,2026-08-03,Public web menu static snapshot,2.80,fixed,,price_page
T019,Kaffe & Toast,Almond Danish,$3.00,BULK ORDER OF KAFFE & TOAST SINGAPORE MENU TABLE,https://sgfoodprice.org/kaffe-toast-singapore-menu/,,2026-08-03,Public web menu static snapshot,3.00,fixed,,price_page
T019,Kaffe & Toast,Chocolate Muffin,$3.20,BULK ORDER OF KAFFE & TOAST SINGAPORE MENU TABLE,https://sgfoodprice.org/kaffe-toast-singapore-menu/,,2026-08-03,Public web menu static snapshot,3.20,fixed,,price_page
T019,Kaffe & Toast,Thursday,Open 24 hours,"KAFFE & TOAST SINGAPORE LOCATION, OPENING HOURS AND INSTANT DATA",https://sgfoodprice.org/kaffe-toast-singapore-menu/,,2026-08-03,Public web menu static snapshot,24,fixed,,price_page
T019,Kaffe & Toast,Friday,Open 24 hours,"KAFFE & TOAST SINGAPORE LOCATION, OPENING HOURS AND INSTANT DATA",https://sgfoodprice.org/kaffe-toast-singapore-menu/,,2026-08-03,Public web menu static snapshot,24,fixed,,price_page
T019,Kaffe & Toast,Saturday,Open 24 hours,"KAFFE & TOAST SINGAPORE LOCATION, OPENING HOURS AND INSTANT DATA",https://sgfoodprice.org/kaffe-toast-singapore-menu/,,2026-08-03,Public web menu static snapshot,24,fixed,,price_page
T019,Kaffe & Toast,Sunday,Open 24 hours,"KAFFE & TOAST SINGAPORE LOCATION, OPENING HOURS AND INSTANT DATA",https://sgfoodprice.org/kaffe-toast-singapore-menu/,,2026-08-03,Public web menu static snapshot,24,fixed,,price_page
T019,Kaffe & Toast,Monday,Open 24 hours,"KAFFE & TOAST SINGAPORE LOCATION, OPENING HOURS AND INSTANT DATA",https://sgfoodprice.org/kaffe-toast-singapore-menu/,,2026-08-03,Public web menu static snapshot,24,fixed,,price_page
T019,Kaffe & Toast,Tuesday,Open 24 hours,"KAFFE & TOAST SINGAPORE LOCATION, OPENING HOURS AND INSTANT DATA",https://sgfoodprice.org/kaffe-toast-singapore-menu/,,2026-08-03,Public web menu static snapshot,24,fixed,,price_page
T019,Kaffe & Toast,Wednesday,Open 24 hours,"KAFFE & TOAST SINGAPORE LOCATION, OPENING HOURS AND INSTANT DATA",https://sgfoodprice.org/kaffe-toast-singapore-menu/,,2026-08-03,Public web menu static snapshot,24,fixed,,price_page
T031,Jewel Coffee,Chicken lasagna,$11.70,Pasta,https://healthyeatwhere.com/jewel-coffee/,,2026-08-03,Public web menu static snapshot,11.70,fixed,,price_page
T031,Jewel Coffee,Beef lasagna,$11.70,Pasta,https://healthyeatwhere.com/jewel-coffee/,,2026-08-03,Public web menu static snapshot,11.70,fixed,,price_page
T031,Jewel Coffee,Chicken bolognese,$10.50,Pasta,https://healthyeatwhere.com/jewel-coffee/,,2026-08-03,Public web menu static snapshot,10.50,fixed,,price_page
T031,Jewel Coffee,Beef bolognese,$10.50,Pasta,https://healthyeatwhere.com/jewel-coffee/,,2026-08-03,Public web menu static snapshot,10.50,fixed,,price_page
T031,Jewel Coffee,Tex mex beef wrap,$7.60,Wraps & sandwiches,https://healthyeatwhere.com/jewel-coffee/,,2026-08-03,Public web menu static snapshot,7.60,fixed,,price_page
T031,Jewel Coffee,Tandoori Chix Basil wrap,$7.60,Wraps & sandwiches,https://healthyeatwhere.com/jewel-coffee/,,2026-08-03,Public web menu static snapshot,7.60,fixed,,price_page
T031,Jewel Coffee,Turkey Ham tomato herb wrap,$7.60,Wraps & sandwiches,https://healthyeatwhere.com/jewel-coffee/,,2026-08-03,Public web menu static snapshot,7.60,fixed,,price_page
T031,Jewel Coffee,Thai chicken wrap,$7.60,Wraps & sandwiches,https://healthyeatwhere.com/jewel-coffee/,,2026-08-03,Public web menu static snapshot,7.60,fixed,,price_page
T031,Jewel Coffee,Thai green curry chicken wrap,$7.60,Wraps & sandwiches,https://healthyeatwhere.com/jewel-coffee/,,2026-08-03,Public web menu static snapshot,7.60,fixed,,price_page
T031,Jewel Coffee,"English muffin with turket ham, egg & cheese",$6.50,Wraps & sandwiches,https://healthyeatwhere.com/jewel-coffee/,,2026-08-03,Public web menu static snapshot,6.50,fixed,,price_page
T031,Jewel Coffee,Sriracha tuna pita,$10.80,Wraps & sandwiches,https://healthyeatwhere.com/jewel-coffee/,,2026-08-03,Public web menu static snapshot,10.80,fixed,,price_page
T031,Jewel Coffee,Fajita chicken sandwich,$10.50,Wraps & sandwiches,https://healthyeatwhere.com/jewel-coffee/,,2026-08-03,Public web menu static snapshot,10.50,fixed,,price_page
T031,Jewel Coffee,Roast beef banh mi,$11.40,Wraps & sandwiches,https://healthyeatwhere.com/jewel-coffee/,,2026-08-03,Public web menu static snapshot,11.40,fixed,,price_page
T031,Jewel Coffee,Bulgogi chicken sandwich,$10.50,Wraps & sandwiches,https://healthyeatwhere.com/jewel-coffee/,,2026-08-03,Public web menu static snapshot,10.50,fixed,,price_page
T031,Jewel Coffee,Croissant,$3.60,Pastries,https://healthyeatwhere.com/jewel-coffee/,,2026-08-03,Public web menu static snapshot,3.60,fixed,,price_page
T031,Jewel Coffee,Pain Au Chocholate,$3.80,Pastries,https://healthyeatwhere.com/jewel-coffee/,,2026-08-03,Public web menu static snapshot,3.80,fixed,,price_page
T031,Jewel Coffee,Almond croissant,$4.30,Pastries,https://healthyeatwhere.com/jewel-coffee/,,2026-08-03,Public web menu static snapshot,4.30,fixed,,price_page
T031,Jewel Coffee,Kouign Amann,$4.10,Pastries,https://healthyeatwhere.com/jewel-coffee/,,2026-08-03,Public web menu static snapshot,4.10,fixed,,price_page
T031,Jewel Coffee,Sticky cinnamon bun with pecans,$4.60,Pastries,https://healthyeatwhere.com/jewel-coffee/,,2026-08-03,Public web menu static snapshot,4.60,fixed,,price_page
T031,Jewel Coffee,Chocolate muffin,$4.30,Pastries,https://healthyeatwhere.com/jewel-coffee/,,2026-08-03,Public web menu static snapshot,4.30,fixed,,price_page
T031,Jewel Coffee,Sausage roll,$5.30,Pastries,https://healthyeatwhere.com/jewel-coffee/,,2026-08-03,Public web menu static snapshot,5.30,fixed,,price_page
T031,Jewel Coffee,Curry chicken puff,$5.30,Pastries,https://healthyeatwhere.com/jewel-coffee/,,2026-08-03,Public web menu static snapshot,5.30,fixed,,price_page
T031,Jewel Coffee,Tuna puff,$5.30,Pastries,https://healthyeatwhere.com/jewel-coffee/,,2026-08-03,Public web menu static snapshot,5.30,fixed,,price_page
T031,Jewel Coffee,Ondeh ondeh cake,$7.20,Cake,https://healthyeatwhere.com/jewel-coffee/,,2026-08-03,Public web menu static snapshot,7.20,fixed,,price_page
T031,Jewel Coffee,Burnt cheesecake,$7.70,Cake,https://healthyeatwhere.com/jewel-coffee/,,2026-08-03,Public web menu static snapshot,7.70,fixed,,price_page
T031,Jewel Coffee,Speculoos cheesecake,$7.70,Cake,https://healthyeatwhere.com/jewel-coffee/,,2026-08-03,Public web menu static snapshot,7.70,fixed,,price_page
T031,Jewel Coffee,Chocolate truffle cake,$7.20,Cake,https://healthyeatwhere.com/jewel-coffee/,,2026-08-03,Public web menu static snapshot,7.20,fixed,,price_page
T031,Jewel Coffee,Durian chocolate fudge cake,$7.60,Cake,https://healthyeatwhere.com/jewel-coffee/,,2026-08-03,Public web menu static snapshot,7.60,fixed,,price_page
T031,Jewel Coffee,Rainbow cake,$8.60,Cake,https://healthyeatwhere.com/jewel-coffee/,,2026-08-03,Public web menu static snapshot,8.60,fixed,,price_page
T031,Jewel Coffee,Bubble gum cake,$8.60,Cake,https://healthyeatwhere.com/jewel-coffee/,,2026-08-03,Public web menu static snapshot,8.60,fixed,,price_page
T031,Jewel Coffee,Carrot cake,$6.70,Cake,https://healthyeatwhere.com/jewel-coffee/,,2026-08-03,Public web menu static snapshot,6.70,fixed,,price_page
T031,Jewel Coffee,Chocolate brownie,$6.50,Cake,https://healthyeatwhere.com/jewel-coffee/,,2026-08-03,Public web menu static snapshot,6.50,fixed,,price_page
T031,Jewel Coffee,Margherita pizza,$13.00,Pizza,https://healthyeatwhere.com/jewel-coffee/,,2026-08-03,Public web menu static snapshot,13.00,fixed,,price_page
T031,Jewel Coffee,Mushroom & cheese pizza,$13.00,Pizza,https://healthyeatwhere.com/jewel-coffee/,,2026-08-03,Public web menu static snapshot,13.00,fixed,,price_page
T031,Jewel Coffee,Pepperoni pizza,$13.00,Pizza,https://healthyeatwhere.com/jewel-coffee/,,2026-08-03,Public web menu static snapshot,13.00,fixed,,price_page
T031,Jewel Coffee,American beef pie,$7.60,Pie,https://healthyeatwhere.com/jewel-coffee/,,2026-08-03,Public web menu static snapshot,7.60,fixed,,price_page
T031,Jewel Coffee,Chix mushroom pie,$7.60,Pie,https://healthyeatwhere.com/jewel-coffee/,,2026-08-03,Public web menu static snapshot,7.60,fixed,,price_page
T031,Jewel Coffee,Ham spinach quiche,$7.60,Pie,https://healthyeatwhere.com/jewel-coffee/,,2026-08-03,Public web menu static snapshot,7.60,fixed,,price_page
T031,Jewel Coffee,Rendang beef pie,$7.80,Pie,https://healthyeatwhere.com/jewel-coffee/,,2026-08-03,Public web menu static snapshot,7.80,fixed,,price_page
T031,Jewel Coffee,Sesame bagel,$4.40,Bagel,https://healthyeatwhere.com/jewel-coffee/,,2026-08-03,Public web menu static snapshot,4.40,fixed,,price_page
T031,Jewel Coffee,Mushroom soup,$6.10,Soups,https://healthyeatwhere.com/jewel-coffee/,,2026-08-03,Public web menu static snapshot,6.10,fixed,,price_page
T031,Jewel Coffee,Tomato soup,$6.10,Soups,https://healthyeatwhere.com/jewel-coffee/,,2026-08-03,Public web menu static snapshot,6.10,fixed,,price_page
T031,Jewel Coffee,Chocolate ice cream,$3.60,Ice Cream,https://healthyeatwhere.com/jewel-coffee/,,2026-08-03,Public web menu static snapshot,3.60,fixed,,price_page
T031,Jewel Coffee,Vanilla ice cream,$3.60,Ice Cream,https://healthyeatwhere.com/jewel-coffee/,,2026-08-03,Public web menu static snapshot,3.60,fixed,,price_page
T031,Jewel Coffee,Chocolate brownie with ice cream,$8.10,Ice Cream,https://healthyeatwhere.com/jewel-coffee/,,2026-08-03,Public web menu static snapshot,8.10,fixed,,price_page
T031,Jewel Coffee,Chocolate chuck cookie,$4.40,Cookies,https://healthyeatwhere.com/jewel-coffee/,,2026-08-03,Public web menu static snapshot,4.40,fixed,,price_page
T031,Jewel Coffee,Orange juice,$6.20,Juices,https://healthyeatwhere.com/jewel-coffee/,,2026-08-03,Public web menu static snapshot,6.20,fixed,,price_page
T031,Jewel Coffee,Lemonade,$6.20,Juices,https://healthyeatwhere.com/jewel-coffee/,,2026-08-03,Public web menu static snapshot,6.20,fixed,,price_page
T031,Jewel Coffee,Otis oat milk,$7.30,Oat milk,https://healthyeatwhere.com/jewel-coffee/,,2026-08-03,Public web menu static snapshot,7.30,fixed,,price_page
T031,Jewel Coffee,Otis oat milk barista,$7.55,Oat milk,https://healthyeatwhere.com/jewel-coffee/,,2026-08-03,Public web menu static snapshot,7.55,fixed,,price_page
T031,Jewel Coffee,Otis choc oat milk,$7.55,Oat milk,https://healthyeatwhere.com/jewel-coffee/,,2026-08-03,Public web menu static snapshot,7.55,fixed,,price_page
T031,Jewel Coffee,Latte,$6.80,Coffee,https://healthyeatwhere.com/jewel-coffee/,,2026-08-03,Public web menu static snapshot,6.80,fixed,,price_page
T031,Jewel Coffee,Mocha,$7.30,Coffee,https://healthyeatwhere.com/jewel-coffee/,,2026-08-03,Public web menu static snapshot,7.30,fixed,,price_page
T031,Jewel Coffee,Flat white,$6.80,Coffee,https://healthyeatwhere.com/jewel-coffee/,,2026-08-03,Public web menu static snapshot,6.80,fixed,,price_page
T031,Jewel Coffee,Cappuccino,$6.30,Coffee,https://healthyeatwhere.com/jewel-coffee/,,2026-08-03,Public web menu static snapshot,6.30,fixed,,price_page
T031,Jewel Coffee,The Gibraltar,$6.10,Coffee,https://healthyeatwhere.com/jewel-coffee/,,2026-08-03,Public web menu static snapshot,6.10,fixed,,price_page
T031,Jewel Coffee,Americano,$6.00,Coffee,https://healthyeatwhere.com/jewel-coffee/,,2026-08-03,Public web menu static snapshot,6.00,fixed,,price_page
T031,Jewel Coffee,Long Black,$6.00,Coffee,https://healthyeatwhere.com/jewel-coffee/,,2026-08-03,Public web menu static snapshot,6.00,fixed,,price_page
T031,Jewel Coffee,Espresso,$5.20,Coffee,https://healthyeatwhere.com/jewel-coffee/,,2026-08-03,Public web menu static snapshot,5.20,fixed,,price_page
T031,Jewel Coffee,Macchiato,$5.20,Coffee,https://healthyeatwhere.com/jewel-coffee/,,2026-08-03,Public web menu static snapshot,5.20,fixed,,price_page
T031,Jewel Coffee,Soy Gibraltar,$7.10,Coffee,https://healthyeatwhere.com/jewel-coffee/,,2026-08-03,Public web menu static snapshot,7.10,fixed,,price_page
T031,Jewel Coffee,Low fat flat white,$6.80,Coffee,https://healthyeatwhere.com/jewel-coffee/,,2026-08-03,Public web menu static snapshot,6.80,fixed,,price_page
T031,Jewel Coffee,Low fat latte,$6.80,Coffee,https://healthyeatwhere.com/jewel-coffee/,,2026-08-03,Public web menu static snapshot,6.80,fixed,,price_page
T031,Jewel Coffee,Soy latte,$7.80,Coffee,https://healthyeatwhere.com/jewel-coffee/,,2026-08-03,Public web menu static snapshot,7.80,fixed,,price_page
T031,Jewel Coffee,Soy flat white,$7.80,Coffee,https://healthyeatwhere.com/jewel-coffee/,,2026-08-03,Public web menu static snapshot,7.80,fixed,,price_page
T031,Jewel Coffee,Low fat mocha,$7.30,Coffee,https://healthyeatwhere.com/jewel-coffee/,,2026-08-03,Public web menu static snapshot,7.30,fixed,,price_page
T031,Jewel Coffee,Soy mocha,$8.30,Coffee,https://healthyeatwhere.com/jewel-coffee/,,2026-08-03,Public web menu static snapshot,8.30,fixed,,price_page
T031,Jewel Coffee,Iced latte,$7.80,Coffee,https://healthyeatwhere.com/jewel-coffee/,,2026-08-03,Public web menu static snapshot,7.80,fixed,,price_page
T031,Jewel Coffee,Matcha latte,$7.10,Other beverages,https://healthyeatwhere.com/jewel-coffee/,,2026-08-03,Public web menu static snapshot,7.10,fixed,,price_page
T031,Jewel Coffee,Mocha frappe,$9.10,Other beverages,https://healthyeatwhere.com/jewel-coffee/,,2026-08-03,Public web menu static snapshot,9.10,fixed,,price_page
T031,Jewel Coffee,Taro latte,$6.60,Other beverages,https://healthyeatwhere.com/jewel-coffee/,,2026-08-03,Public web menu static snapshot,6.60,fixed,,price_page
T031,Jewel Coffee,Cookies & cream frappe,$7.60,Other beverages,https://healthyeatwhere.com/jewel-coffee/,,2026-08-03,Public web menu static snapshot,7.60,fixed,,price_page
T031,Jewel Coffee,Chocolate,$7.30,Other beverages,https://healthyeatwhere.com/jewel-coffee/,,2026-08-03,Public web menu static snapshot,7.30,fixed,,price_page
T031,Jewel Coffee,Vanilla thickshake,$10.10,Other beverages,https://healthyeatwhere.com/jewel-coffee/,,2026-08-03,Public web menu static snapshot,10.10,fixed,,price_page
T031,Jewel Coffee,Affogato,$8.40,Other beverages,https://healthyeatwhere.com/jewel-coffee/,,2026-08-03,Public web menu static snapshot,8.40,fixed,,price_page
T031,Jewel Coffee,Chocolate thickshake,$10.10,Other beverages,https://healthyeatwhere.com/jewel-coffee/,,2026-08-03,Public web menu static snapshot,10.10,fixed,,price_page
T031,Jewel Coffee,Espresso thickshake,$11.10,Other beverages,https://healthyeatwhere.com/jewel-coffee/,,2026-08-03,Public web menu static snapshot,11.10,fixed,,price_page
T031,Jewel Coffee,Soy chocolate,$8.30,Other beverages,https://healthyeatwhere.com/jewel-coffee/,,2026-08-03,Public web menu static snapshot,8.30,fixed,,price_page
T031,Jewel Coffee,Steamed milk,$4.90,Other beverages,https://healthyeatwhere.com/jewel-coffee/,,2026-08-03,Public web menu static snapshot,4.90,fixed,,price_page
T031,Jewel Coffee,Iced milk,$4.90,Other beverages,https://healthyeatwhere.com/jewel-coffee/,,2026-08-03,Public web menu static snapshot,4.90,fixed,,price_page
T031,Jewel Coffee,Hot soy milk,$5.90,Other beverages,https://healthyeatwhere.com/jewel-coffee/,,2026-08-03,Public web menu static snapshot,5.90,fixed,,price_page
T031,Jewel Coffee,Matcha frappe,$8.60,Other beverages,https://healthyeatwhere.com/jewel-coffee/,,2026-08-03,Public web menu static snapshot,8.60,fixed,,price_page
T031,Jewel Coffee,Taro frappe,$8.10,Other beverages,https://healthyeatwhere.com/jewel-coffee/,,2026-08-03,Public web menu static snapshot,8.10,fixed,,price_page
T031,Jewel Coffee,JC Mineral water,$2.80,Other beverages,https://healthyeatwhere.com/jewel-coffee/,,2026-08-03,Public web menu static snapshot,2.80,fixed,,price_page
T031,Jewel Coffee,Coconut water,$3.50,Other beverages,https://healthyeatwhere.com/jewel-coffee/,,2026-08-03,Public web menu static snapshot,3.50,fixed,,price_page
T031,Jewel Coffee,Ice Mocha,$8.30,Other beverages,https://healthyeatwhere.com/jewel-coffee/,,2026-08-03,Public web menu static snapshot,8.30,fixed,,price_page
T031,Jewel Coffee,Ice matcha,$8.10,Other beverages,https://healthyeatwhere.com/jewel-coffee/,,2026-08-03,Public web menu static snapshot,8.10,fixed,,price_page
T031,Jewel Coffee,Ice Taro,$7.60,Other beverages,https://healthyeatwhere.com/jewel-coffee/,,2026-08-03,Public web menu static snapshot,7.60,fixed,,price_page
T031,Jewel Coffee,Jasmine green tea,$3.00,Canned beverages,https://healthyeatwhere.com/jewel-coffee/,,2026-08-03,Public web menu static snapshot,3.00,fixed,,price_page
T031,Jewel Coffee,Coca cola zero sugar,$3.00,Canned beverages,https://healthyeatwhere.com/jewel-coffee/,,2026-08-03,Public web menu static snapshot,3.00,fixed,,price_page
T031,Jewel Coffee,Fuji apple sparklin less sugar,$3.60,Canned beverages,https://healthyeatwhere.com/jewel-coffee/,,2026-08-03,Public web menu static snapshot,3.60,fixed,,price_page
T031,Jewel Coffee,Pokka peach tea,$3.30,Canned beverages,https://healthyeatwhere.com/jewel-coffee/,,2026-08-03,Public web menu static snapshot,3.30,fixed,,price_page
T031,Jewel Coffee,Pokka ice lemon tea,$3.30,Canned beverages,https://healthyeatwhere.com/jewel-coffee/,,2026-08-03,Public web menu static snapshot,3.30,fixed,,price_page
T031,Jewel Coffee,Brew of the day,$4.20,Brewed Coffee,https://healthyeatwhere.com/jewel-coffee/,,2026-08-03,Public web menu static snapshot,4.20,fixed,,price_page
T031,Jewel Coffee,Brewed coffee V60,$6.80,Brewed Coffee,https://healthyeatwhere.com/jewel-coffee/,,2026-08-03,Public web menu static snapshot,6.80,fixed,,price_page
T031,Jewel Coffee,Brewed coffee chemex,$6.80,Brewed Coffee,https://healthyeatwhere.com/jewel-coffee/,,2026-08-03,Public web menu static snapshot,6.80,fixed,,price_page
T031,Jewel Coffee,Cold brew,$6.80,Brewed Coffee,https://healthyeatwhere.com/jewel-coffee/,,2026-08-03,Public web menu static snapshot,6.80,fixed,,price_page
T031,Jewel Coffee,Breakfast tea,$5.80,Premium Assorted Tea,https://healthyeatwhere.com/jewel-coffee/,,2026-08-03,Public web menu static snapshot,5.80,fixed,,price_page
T031,Jewel Coffee,Earl grey tea,$5.80,Premium Assorted Tea,https://healthyeatwhere.com/jewel-coffee/,,2026-08-03,Public web menu static snapshot,5.80,fixed,,price_page
T031,Jewel Coffee,Sencha tea,$5.80,Premium Assorted Tea,https://healthyeatwhere.com/jewel-coffee/,,2026-08-03,Public web menu static snapshot,5.80,fixed,,price_page
T031,Jewel Coffee,Peony jade tea,$5.80,Premium Assorted Tea,https://healthyeatwhere.com/jewel-coffee/,,2026-08-03,Public web menu static snapshot,5.80,fixed,,price_page
T031,Jewel Coffee,Chamomile tea,$5.80,Premium Assorted Tea,https://healthyeatwhere.com/jewel-coffee/,,2026-08-03,Public web menu static snapshot,5.80,fixed,,price_page
T031,Jewel Coffee,Peppermint tea,$5.80,Premium Assorted Tea,https://healthyeatwhere.com/jewel-coffee/,,2026-08-03,Public web menu static snapshot,5.80,fixed,,price_page
T031,Jewel Coffee,English breakfast tea,$5.80,Premium Assorted Tea,https://healthyeatwhere.com/jewel-coffee/,,2026-08-03,Public web menu static snapshot,5.80,fixed,,price_page
T031,Jewel Coffee,Ice tea of the day,$6.80,Ice tea,https://healthyeatwhere.com/jewel-coffee/,,2026-08-03,Public web menu static snapshot,6.80,fixed,,price_page
T046,Xin Wang Hong Kong Cafe,Crystal har gao (3pcs),$6.31,Dim Sum,https://healthyeatwhere.com/xin-wang-hong-kong-cafe-menu-sg/,,2026-08-03,Public web menu static snapshot,6.31,fixed,,price_page
T046,Xin Wang Hong Kong Cafe,Siew Mai (3pcs),$6.31,Dim Sum,https://healthyeatwhere.com/xin-wang-hong-kong-cafe-menu-sg/,,2026-08-03,Public web menu static snapshot,6.31,fixed,,price_page
T046,Xin Wang Hong Kong Cafe,Golden custard bun (1pc),$6.31,Dim Sum,https://healthyeatwhere.com/xin-wang-hong-kong-cafe-menu-sg/,,2026-08-03,Public web menu static snapshot,6.31,fixed,,price_page
T046,Xin Wang Hong Kong Cafe,Deep fried spring roll (8pcs),$6.31,Dim Sum,https://healthyeatwhere.com/xin-wang-hong-kong-cafe-menu-sg/,,2026-08-03,Public web menu static snapshot,6.31,fixed,,price_page
T046,Xin Wang Hong Kong Cafe,Golden crispy prawn cake (1pc),$7.60,Dim Sum,https://healthyeatwhere.com/xin-wang-hong-kong-cafe-menu-sg/,,2026-08-03,Public web menu static snapshot,7.60,fixed,,price_page
T046,Xin Wang Hong Kong Cafe,Steamed spare ribs with black bean sauce,$7.60,Dim Sum,https://healthyeatwhere.com/xin-wang-hong-kong-cafe-menu-sg/,,2026-08-03,Public web menu static snapshot,7.60,fixed,,price_page
T046,Xin Wang Hong Kong Cafe,Steamed char siew bun (2pcs),$6.31,Dim Sum,https://healthyeatwhere.com/xin-wang-hong-kong-cafe-menu-sg/,,2026-08-03,Public web menu static snapshot,6.31,fixed,,price_page
T046,Xin Wang Hong Kong Cafe,Steamed lotus paste bun (2pcs),$5.03,Dim Sum,https://healthyeatwhere.com/xin-wang-hong-kong-cafe-menu-sg/,,2026-08-03,Public web menu static snapshot,5.03,fixed,,price_page
T046,Xin Wang Hong Kong Cafe,Tiger prawn roll (3pcs),$7.60,Dim Sum,https://healthyeatwhere.com/xin-wang-hong-kong-cafe-menu-sg/,,2026-08-03,Public web menu static snapshot,7.60,fixed,,price_page
T046,Xin Wang Hong Kong Cafe,Pan fried radish cake (3pcs),$6.31,Dim Sum,https://healthyeatwhere.com/xin-wang-hong-kong-cafe-menu-sg/,,2026-08-03,Public web menu static snapshot,6.31,fixed,,price_page
T046,Xin Wang Hong Kong Cafe,Lotus glutinous rice (1pc),$6.31,Dim Sum,https://healthyeatwhere.com/xin-wang-hong-kong-cafe-menu-sg/,,2026-08-03,Public web menu static snapshot,6.31,fixed,,price_page
T046,Xin Wang Hong Kong Cafe,Traditional cheong fun with chilli & scallion,$5.03,Dim Sum,https://healthyeatwhere.com/xin-wang-hong-kong-cafe-menu-sg/,,2026-08-03,Public web menu static snapshot,5.03,fixed,,price_page
T046,Xin Wang Hong Kong Cafe,Curry chicken cheong fun,$7.60,Dim Sum,https://healthyeatwhere.com/xin-wang-hong-kong-cafe-menu-sg/,,2026-08-03,Public web menu static snapshot,7.60,fixed,,price_page
T046,Xin Wang Hong Kong Cafe,Braised beef brisket cheong fun,$8.88,Dim Sum,https://healthyeatwhere.com/xin-wang-hong-kong-cafe-menu-sg/,,2026-08-03,Public web menu static snapshot,8.88,fixed,,price_page
T046,Xin Wang Hong Kong Cafe,Peanut porridge,$3.85,Dim Sum,https://healthyeatwhere.com/xin-wang-hong-kong-cafe-menu-sg/,,2026-08-03,Public web menu static snapshot,3.85,fixed,,price_page
T046,Xin Wang Hong Kong Cafe,Tender pork century egg porridge,$6.31,Dim Sum,https://healthyeatwhere.com/xin-wang-hong-kong-cafe-menu-sg/,,2026-08-03,Public web menu static snapshot,6.31,fixed,,price_page
T046,Xin Wang Hong Kong Cafe,Honey butter French toast,$6.31,From the Oven,https://healthyeatwhere.com/xin-wang-hong-kong-cafe-menu-sg/,,2026-08-03,Public web menu static snapshot,6.31,fixed,,price_page
T046,Xin Wang Hong Kong Cafe,Peanut butter French toast,$7.60,From the Oven,https://healthyeatwhere.com/xin-wang-hong-kong-cafe-menu-sg/,,2026-08-03,Public web menu static snapshot,7.60,fixed,,price_page
T046,Xin Wang Hong Kong Cafe,HK style curry chicken with crispy rugby bun,$8.88,From the Oven,https://healthyeatwhere.com/xin-wang-hong-kong-cafe-menu-sg/,,2026-08-03,Public web menu static snapshot,8.88,fixed,,price_page
T046,Xin Wang Hong Kong Cafe,Signature crispy rugby bun with butter,$2.46,From the Oven,https://healthyeatwhere.com/xin-wang-hong-kong-cafe-menu-sg/,,2026-08-03,Public web menu static snapshot,2.46,fixed,,price_page
T046,Xin Wang Hong Kong Cafe,Bo lo bao (1pc),$5.03,From the Oven,https://healthyeatwhere.com/xin-wang-hong-kong-cafe-menu-sg/,,2026-08-03,Public web menu static snapshot,5.03,fixed,,price_page
T046,Xin Wang Hong Kong Cafe,Luncheon meat & fried egg sandwich,$5.14,From the Oven,https://healthyeatwhere.com/xin-wang-hong-kong-cafe-menu-sg/,,2026-08-03,Public web menu static snapshot,5.14,fixed,,price_page
T046,Xin Wang Hong Kong Cafe,Shrimp paste chicken mid-joint wing (6pcs),$12.73,Snacks,https://healthyeatwhere.com/xin-wang-hong-kong-cafe-menu-sg/,,2026-08-03,Public web menu static snapshot,12.73,fixed,,price_page
T046,Xin Wang Hong Kong Cafe,XO fried carrot cake,$11.45,Snacks,https://healthyeatwhere.com/xin-wang-hong-kong-cafe-menu-sg/,,2026-08-03,Public web menu static snapshot,11.45,fixed,,price_page
T046,Xin Wang Hong Kong Cafe,French fries,$5.03,Snacks,https://healthyeatwhere.com/xin-wang-hong-kong-cafe-menu-sg/,,2026-08-03,Public web menu static snapshot,5.03,fixed,,price_page
T046,Xin Wang Hong Kong Cafe,Cheesy French fries,$6.31,Snacks,https://healthyeatwhere.com/xin-wang-hong-kong-cafe-menu-sg/,,2026-08-03,Public web menu static snapshot,6.31,fixed,,price_page
T046,Xin Wang Hong Kong Cafe,Luncheon meat fries,$7.60,Snacks,https://healthyeatwhere.com/xin-wang-hong-kong-cafe-menu-sg/,,2026-08-03,Public web menu static snapshot,7.60,fixed,,price_page
T046,Xin Wang Hong Kong Cafe,Spicy shrimp wanton (5pcs),$10.17,Snacks,https://healthyeatwhere.com/xin-wang-hong-kong-cafe-menu-sg/,,2026-08-03,Public web menu static snapshot,10.17,fixed,,price_page
T046,Xin Wang Hong Kong Cafe,Stir-fried garlic kai lan,$10.17,HK Delicacies,https://healthyeatwhere.com/xin-wang-hong-kong-cafe-menu-sg/,,2026-08-03,Public web menu static snapshot,10.17,fixed,,price_page
T046,Xin Wang Hong Kong Cafe,Stir-fried garlic dou miao,$10.17,HK Delicacies,https://healthyeatwhere.com/xin-wang-hong-kong-cafe-menu-sg/,,2026-08-03,Public web menu static snapshot,10.17,fixed,,price_page
T046,Xin Wang Hong Kong Cafe,Tri-egg Chinese spinach,$11.45,HK Delicacies,https://healthyeatwhere.com/xin-wang-hong-kong-cafe-menu-sg/,,2026-08-03,Public web menu static snapshot,11.45,fixed,,price_page
T046,Xin Wang Hong Kong Cafe,Sweet & sour pork,$12.73,HK Delicacies,https://healthyeatwhere.com/xin-wang-hong-kong-cafe-menu-sg/,,2026-08-03,Public web menu static snapshot,12.73,fixed,,price_page
T046,Xin Wang Hong Kong Cafe,Prawn omelette,$12.73,HK Delicacies,https://healthyeatwhere.com/xin-wang-hong-kong-cafe-menu-sg/,,2026-08-03,Public web menu static snapshot,12.73,fixed,,price_page
T046,Xin Wang Hong Kong Cafe,Claypot Hainanese chap chye,$11.45,HK Delicacies,https://healthyeatwhere.com/xin-wang-hong-kong-cafe-menu-sg/,,2026-08-03,Public web menu static snapshot,11.45,fixed,,price_page
T046,Xin Wang Hong Kong Cafe,Claypot prawn vermicelli,$14.02,HK Delicacies,https://healthyeatwhere.com/xin-wang-hong-kong-cafe-menu-sg/,,2026-08-03,Public web menu static snapshot,14.02,fixed,,price_page
T046,Xin Wang Hong Kong Cafe,Claypot braised beef brisket,$17.87,HK Delicacies,https://healthyeatwhere.com/xin-wang-hong-kong-cafe-menu-sg/,,2026-08-03,Public web menu static snapshot,17.87,fixed,,price_page
T046,Xin Wang Hong Kong Cafe,Luncheon meat & egg homemade papaya soup bee hoon,$15.30,Noodle speciality,https://healthyeatwhere.com/xin-wang-hong-kong-cafe-menu-sg/,,2026-08-03,Public web menu static snapshot,15.30,fixed,,price_page
T046,Xin Wang Hong Kong Cafe,Chicken chop & egg homemade papaya soup bee hoon,$14.02,Noodle speciality,https://healthyeatwhere.com/xin-wang-hong-kong-cafe-menu-sg/,,2026-08-03,Public web menu static snapshot,14.02,fixed,,price_page
T046,Xin Wang Hong Kong Cafe,Pork chop & egg homemade papaya soup bee hoon,$15.30,Noodle speciality,https://healthyeatwhere.com/xin-wang-hong-kong-cafe-menu-sg/,,2026-08-03,Public web menu static snapshot,15.30,fixed,,price_page
T046,Xin Wang Hong Kong Cafe,Luncheon meat & egg dry/soup Nissin noodle,$11.45,Noodle speciality,https://healthyeatwhere.com/xin-wang-hong-kong-cafe-menu-sg/,,2026-08-03,Public web menu static snapshot,11.45,fixed,,price_page
T046,Xin Wang Hong Kong Cafe,Chicken chop & egg dry/soup Nissin noodle,$12.73,Noodle speciality,https://healthyeatwhere.com/xin-wang-hong-kong-cafe-menu-sg/,,2026-08-03,Public web menu static snapshot,12.73,fixed,,price_page
T046,Xin Wang Hong Kong Cafe,Braised beef brisket & egg dry/soup Nissin noodle,$16.59,Noodle speciality,https://healthyeatwhere.com/xin-wang-hong-kong-cafe-menu-sg/,,2026-08-03,Public web menu static snapshot,16.59,fixed,,price_page
T046,Xin Wang Hong Kong Cafe,XW signature fried noodle,$14.02,Noodle speciality,https://healthyeatwhere.com/xin-wang-hong-kong-cafe-menu-sg/,,2026-08-03,Public web menu static snapshot,14.02,fixed,,price_page
T046,Xin Wang Hong Kong Cafe,Seafood silky egg hor fun,$15.30,Noodle speciality,https://healthyeatwhere.com/xin-wang-hong-kong-cafe-menu-sg/,,2026-08-03,Public web menu static snapshot,15.30,fixed,,price_page
T046,Xin Wang Hong Kong Cafe,Seafood crispy egg noodle,$15.30,Noodle speciality,https://healthyeatwhere.com/xin-wang-hong-kong-cafe-menu-sg/,,2026-08-03,Public web menu static snapshot,15.30,fixed,,price_page
T046,Xin Wang Hong Kong Cafe,HK-style stir-fried beef hor fun,$15.30,Noodle speciality,https://healthyeatwhere.com/xin-wang-hong-kong-cafe-menu-sg/,,2026-08-03,Public web menu static snapshot,15.30,fixed,,price_page
T046,Xin Wang Hong Kong Cafe,Braised curry chicken bee hoon,$15.30,Noodle speciality,https://healthyeatwhere.com/xin-wang-hong-kong-cafe-menu-sg/,,2026-08-03,Public web menu static snapshot,15.30,fixed,,price_page
T046,Xin Wang Hong Kong Cafe,XW signature fried rice,$14.02,For the love of rice,https://healthyeatwhere.com/xin-wang-hong-kong-cafe-menu-sg/,,2026-08-03,Public web menu static snapshot,14.02,fixed,,price_page
T046,Xin Wang Hong Kong Cafe,Steamed chicken leg with sand ginger rice,$14.02,For the love of rice,https://healthyeatwhere.com/xin-wang-hong-kong-cafe-menu-sg/,,2026-08-03,Public web menu static snapshot,14.02,fixed,,price_page
T046,Xin Wang Hong Kong Cafe,Olive fried rice with pork chop,$15.30,For the love of rice,https://healthyeatwhere.com/xin-wang-hong-kong-cafe-menu-sg/,,2026-08-03,Public web menu static snapshot,15.30,fixed,,price_page
T046,Xin Wang Hong Kong Cafe,HK-style curry chicken rice,$12.73,For the love of rice,https://healthyeatwhere.com/xin-wang-hong-kong-cafe-menu-sg/,,2026-08-03,Public web menu static snapshot,12.73,fixed,,price_page
T046,Xin Wang Hong Kong Cafe,Braised beef brisket with fried egg rice,$16.59,For the love of rice,https://healthyeatwhere.com/xin-wang-hong-kong-cafe-menu-sg/,,2026-08-03,Public web menu static snapshot,16.59,fixed,,price_page
T046,Xin Wang Hong Kong Cafe,Curry beef brisket rice,$16.59,For the love of rice,https://healthyeatwhere.com/xin-wang-hong-kong-cafe-menu-sg/,,2026-08-03,Public web menu static snapshot,16.59,fixed,,price_page
T046,Xin Wang Hong Kong Cafe,Sweet & sour pork with fried egg rice,$12.73,For the love of rice,https://healthyeatwhere.com/xin-wang-hong-kong-cafe-menu-sg/,,2026-08-03,Public web menu static snapshot,12.73,fixed,,price_page
T046,Xin Wang Hong Kong Cafe,Egg fried rice,$8.88,For the love of rice,https://healthyeatwhere.com/xin-wang-hong-kong-cafe-menu-sg/,,2026-08-03,Public web menu static snapshot,8.88,fixed,,price_page
T046,Xin Wang Hong Kong Cafe,Steamed rice,$1.93,For the love of rice,https://healthyeatwhere.com/xin-wang-hong-kong-cafe-menu-sg/,,2026-08-03,Public web menu static snapshot,1.93,fixed,,price_page
T046,Xin Wang Hong Kong Cafe,Prawn scrambled egg rice,$12.84,HK-style Scrambled Egg Rice,https://healthyeatwhere.com/xin-wang-hong-kong-cafe-menu-sg/,,2026-08-03,Public web menu static snapshot,12.84,fixed,,price_page
T046,Xin Wang Hong Kong Cafe,Curry beef scrambled egg rice,$12.84,HK-style Scrambled Egg Rice,https://healthyeatwhere.com/xin-wang-hong-kong-cafe-menu-sg/,,2026-08-03,Public web menu static snapshot,12.84,fixed,,price_page
T046,Xin Wang Hong Kong Cafe,Sliced fish scrambled egg rice,$12.84,HK-style Scrambled Egg Rice,https://healthyeatwhere.com/xin-wang-hong-kong-cafe-menu-sg/,,2026-08-03,Public web menu static snapshot,12.84,fixed,,price_page
T046,Xin Wang Hong Kong Cafe,Luncheon meat scrambled egg rice,$12.84,HK-style Scrambled Egg Rice,https://healthyeatwhere.com/xin-wang-hong-kong-cafe-menu-sg/,,2026-08-03,Public web menu static snapshot,12.84,fixed,,price_page
T046,Xin Wang Hong Kong Cafe,Prime sirloin steak hotplate,$23.01,Western delights,https://healthyeatwhere.com/xin-wang-hong-kong-cafe-menu-sg/,,2026-08-03,Public web menu static snapshot,23.01,fixed,,price_page
T046,Xin Wang Hong Kong Cafe,Prime ribeye steak hotplate,$25.57,Western delights,https://healthyeatwhere.com/xin-wang-hong-kong-cafe-menu-sg/,,2026-08-03,Public web menu static snapshot,25.57,fixed,,price_page
T046,Xin Wang Hong Kong Cafe,"Char-grilled chicken chop with creamy mushroom/black pepper sauce, spaghetti & sunny side up egg",$16.59,Western delights,https://healthyeatwhere.com/xin-wang-hong-kong-cafe-menu-sg/,,2026-08-03,Public web menu static snapshot,16.59,fixed,,price_page
T046,Xin Wang Hong Kong Cafe,"Char-grilled pork chop with creamy mushroom/black pepper sauce, spaghetti & sunny side up egg",$19.15,Western delights,https://healthyeatwhere.com/xin-wang-hong-kong-cafe-menu-sg/,,2026-08-03,Public web menu static snapshot,19.15,fixed,,price_page
T046,Xin Wang Hong Kong Cafe,"Chicken chop with creamy mushroom/black pepper/HK curry sauce, spaghetti & sunny side up egg",$16.59,Western delights,https://healthyeatwhere.com/xin-wang-hong-kong-cafe-menu-sg/,,2026-08-03,Public web menu static snapshot,16.59,fixed,,price_page
T046,Xin Wang Hong Kong Cafe,"Pork chop with mushroom/black pepper/curry sauce, spaghetti & sunny side up egg",$16.59,Western delights,https://healthyeatwhere.com/xin-wang-hong-kong-cafe-menu-sg/,,2026-08-03,Public web menu static snapshot,16.59,fixed,,price_page
T046,Xin Wang Hong Kong Cafe,"Chicken chop with creamy mushroom/black pepper/HK curry sauce, egg fried rice & sunny side up egg",$16.59,Western delights,https://healthyeatwhere.com/xin-wang-hong-kong-cafe-menu-sg/,,2026-08-03,Public web menu static snapshot,16.59,fixed,,price_page
T046,Xin Wang Hong Kong Cafe,"Pork chop with mushroom/black pepper/curry sauce, egg fried rice & sunny side up egg",$16.59,Western delights,https://healthyeatwhere.com/xin-wang-hong-kong-cafe-menu-sg/,,2026-08-03,Public web menu static snapshot,16.59,fixed,,price_page
T046,Xin Wang Hong Kong Cafe,Cheese baked mixed grill fried rice,$17.87,Western delights,https://healthyeatwhere.com/xin-wang-hong-kong-cafe-menu-sg/,,2026-08-03,Public web menu static snapshot,17.87,fixed,,price_page
T046,Xin Wang Hong Kong Cafe,Cheese baked pork chop fried rice,$16.59,Western delights,https://healthyeatwhere.com/xin-wang-hong-kong-cafe-menu-sg/,,2026-08-03,Public web menu static snapshot,16.59,fixed,,price_page
T046,Xin Wang Hong Kong Cafe,Cheese baked teriyaki chicken fried rice,$15.30,Western delights,https://healthyeatwhere.com/xin-wang-hong-kong-cafe-menu-sg/,,2026-08-03,Public web menu static snapshot,15.30,fixed,,price_page
T046,Xin Wang Hong Kong Cafe,Cheese baked curry chicken fried rice,$15.30,Western delights,https://healthyeatwhere.com/xin-wang-hong-kong-cafe-menu-sg/,,2026-08-03,Public web menu static snapshot,15.30,fixed,,price_page
T046,Xin Wang Hong Kong Cafe,Creamy chicken chop spaghetti,$15.30,Western delights,https://healthyeatwhere.com/xin-wang-hong-kong-cafe-menu-sg/,,2026-08-03,Public web menu static snapshot,15.30,fixed,,price_page
T046,Xin Wang Hong Kong Cafe,Mango pomelo,$8.88,Desserts,https://healthyeatwhere.com/xin-wang-hong-kong-cafe-menu-sg/,,2026-08-03,Public web menu static snapshot,8.88,fixed,,price_page
T046,Xin Wang Hong Kong Cafe,Iced aiyu jelly with sea coconut,$6.31,Desserts,https://healthyeatwhere.com/xin-wang-hong-kong-cafe-menu-sg/,,2026-08-03,Public web menu static snapshot,6.31,fixed,,price_page
T046,Xin Wang Hong Kong Cafe,Red bean pancake,$8.88,Desserts,https://healthyeatwhere.com/xin-wang-hong-kong-cafe-menu-sg/,,2026-08-03,Public web menu static snapshot,8.88,fixed,,price_page
T046,Xin Wang Hong Kong Cafe,Glutinous black sesame rice ball in sesame soup,$6.31,Desserts,https://healthyeatwhere.com/xin-wang-hong-kong-cafe-menu-sg/,,2026-08-03,Public web menu static snapshot,6.31,fixed,,price_page
T046,Xin Wang Hong Kong Cafe,Glutinous black sesame/peanut rice ball in almond soup,$6.31,Desserts,https://healthyeatwhere.com/xin-wang-hong-kong-cafe-menu-sg/,,2026-08-03,Public web menu static snapshot,6.31,fixed,,price_page
T046,Xin Wang Hong Kong Cafe,Glutinous rice ball coated with peanut,$6.31,Desserts,https://healthyeatwhere.com/xin-wang-hong-kong-cafe-menu-sg/,,2026-08-03,Public web menu static snapshot,6.31,fixed,,price_page
T046,Xin Wang Hong Kong Cafe,Iced HK milk tea,$5.03,Cold Drinks,https://healthyeatwhere.com/xin-wang-hong-kong-cafe-menu-sg/,,2026-08-03,Public web menu static snapshot,5.03,fixed,,price_page
T046,Xin Wang Hong Kong Cafe,Iced HK milk tea float,$7.60,Cold Drinks,https://healthyeatwhere.com/xin-wang-hong-kong-cafe-menu-sg/,,2026-08-03,Public web menu static snapshot,7.60,fixed,,price_page
T046,Xin Wang Hong Kong Cafe,Iced HK ying yong,$5.03,Cold Drinks,https://healthyeatwhere.com/xin-wang-hong-kong-cafe-menu-sg/,,2026-08-03,Public web menu static snapshot,5.03,fixed,,price_page
T046,Xin Wang Hong Kong Cafe,Iced HK ying yong float,$7.60,Cold Drinks,https://healthyeatwhere.com/xin-wang-hong-kong-cafe-menu-sg/,,2026-08-03,Public web menu static snapshot,7.60,fixed,,price_page
T046,Xin Wang Hong Kong Cafe,Yakult lychee fizz,$8.88,Cold Drinks,https://healthyeatwhere.com/xin-wang-hong-kong-cafe-menu-sg/,,2026-08-03,Public web menu static snapshot,8.88,fixed,,price_page
T046,Xin Wang Hong Kong Cafe,Yakult milkshake,$8.88,Cold Drinks,https://healthyeatwhere.com/xin-wang-hong-kong-cafe-menu-sg/,,2026-08-03,Public web menu static snapshot,8.88,fixed,,price_page
T046,Xin Wang Hong Kong Cafe,Yakult watermelon fizz,$8.88,Cold Drinks,https://healthyeatwhere.com/xin-wang-hong-kong-cafe-menu-sg/,,2026-08-03,Public web menu static snapshot,8.88,fixed,,price_page
T046,Xin Wang Hong Kong Cafe,Yakult mango fizz,$8.88,Cold Drinks,https://healthyeatwhere.com/xin-wang-hong-kong-cafe-menu-sg/,,2026-08-03,Public web menu static snapshot,8.88,fixed,,price_page
T046,Xin Wang Hong Kong Cafe,Lychee oolong tea cooler,$7.60,Cold Drinks,https://healthyeatwhere.com/xin-wang-hong-kong-cafe-menu-sg/,,2026-08-03,Public web menu static snapshot,7.60,fixed,,price_page
T046,Xin Wang Hong Kong Cafe,Strawberry Oolong tea cooler,$7.60,Cold Drinks,https://healthyeatwhere.com/xin-wang-hong-kong-cafe-menu-sg/,,2026-08-03,Public web menu static snapshot,7.60,fixed,,price_page
T046,Xin Wang Hong Kong Cafe,Mango Oolong tea cooler,$7.60,Cold Drinks,https://healthyeatwhere.com/xin-wang-hong-kong-cafe-menu-sg/,,2026-08-03,Public web menu static snapshot,7.60,fixed,,price_page
T046,Xin Wang Hong Kong Cafe,Iced ribena with lemon soda,$6.31,Cold Drinks,https://healthyeatwhere.com/xin-wang-hong-kong-cafe-menu-sg/,,2026-08-03,Public web menu static snapshot,6.31,fixed,,price_page
T046,Xin Wang Hong Kong Cafe,Black cow,$7.60,Cold Drinks,https://healthyeatwhere.com/xin-wang-hong-kong-cafe-menu-sg/,,2026-08-03,Public web menu static snapshot,7.60,fixed,,price_page
T046,Xin Wang Hong Kong Cafe,Homemade red bean soy milk,$7.60,Cold Drinks,https://healthyeatwhere.com/xin-wang-hong-kong-cafe-menu-sg/,,2026-08-03,Public web menu static snapshot,7.60,fixed,,price_page
T046,Xin Wang Hong Kong Cafe,Iced lemon tea,$6.31,Cold Drinks,https://healthyeatwhere.com/xin-wang-hong-kong-cafe-menu-sg/,,2026-08-03,Public web menu static snapshot,6.31,fixed,,price_page
T046,Xin Wang Hong Kong Cafe,Iced lime juice,$6.31,Cold Drinks,https://healthyeatwhere.com/xin-wang-hong-kong-cafe-menu-sg/,,2026-08-03,Public web menu static snapshot,6.31,fixed,,price_page
T046,Xin Wang Hong Kong Cafe,Iced honey lemon,$6.31,Cold Drinks,https://healthyeatwhere.com/xin-wang-hong-kong-cafe-menu-sg/,,2026-08-03,Public web menu static snapshot,6.31,fixed,,price_page
T046,Xin Wang Hong Kong Cafe,Iced yuzu tea,$6.31,Cold Drinks,https://healthyeatwhere.com/xin-wang-hong-kong-cafe-menu-sg/,,2026-08-03,Public web menu static snapshot,6.31,fixed,,price_page
T046,Xin Wang Hong Kong Cafe,Iced soy milk,$5.03,Cold Drinks,https://healthyeatwhere.com/xin-wang-hong-kong-cafe-menu-sg/,,2026-08-03,Public web menu static snapshot,5.03,fixed,,price_page
T046,Xin Wang Hong Kong Cafe,Iced grass jelly,$5.03,Cold Drinks,https://healthyeatwhere.com/xin-wang-hong-kong-cafe-menu-sg/,,2026-08-03,Public web menu static snapshot,5.03,fixed,,price_page
T046,Xin Wang Hong Kong Cafe,Iced rainbow sprite,$6.31,Cold Drinks,https://healthyeatwhere.com/xin-wang-hong-kong-cafe-menu-sg/,,2026-08-03,Public web menu static snapshot,6.31,fixed,,price_page
T046,Xin Wang Hong Kong Cafe,Lychee aloe vera,$7.60,Cold Drinks,https://healthyeatwhere.com/xin-wang-hong-kong-cafe-menu-sg/,,2026-08-03,Public web menu static snapshot,7.60,fixed,,price_page
T046,Xin Wang Hong Kong Cafe,Iced milo,$5.03,Cold Drinks,https://healthyeatwhere.com/xin-wang-hong-kong-cafe-menu-sg/,,2026-08-03,Public web menu static snapshot,5.03,fixed,,price_page
T046,Xin Wang Hong Kong Cafe,Iced milo dinosaur,$6.31,Cold Drinks,https://healthyeatwhere.com/xin-wang-hong-kong-cafe-menu-sg/,,2026-08-03,Public web menu static snapshot,6.31,fixed,,price_page
T046,Xin Wang Hong Kong Cafe,Coke,$3.75,Cold Drinks,https://healthyeatwhere.com/xin-wang-hong-kong-cafe-menu-sg/,,2026-08-03,Public web menu static snapshot,3.75,fixed,,price_page
T046,Xin Wang Hong Kong Cafe,Coke zero,$3.75,Cold Drinks,https://healthyeatwhere.com/xin-wang-hong-kong-cafe-menu-sg/,,2026-08-03,Public web menu static snapshot,3.75,fixed,,price_page
T046,Xin Wang Hong Kong Cafe,Sprite,$3.75,Cold Drinks,https://healthyeatwhere.com/xin-wang-hong-kong-cafe-menu-sg/,,2026-08-03,Public web menu static snapshot,3.75,fixed,,price_page
T046,Xin Wang Hong Kong Cafe,Iced sprite with salty lemon,$6.71,Cold Drinks,https://healthyeatwhere.com/xin-wang-hong-kong-cafe-menu-sg/,,2026-08-03,Public web menu static snapshot,6.71,fixed,,price_page
T046,Xin Wang Hong Kong Cafe,HK Milk tea,$3.75,Hot drinks,https://healthyeatwhere.com/xin-wang-hong-kong-cafe-menu-sg/,,2026-08-03,Public web menu static snapshot,3.75,fixed,,price_page
T046,Xin Wang Hong Kong Cafe,HK ying yong,$3.75,Hot drinks,https://healthyeatwhere.com/xin-wang-hong-kong-cafe-menu-sg/,,2026-08-03,Public web menu static snapshot,3.75,fixed,,price_page
T046,Xin Wang Hong Kong Cafe,Honey lemon,$5.03,Hot drinks,https://healthyeatwhere.com/xin-wang-hong-kong-cafe-menu-sg/,,2026-08-03,Public web menu static snapshot,5.03,fixed,,price_page
T046,Xin Wang Hong Kong Cafe,Yuzu tea,$5.03,Hot drinks,https://healthyeatwhere.com/xin-wang-hong-kong-cafe-menu-sg/,,2026-08-03,Public web menu static snapshot,5.03,fixed,,price_page
T046,Xin Wang Hong Kong Cafe,Fresh soy milk,$3.75,Hot drinks,https://healthyeatwhere.com/xin-wang-hong-kong-cafe-menu-sg/,,2026-08-03,Public web menu static snapshot,3.75,fixed,,price_page
T046,Xin Wang Hong Kong Cafe,Honey ginger tea,$3.75,Hot drinks,https://healthyeatwhere.com/xin-wang-hong-kong-cafe-menu-sg/,,2026-08-03,Public web menu static snapshot,3.75,fixed,,price_page
T046,Xin Wang Hong Kong Cafe,Kopi,$3.75,Hot drinks,https://healthyeatwhere.com/xin-wang-hong-kong-cafe-menu-sg/,,2026-08-03,Public web menu static snapshot,3.75,fixed,,price_page
T046,Xin Wang Hong Kong Cafe,Teh,$3.75,Hot drinks,https://healthyeatwhere.com/xin-wang-hong-kong-cafe-menu-sg/,,2026-08-03,Public web menu static snapshot,3.75,fixed,,price_page
T046,Xin Wang Hong Kong Cafe,Milo,$3.75,Hot drinks,https://healthyeatwhere.com/xin-wang-hong-kong-cafe-menu-sg/,,2026-08-03,Public web menu static snapshot,3.75,fixed,,price_page
T046,Xin Wang Hong Kong Cafe,Chinese tea,$2.46,Hot drinks,https://healthyeatwhere.com/xin-wang-hong-kong-cafe-menu-sg/,,2026-08-03,Public web menu static snapshot,2.46,fixed,,price_page
T028,Starbucks,Regular Coffee Traveller,S$35.20,Starbucks Coffee Traveller Prices,https://menuzsg.com/starbucks-menu-singapore/,,2026-08-03,Public web menu static snapshot,35.20,fixed,,price_page
T028,Starbucks,Mini Coffee Traveller,S$19.50,Starbucks Coffee Traveller Prices,https://menuzsg.com/starbucks-menu-singapore/,,2026-08-03,Public web menu static snapshot,19.50,fixed,,price_page
T028,Starbucks,Caffè Latte (Tall/Grande/Venti),S$7.00 / S$7.50 / S$8.00,Starbucks Hot Drinks Menu Prices,https://menuzsg.com/starbucks-menu-singapore/,,2026-08-03,Public web menu static snapshot,7.00,fixed,,price_page
T028,Starbucks,Cappuccino (Tall/Grande/Venti),S$7.00 / S$7.50 / S$8.00,Starbucks Hot Drinks Menu Prices,https://menuzsg.com/starbucks-menu-singapore/,,2026-08-03,Public web menu static snapshot,7.00,fixed,,price_page
T028,Starbucks,Caramel Macchiato (Tall/Grande/Venti),S$7.50 / S$8.00 / S$8.50,Starbucks Hot Drinks Menu Prices,https://menuzsg.com/starbucks-menu-singapore/,,2026-08-03,Public web menu static snapshot,7.50,fixed,,price_page
T028,Starbucks,Pumpkin Spice Latte (Tall/Grande/Venti),S$8.30 / S$8.90 / S$9.50,Starbucks Hot Drinks Menu Prices,https://menuzsg.com/starbucks-menu-singapore/,,2026-08-03,Public web menu static snapshot,8.30,fixed,,price_page
T028,Starbucks,Caffè Mocha (Tall/Grande/Venti),S$7.50 / S$8.00 / S$8.50,Starbucks Hot Drinks Menu Prices,https://menuzsg.com/starbucks-menu-singapore/,,2026-08-03,Public web menu static snapshot,7.50,fixed,,price_page
T028,Starbucks,White Chocolate Mocha (Tall/Grande/Venti),S$7.50 / S$8.10 / S$8.70,Starbucks Hot Drinks Menu Prices,https://menuzsg.com/starbucks-menu-singapore/,,2026-08-03,Public web menu static snapshot,7.50,fixed,,price_page
T028,Starbucks,Vanilla Latte (Tall/Grande/Venti),S$7.50 / S$8.00 / S$8.50,Starbucks Hot Drinks Menu Prices,https://menuzsg.com/starbucks-menu-singapore/,,2026-08-03,Public web menu static snapshot,7.50,fixed,,price_page
T028,Starbucks,Caffè Americano (Tall/Grande/Venti),S$5.90 / S$6.40 / S$7.00,Starbucks Espresso Menu Prices,https://menuzsg.com/starbucks-menu-singapore/,,2026-08-03,Public web menu static snapshot,5.90,fixed,,price_page
T028,Starbucks,Flat White (Tall/Grande/Venti),S$7.50 / S$8.00 / S$8.50,Starbucks Espresso Menu Prices,https://menuzsg.com/starbucks-menu-singapore/,,2026-08-03,Public web menu static snapshot,7.50,fixed,,price_page
T028,Starbucks,Espresso Macchiato,from S$5.20,Starbucks Espresso Menu Prices,https://menuzsg.com/starbucks-menu-singapore/,,2026-08-03,Public web menu static snapshot,5.20,starting_price,,price_page
T028,Starbucks,Iced Caffè Latte (Tall/Grande/Venti),S$7.00 / S$7.50 / S$8.00,Starbucks Espresso Menu Prices,https://menuzsg.com/starbucks-menu-singapore/,,2026-08-03,Public web menu static snapshot,7.00,fixed,,price_page
T028,Starbucks,Iced Caramel Macchiato (Tall/Grande/Venti),S$7.50 / S$8.00 / S$8.50,Starbucks Espresso Menu Prices,https://menuzsg.com/starbucks-menu-singapore/,,2026-08-03,Public web menu static snapshot,7.50,fixed,,price_page
T028,Starbucks,Iced Brown Sugar Oatmilk Shaken Espresso (Tall/Grande/Venti),S$8.30 / S$8.90 / S$9.50,Starbucks Espresso Menu Prices,https://menuzsg.com/starbucks-menu-singapore/,,2026-08-03,Public web menu static snapshot,8.30,fixed,,price_page
T028,Starbucks,Iced Chocolate Malt Oatmilk Shaken Espresso (Tall/Grande/Venti),S$8.30 / S$8.90 / S$9.50,Starbucks Espresso Menu Prices,https://menuzsg.com/starbucks-menu-singapore/,,2026-08-03,Public web menu static snapshot,8.30,fixed,,price_page
T028,Starbucks,Brewed Coffee (Tall/Grande/Venti),S$4.40 / S$4.90 / S$5.40,Starbucks Brewed Coffee & Cold Brews Prices,https://menuzsg.com/starbucks-menu-singapore/,,2026-08-03,Public web menu static snapshot,4.40,fixed,,price_page
T028,Starbucks,Cold Brew (Tall/Grande/Venti),S$6.90 / S$7.50 / S$8.00,Starbucks Brewed Coffee & Cold Brews Prices,https://menuzsg.com/starbucks-menu-singapore/,,2026-08-03,Public web menu static snapshot,6.90,fixed,,price_page
T028,Starbucks,Nitro Cold Brew (Tall/Grande),S$7.50 / S$8.00,Starbucks Brewed Coffee & Cold Brews Prices,https://menuzsg.com/starbucks-menu-singapore/,,2026-08-03,Public web menu static snapshot,7.50,fixed,,price_page
T028,Starbucks,Vanilla Sweet Cream Cold Brew (Tall/Grande/Venti),S$7.50 / S$8.00 / S$8.50,Starbucks Brewed Coffee & Cold Brews Prices,https://menuzsg.com/starbucks-menu-singapore/,,2026-08-03,Public web menu static snapshot,7.50,fixed,,price_page
T028,Starbucks,Nitro Sweet Cream Cold Brew (Tall/Grande),S$8.00 / S$8.50,Starbucks Brewed Coffee & Cold Brews Prices,https://menuzsg.com/starbucks-menu-singapore/,,2026-08-03,Public web menu static snapshot,8.00,fixed,,price_page
T028,Starbucks,Chai Tea Latte (Tall/Grande/Venti),S$7.30 / S$7.80 / S$8.30,Starbucks Tea Lattes Prices,https://menuzsg.com/starbucks-menu-singapore/,,2026-08-03,Public web menu static snapshot,7.30,fixed,,price_page
T028,Starbucks,Matcha Tea Latte (Tall/Grande/Venti),S$7.30 / S$7.80 / S$8.30,Starbucks Tea Lattes Prices,https://menuzsg.com/starbucks-menu-singapore/,,2026-08-03,Public web menu static snapshot,7.30,fixed,,price_page
T028,Starbucks,Hojicha Tea Latte (Tall/Grande/Venti),S$7.30 / S$7.80 / S$8.30,Starbucks Tea Lattes Prices,https://menuzsg.com/starbucks-menu-singapore/,,2026-08-03,Public web menu static snapshot,7.30,fixed,,price_page
T028,Starbucks,Earl Grey Tea Latte (Tall/Grande/Venti),S$7.30 / S$7.80 / S$8.30,Starbucks Tea Lattes Prices,https://menuzsg.com/starbucks-menu-singapore/,,2026-08-03,Public web menu static snapshot,7.30,fixed,,price_page
T028,Starbucks,Iced Caffè Americano (Tall/Grande/Venti),S$5.90 / S$6.40 / S$7.00,Starbucks Iced Drinks Prices,https://menuzsg.com/starbucks-menu-singapore/,,2026-08-03,Public web menu static snapshot,5.90,fixed,,price_page
T028,Starbucks,Iced Caffè Mocha (Tall/Grande/Venti),S$7.50 / S$8.00 / S$8.10,Starbucks Iced Drinks Prices,https://menuzsg.com/starbucks-menu-singapore/,,2026-08-03,Public web menu static snapshot,7.50,fixed,,price_page
T028,Starbucks,Iced White Chocolate Mocha (Tall/Grande/Venti),S$7.50 / S$8.00 / S$8.50,Starbucks Iced Drinks Prices,https://menuzsg.com/starbucks-menu-singapore/,,2026-08-03,Public web menu static snapshot,7.50,fixed,,price_page
T028,Starbucks,Iced Matcha Tea Latte (Tall/Grande/Venti),S$7.30 / S$7.80 / S$8.30,Starbucks Iced Drinks Prices,https://menuzsg.com/starbucks-menu-singapore/,,2026-08-03,Public web menu static snapshot,7.30,fixed,,price_page
T028,Starbucks,Iced Chai Tea Latte (Tall/Grande/Venti),S$7.30 / S$7.80 / S$8.30,Starbucks Iced Drinks Prices,https://menuzsg.com/starbucks-menu-singapore/,,2026-08-03,Public web menu static snapshot,7.30,fixed,,price_page
T028,Starbucks,Caramel Frappuccino® (Tall/Grande/Venti),S$7.50 / S$8.50 / S$9.50,Starbucks Coffee Frappuccino® Menu Prices,https://menuzsg.com/starbucks-menu-singapore/,,2026-08-03,Public web menu static snapshot,7.50,fixed,,price_page
T028,Starbucks,Mocha Frappuccino® (Tall/Grande/Venti),S$7.50 / S$8.50 / S$9.50,Starbucks Coffee Frappuccino® Menu Prices,https://menuzsg.com/starbucks-menu-singapore/,,2026-08-03,Public web menu static snapshot,7.50,fixed,,price_page
T028,Starbucks,Java Chip Frappuccino® (Tall/Grande/Venti),S$8.00 / S$9.00 / S$10.00,Starbucks Coffee Frappuccino® Menu Prices,https://menuzsg.com/starbucks-menu-singapore/,,2026-08-03,Public web menu static snapshot,8.00,fixed,,price_page
T028,Starbucks,Espresso Frappuccino® (Tall/Grande/Venti),S$7.50 / S$8.50 / S$9.50,Starbucks Coffee Frappuccino® Menu Prices,https://menuzsg.com/starbucks-menu-singapore/,,2026-08-03,Public web menu static snapshot,7.50,fixed,,price_page
T028,Starbucks,Pumpkin Spice Frappuccino® (Tall/Grande/Venti),S$8.70 / S$9.60 / S$10.50,Starbucks Coffee Frappuccino® Menu Prices,https://menuzsg.com/starbucks-menu-singapore/,,2026-08-03,Public web menu static snapshot,8.70,fixed,,price_page
T028,Starbucks,Brown Sugar Cocoa Oatmilk Frappuccino® (Tall/Grande/Venti),S$8.70 / S$9.60 / S$10.50,Starbucks Coffee Frappuccino® Menu Prices,https://menuzsg.com/starbucks-menu-singapore/,,2026-08-03,Public web menu static snapshot,8.70,fixed,,price_page
T028,Starbucks,Vanilla Crème Frappuccino® (Tall/Grande/Venti),S$7.00 / S$8.00 / S$9.00,Starbucks Creme Frappuccino® Menu Prices,https://menuzsg.com/starbucks-menu-singapore/,,2026-08-03,Public web menu static snapshot,7.00,fixed,,price_page
T028,Starbucks,Pure Matcha Crème Frappuccino® (Tall/Grande/Venti),S$7.50 / S$8.50 / S$9.50,Starbucks Creme Frappuccino® Menu Prices,https://menuzsg.com/starbucks-menu-singapore/,,2026-08-03,Public web menu static snapshot,7.50,fixed,,price_page
T028,Starbucks,Hojicha Tea Crème Frappuccino® (Tall/Grande/Venti),S$7.50 / S$8.50 / S$9.50,Starbucks Creme Frappuccino® Menu Prices,https://menuzsg.com/starbucks-menu-singapore/,,2026-08-03,Public web menu static snapshot,7.50,fixed,,price_page
T028,Starbucks,Chocolate Chip Crème Frappuccino® (Tall/Grande/Venti),S$7.50 / S$8.50 / S$9.50,Starbucks Creme Frappuccino® Menu Prices,https://menuzsg.com/starbucks-menu-singapore/,,2026-08-03,Public web menu static snapshot,7.50,fixed,,price_page
T028,Starbucks,Raspberry Black Currant Blended Juice (Tall/Grande/Venti),from S$7.70,Starbucks Juice Frappuccino® Menu Prices,https://menuzsg.com/starbucks-menu-singapore/,,2026-08-03,Public web menu static snapshot,7.70,starting_price,,price_page
T028,Starbucks,Mango Passion Fruit Blended Juice (Tall/Grande/Venti),from S$7.70,Starbucks Juice Frappuccino® Menu Prices,https://menuzsg.com/starbucks-menu-singapore/,,2026-08-03,Public web menu static snapshot,7.70,starting_price,,price_page
T028,Starbucks,Mango Dragonfruit Refresher (Tall/Grande/Venti),S$7.00 / S$7.50 / S$8.00,Starbucks Refreshers™ Menu Prices,https://menuzsg.com/starbucks-menu-singapore/,,2026-08-03,Public web menu static snapshot,7.00,fixed,,price_page
T028,Starbucks,Strawberry Açaí Refresher (Tall/Grande/Venti),S$7.00 / S$7.50 / S$8.00,Starbucks Refreshers™ Menu Prices,https://menuzsg.com/starbucks-menu-singapore/,,2026-08-03,Public web menu static snapshot,7.00,fixed,,price_page
T028,Starbucks,Pineapple Passionfruit Refresher (Tall/Grande/Venti),S$7.00 / S$7.50 / S$8.00,Starbucks Refreshers™ Menu Prices,https://menuzsg.com/starbucks-menu-singapore/,,2026-08-03,Public web menu static snapshot,7.00,fixed,,price_page
T028,Starbucks,Emperor’s Clouds & Mist,from S$4.20,Starbucks Teavana™ Tea Menu Prices,https://menuzsg.com/starbucks-menu-singapore/,,2026-08-03,Public web menu static snapshot,4.20,starting_price,,price_page
T028,Starbucks,Youthberry,from S$4.20,Starbucks Teavana™ Tea Menu Prices,https://menuzsg.com/starbucks-menu-singapore/,,2026-08-03,Public web menu static snapshot,4.20,starting_price,,price_page
T028,Starbucks,Jade Citrus Mint,from S$4.20,Starbucks Teavana™ Tea Menu Prices,https://menuzsg.com/starbucks-menu-singapore/,,2026-08-03,Public web menu static snapshot,4.20,starting_price,,price_page
T028,Starbucks,Peach Tranquility,from S$4.20,Starbucks Teavana™ Tea Menu Prices,https://menuzsg.com/starbucks-menu-singapore/,,2026-08-03,Public web menu static snapshot,4.20,starting_price,,price_page
T028,Starbucks,Hot Chocolate (Tall/Grande/Venti),S$6.50 / S$7.00 / S$7.50,Starbucks Other Drinks Menu Prices,https://menuzsg.com/starbucks-menu-singapore/,,2026-08-03,Public web menu static snapshot,6.50,fixed,,price_page
T028,Starbucks,Matcha Lemonade (Tall/Grande/Venti),from S$7.50,Starbucks Other Drinks Menu Prices,https://menuzsg.com/starbucks-menu-singapore/,,2026-08-03,Public web menu static snapshot,7.50,starting_price,,price_page
T028,Starbucks,Lemonade (Tall/Grande/Venti),from S$5.00,Starbucks Other Drinks Menu Prices,https://menuzsg.com/starbucks-menu-singapore/,,2026-08-03,Public web menu static snapshot,5.00,starting_price,,price_page
T028,Starbucks,Delivery Exclusive Bundle Set A,S$10.50,Starbucks Delivery Exclusive Menu Prices,https://menuzsg.com/starbucks-menu-singapore/,,2026-08-03,Public web menu static snapshot,10.50,fixed,,price_page
T028,Starbucks,Delivery Exclusive Bundle Set B,S$13.50,Starbucks Delivery Exclusive Menu Prices,https://menuzsg.com/starbucks-menu-singapore/,,2026-08-03,Public web menu static snapshot,13.50,fixed,,price_page
T028,Starbucks,VIA® Instant Colombia (3-pack),S$7.40,Starbucks VIA® Ready Brew Menu Prices,https://menuzsg.com/starbucks-menu-singapore/,,2026-08-03,Public web menu static snapshot,7.40,fixed,,price_page
T028,Starbucks,VIA® Instant Italian Roast (3-pack),S$7.40,Starbucks VIA® Ready Brew Menu Prices,https://menuzsg.com/starbucks-menu-singapore/,,2026-08-03,Public web menu static snapshot,7.40,fixed,,price_page
T028,Starbucks,VIA® Instant Pike Place® Roast (3-pack),S$7.40,Starbucks VIA® Ready Brew Menu Prices,https://menuzsg.com/starbucks-menu-singapore/,,2026-08-03,Public web menu static snapshot,7.40,fixed,,price_page
T028,Starbucks,VIA® Instant (12-pack),S$14.40,Starbucks VIA® Ready Brew Menu Prices,https://menuzsg.com/starbucks-menu-singapore/,,2026-08-03,Public web menu static snapshot,14.40,fixed,,price_page
T028,Starbucks,Starbucks Blonde Roast Whole Bean,S$14.40,Starbucks Whole Bean Prices,https://menuzsg.com/starbucks-menu-singapore/,,2026-08-03,Public web menu static snapshot,14.40,fixed,,price_page
T028,Starbucks,Starbucks Pike Place® Roast Whole Bean,S$14.40,Starbucks Whole Bean Prices,https://menuzsg.com/starbucks-menu-singapore/,,2026-08-03,Public web menu static snapshot,14.40,fixed,,price_page
T028,Starbucks,Starbucks Dark Roast Whole Bean,S$14.40,Starbucks Whole Bean Prices,https://menuzsg.com/starbucks-menu-singapore/,,2026-08-03,Public web menu static snapshot,14.40,fixed,,price_page
T028,Starbucks,Starbucks Reserve Whole Bean,S$17.40,Starbucks Whole Bean Prices,https://menuzsg.com/starbucks-menu-singapore/,,2026-08-03,Public web menu static snapshot,17.40,fixed,,price_page
T028,Starbucks,Personal Drip Coffee (Single),S$10.40,Starbucks Personal Drip Coffee Prices,https://menuzsg.com/starbucks-menu-singapore/,,2026-08-03,Public web menu static snapshot,10.40,fixed,,price_page
T028,Starbucks,Truffle Cream & Turkey Bacon Croissant,S$8.50,Starbucks Hearty Sandwiches Menu Prices,https://menuzsg.com/starbucks-menu-singapore/,,2026-08-03,Public web menu static snapshot,8.50,fixed,,price_page
T028,Starbucks,Egg Mayo Sandwich,S$7.50,Starbucks Hearty Sandwiches Menu Prices,https://menuzsg.com/starbucks-menu-singapore/,,2026-08-03,Public web menu static snapshot,7.50,fixed,,price_page
T028,Starbucks,Chicken & Mushroom Panini,S$8.50,Starbucks Hearty Sandwiches Menu Prices,https://menuzsg.com/starbucks-menu-singapore/,,2026-08-03,Public web menu static snapshot,8.50,fixed,,price_page
T028,Starbucks,BLT Club Sandwich,S$8.50,Starbucks Hearty Sandwiches Menu Prices,https://menuzsg.com/starbucks-menu-singapore/,,2026-08-03,Public web menu static snapshot,8.50,fixed,,price_page
T028,Starbucks,Hainanese Chicken Rice Wrap,S$8.40,Starbucks Wraps Menu Prices,https://menuzsg.com/starbucks-menu-singapore/,,2026-08-03,Public web menu static snapshot,8.40,fixed,,price_page
T028,Starbucks,Smoked Salmon & Cream Cheese Wrap,S$8.40,Starbucks Wraps Menu Prices,https://menuzsg.com/starbucks-menu-singapore/,,2026-08-03,Public web menu static snapshot,8.40,fixed,,price_page
T028,Starbucks,Turkey & Avocado Wrap,S$7.40,Starbucks Wraps Menu Prices,https://menuzsg.com/starbucks-menu-singapore/,,2026-08-03,Public web menu static snapshot,7.40,fixed,,price_page
T028,Starbucks,Blueberry Crumble Muffin,S$6.00,Starbucks Bakery Menu Prices,https://menuzsg.com/starbucks-menu-singapore/,,2026-08-03,Public web menu static snapshot,6.00,fixed,,price_page
T028,Starbucks,Chocolate Crumble Muffin,S$6.00,Starbucks Bakery Menu Prices,https://menuzsg.com/starbucks-menu-singapore/,,2026-08-03,Public web menu static snapshot,6.00,fixed,,price_page
T028,Starbucks,Butter Croissant,S$5.50,Starbucks Bakery Menu Prices,https://menuzsg.com/starbucks-menu-singapore/,,2026-08-03,Public web menu static snapshot,5.50,fixed,,price_page
T028,Starbucks,Coffee Bolo Bun,S$5.50,Starbucks Bakery Menu Prices,https://menuzsg.com/starbucks-menu-singapore/,,2026-08-03,Public web menu static snapshot,5.50,fixed,,price_page
T028,Starbucks,Earl Grey Lavender Cruffin,S$5.70,Starbucks Bakery Menu Prices,https://menuzsg.com/starbucks-menu-singapore/,,2026-08-03,Public web menu static snapshot,5.70,fixed,,price_page
T028,Starbucks,Vanilla Custard Cruffin,S$5.70,Starbucks Bakery Menu Prices,https://menuzsg.com/starbucks-menu-singapore/,,2026-08-03,Public web menu static snapshot,5.70,fixed,,price_page
T028,Starbucks,Deep Dish Beef Pie,S$7.40,Starbucks Pies & Quiche Prices,https://menuzsg.com/starbucks-menu-singapore/,,2026-08-03,Public web menu static snapshot,7.40,fixed,,price_page
T028,Starbucks,Chicken Quiche,S$7.40,Starbucks Pies & Quiche Prices,https://menuzsg.com/starbucks-menu-singapore/,,2026-08-03,Public web menu static snapshot,7.40,fixed,,price_page
T028,Starbucks,Spinach & Mushroom Quiche,S$7.40,Starbucks Pies & Quiche Prices,https://menuzsg.com/starbucks-menu-singapore/,,2026-08-03,Public web menu static snapshot,7.40,fixed,,price_page
T028,Starbucks,Chocolate Cake,S$8.40,Starbucks Desserts Prices,https://menuzsg.com/starbucks-menu-singapore/,,2026-08-03,Public web menu static snapshot,8.40,fixed,,price_page
T028,Starbucks,Cheesecake Slice,S$8.00,Starbucks Desserts Prices,https://menuzsg.com/starbucks-menu-singapore/,,2026-08-03,Public web menu static snapshot,8.00,fixed,,price_page
T028,Starbucks,Tiramisu,S$8.40,Starbucks Desserts Prices,https://menuzsg.com/starbucks-menu-singapore/,,2026-08-03,Public web menu static snapshot,8.40,fixed,,price_page
T028,Starbucks,Brownie,S$8.00,Starbucks Desserts Prices,https://menuzsg.com/starbucks-menu-singapore/,,2026-08-03,Public web menu static snapshot,8.00,fixed,,price_page
T028,Starbucks,Fruit & Yogurt Parfait,S$7.40,Starbucks Yogurts & Light Bites Prices,https://menuzsg.com/starbucks-menu-singapore/,,2026-08-03,Public web menu static snapshot,7.40,fixed,,price_page
T028,Starbucks,Protein Box,S$7.40,Starbucks Yogurts & Light Bites Prices,https://menuzsg.com/starbucks-menu-singapore/,,2026-08-03,Public web menu static snapshot,7.40,fixed,,price_page
T028,Starbucks,BE-KIND Dark Chocolate Nuts and Sea Salt Bar,S$3.90,Starbucks Yogurts & Light Bites Prices,https://menuzsg.com/starbucks-menu-singapore/,,2026-08-03,Public web menu static snapshot,3.90,fixed,,price_page
T028,Starbucks,Trail Mix,S$5.00,Starbucks Yogurts & Light Bites Prices,https://menuzsg.com/starbucks-menu-singapore/,,2026-08-03,Public web menu static snapshot,5.00,fixed,,price_page
T028,Starbucks,Spinach & Mushroom Quiche,S$7.00,Starbucks Meatless Food Options Menu Prices,https://menuzsg.com/starbucks-menu-singapore/,,2026-08-03,Public web menu static snapshot,7.00,fixed,,price_page
T028,Starbucks,Plant-Based Protein Box,S$8.40,Starbucks Meatless Food Options Menu Prices,https://menuzsg.com/starbucks-menu-singapore/,,2026-08-03,Public web menu static snapshot,8.40,fixed,,price_page
T028,Starbucks,Vegetarian Wrap,S$7.40,Starbucks Meatless Food Options Menu Prices,https://menuzsg.com/starbucks-menu-singapore/,,2026-08-03,Public web menu static snapshot,7.40,fixed,,price_page
T028,Starbucks,Espresso Drinks,S$5.20 – S$9.50,Starbucks Singapore Price Range Summary,https://menuzsg.com/starbucks-menu-singapore/,,2026-08-03,Public web menu static snapshot,5.20,fixed,,price_page
T028,Starbucks,Hot Drinks,S$7.00 – S$9.50,Starbucks Singapore Price Range Summary,https://menuzsg.com/starbucks-menu-singapore/,,2026-08-03,Public web menu static snapshot,7.00,fixed,,price_page
T028,Starbucks,Brewed Coffee & Cold Brews,S$4.40 – S$8.50,Starbucks Singapore Price Range Summary,https://menuzsg.com/starbucks-menu-singapore/,,2026-08-03,Public web menu static snapshot,4.40,fixed,,price_page
T028,Starbucks,Tea Lattes,S$7.30 – S$8.30,Starbucks Singapore Price Range Summary,https://menuzsg.com/starbucks-menu-singapore/,,2026-08-03,Public web menu static snapshot,7.30,fixed,,price_page
T028,Starbucks,Teavana™ Tea,from S$4.20,Starbucks Singapore Price Range Summary,https://menuzsg.com/starbucks-menu-singapore/,,2026-08-03,Public web menu static snapshot,4.20,starting_price,,price_page
T028,Starbucks,Coffee Frappuccino®,S$7.50 – S$10.50,Starbucks Singapore Price Range Summary,https://menuzsg.com/starbucks-menu-singapore/,,2026-08-03,Public web menu static snapshot,7.50,fixed,,price_page
T028,Starbucks,Crème Frappuccino®,S$7.00 – S$9.50,Starbucks Singapore Price Range Summary,https://menuzsg.com/starbucks-menu-singapore/,,2026-08-03,Public web menu static snapshot,7.00,fixed,,price_page
T028,Starbucks,Juice Frappuccino®,from S$7.70,Starbucks Singapore Price Range Summary,https://menuzsg.com/starbucks-menu-singapore/,,2026-08-03,Public web menu static snapshot,7.70,starting_price,,price_page
T028,Starbucks,Refreshers™,S$7.00 – S$8.00,Starbucks Singapore Price Range Summary,https://menuzsg.com/starbucks-menu-singapore/,,2026-08-03,Public web menu static snapshot,7.00,fixed,,price_page
T028,Starbucks,Other Drinks,S$5.00 – S$7.50,Starbucks Singapore Price Range Summary,https://menuzsg.com/starbucks-menu-singapore/,,2026-08-03,Public web menu static snapshot,5.00,fixed,,price_page
T028,Starbucks,Coffee Traveller,S$19.50 – S$35.20,Starbucks Singapore Price Range Summary,https://menuzsg.com/starbucks-menu-singapore/,,2026-08-03,Public web menu static snapshot,19.50,fixed,,price_page
T028,Starbucks,VIA® Ready Brew,S$7.40 – S$14.40,Starbucks Singapore Price Range Summary,https://menuzsg.com/starbucks-menu-singapore/,,2026-08-03,Public web menu static snapshot,7.40,fixed,,price_page
T028,Starbucks,Whole Bean,S$14.40 – S$17.40,Starbucks Singapore Price Range Summary,https://menuzsg.com/starbucks-menu-singapore/,,2026-08-03,Public web menu static snapshot,14.40,fixed,,price_page
T028,Starbucks,Personal Drip Coffee,S$10.40,Starbucks Singapore Price Range Summary,https://menuzsg.com/starbucks-menu-singapore/,,2026-08-03,Public web menu static snapshot,10.40,fixed,,price_page
T028,Starbucks,Delivery Exclusive,S$10.50 – S$13.50,Starbucks Singapore Price Range Summary,https://menuzsg.com/starbucks-menu-singapore/,,2026-08-03,Public web menu static snapshot,10.50,fixed,,price_page
T028,Starbucks,Hearty Sandwiches,S$7.50 – S$8.50,Starbucks Singapore Price Range Summary,https://menuzsg.com/starbucks-menu-singapore/,,2026-08-03,Public web menu static snapshot,7.50,fixed,,price_page
T028,Starbucks,Wraps,S$7.40 – S$8.40,Starbucks Singapore Price Range Summary,https://menuzsg.com/starbucks-menu-singapore/,,2026-08-03,Public web menu static snapshot,7.40,fixed,,price_page
T028,Starbucks,Bakery,S$5.50 – S$6.00,Starbucks Singapore Price Range Summary,https://menuzsg.com/starbucks-menu-singapore/,,2026-08-03,Public web menu static snapshot,5.50,fixed,,price_page
T028,Starbucks,Pies & Quiche,S$7.40,Starbucks Singapore Price Range Summary,https://menuzsg.com/starbucks-menu-singapore/,,2026-08-03,Public web menu static snapshot,7.40,fixed,,price_page
T028,Starbucks,Desserts,S$8.00 – S$8.40,Starbucks Singapore Price Range Summary,https://menuzsg.com/starbucks-menu-singapore/,,2026-08-03,Public web menu static snapshot,8.00,fixed,,price_page
T028,Starbucks,Yogurts & Light Bites,S$3.90 – S$7.40,Starbucks Singapore Price Range Summary,https://menuzsg.com/starbucks-menu-singapore/,,2026-08-03,Public web menu static snapshot,3.90,fixed,,price_page
T028,Starbucks,Meatless Food Options,S$7.00 – S$8.40,Starbucks Singapore Price Range Summary,https://menuzsg.com/starbucks-menu-singapore/,,2026-08-03,Public web menu static snapshot,7.00,fixed,,price_page
T028,Starbucks,Caffè Latte (Grande),S$7.50,Best Selling at Starbucks Singapore,https://menuzsg.com/starbucks-menu-singapore/,,2026-08-03,Public web menu static snapshot,7.50,fixed,,price_page
T028,Starbucks,Caramel Macchiato (Grande),S$8.00,Best Selling at Starbucks Singapore,https://menuzsg.com/starbucks-menu-singapore/,,2026-08-03,Public web menu static snapshot,8.00,fixed,,price_page
T028,Starbucks,Java Chip Frappuccino® (Grande),S$9.00,Best Selling at Starbucks Singapore,https://menuzsg.com/starbucks-menu-singapore/,,2026-08-03,Public web menu static snapshot,9.00,fixed,,price_page
T028,Starbucks,Matcha Tea Latte (Grande),S$7.80,Best Selling at Starbucks Singapore,https://menuzsg.com/starbucks-menu-singapore/,,2026-08-03,Public web menu static snapshot,7.80,fixed,,price_page
T028,Starbucks,Iced Brown Sugar Oatmilk Shaken Espresso (Grande),S$8.90,Best Selling at Starbucks Singapore,https://menuzsg.com/starbucks-menu-singapore/,,2026-08-03,Public web menu static snapshot,8.90,fixed,,price_page
T028,Starbucks,Hainanese Chicken Rice Wrap,S$8.40,Best Selling at Starbucks Singapore,https://menuzsg.com/starbucks-menu-singapore/,,2026-08-03,Public web menu static snapshot,8.40,fixed,,price_page
T028,Starbucks,Earl Grey Lavender Cruffin,S$5.70,Best Selling at Starbucks Singapore,https://menuzsg.com/starbucks-menu-singapore/,,2026-08-03,Public web menu static snapshot,5.70,fixed,,price_page
T028,Starbucks,Cold Brew (Grande),S$7.50,Best Selling at Starbucks Singapore,https://menuzsg.com/starbucks-menu-singapore/,,2026-08-03,Public web menu static snapshot,7.50,fixed,,price_page
T035,Boleh Boleh!,Chicken Chop,$9.90,Boleh Boleh public page,https://clementimall.co/shop/boleh-boleh-clementi-mall,,2026-08-03,Public web menu static snapshot,9.90,fixed,,mall_public_page
T035,Boleh Boleh!,Chicken Cutlet,$9.90,Boleh Boleh public page,https://clementimall.co/shop/boleh-boleh-clementi-mall,,2026-08-03,Public web menu static snapshot,9.90,fixed,,mall_public_page
T035,Boleh Boleh!,Fish & Chip,$9.90,Boleh Boleh public page,https://clementimall.co/shop/boleh-boleh-clementi-mall,,2026-08-03,Public web menu static snapshot,9.90,fixed,,mall_public_page
T035,Boleh Boleh!,½ Spring Chicken,$9.90,Boleh Boleh public page,https://clementimall.co/shop/boleh-boleh-clementi-mall,,2026-08-03,Public web menu static snapshot,9.90,fixed,,mall_public_page
T035,Boleh Boleh!,Chicken Wings (2Pcs),$8.90,Boleh Boleh public page,https://clementimall.co/shop/boleh-boleh-clementi-mall,,2026-08-03,Public web menu static snapshot,8.90,fixed,,mall_public_page
T035,Boleh Boleh!,Chicken Wings (3Pcs),$8.90,Boleh Boleh public page,https://clementimall.co/shop/boleh-boleh-clementi-mall,,2026-08-03,Public web menu static snapshot,8.90,fixed,,mall_public_page
T035,Boleh Boleh!,Lamb Chop,$14.90,Boleh Boleh public page,https://clementimall.co/shop/boleh-boleh-clementi-mall,,2026-08-03,Public web menu static snapshot,14.90,fixed,,mall_public_page
T035,Boleh Boleh!,Sirloin Steak,$14.90,Boleh Boleh public page,https://clementimall.co/shop/boleh-boleh-clementi-mall,,2026-08-03,Public web menu static snapshot,14.90,fixed,,mall_public_page
T035,Boleh Boleh!,Salmon Fish,$13.90,Boleh Boleh public page,https://clementimall.co/shop/boleh-boleh-clementi-mall,,2026-08-03,Public web menu static snapshot,13.90,fixed,,mall_public_page
T035,Boleh Boleh!,Mixed Grill Combo A,$15.90,Boleh Boleh public page,https://clementimall.co/shop/boleh-boleh-clementi-mall,,2026-08-03,Public web menu static snapshot,15.90,fixed,,mall_public_page
T035,Boleh Boleh!,Mixed Grill Combo B,$15.90,Boleh Boleh public page,https://clementimall.co/shop/boleh-boleh-clementi-mall,,2026-08-03,Public web menu static snapshot,15.90,fixed,,mall_public_page
T035,Boleh Boleh!,Chicken,$11.90,Boleh Boleh public page,https://clementimall.co/shop/boleh-boleh-clementi-mall,,2026-08-03,Public web menu static snapshot,11.90,fixed,,mall_public_page
T035,Boleh Boleh!,Chicken Ham,$11.90,Boleh Boleh public page,https://clementimall.co/shop/boleh-boleh-clementi-mall,,2026-08-03,Public web menu static snapshot,11.90,fixed,,mall_public_page
T035,Boleh Boleh!,Fish,$11.90,Boleh Boleh public page,https://clementimall.co/shop/boleh-boleh-clementi-mall,,2026-08-03,Public web menu static snapshot,11.90,fixed,,mall_public_page
T035,Boleh Boleh!,Bolognese,$11.90,Boleh Boleh public page,https://clementimall.co/shop/boleh-boleh-clementi-mall,,2026-08-03,Public web menu static snapshot,11.90,fixed,,mall_public_page
T035,Boleh Boleh!,Chicken Sausage,$11.90,Boleh Boleh public page,https://clementimall.co/shop/boleh-boleh-clementi-mall,,2026-08-03,Public web menu static snapshot,11.90,fixed,,mall_public_page
T035,Boleh Boleh!,Salmon Fish,$12.90,Boleh Boleh public page,https://clementimall.co/shop/boleh-boleh-clementi-mall,,2026-08-03,Public web menu static snapshot,12.90,fixed,,mall_public_page
T035,Boleh Boleh!,Chicken Ham Carbonara,$9.90,Boleh Boleh public page,https://clementimall.co/shop/boleh-boleh-clementi-mall,,2026-08-03,Public web menu static snapshot,9.90,fixed,,mall_public_page
T035,Boleh Boleh!,Chicken Bolognese,$7.90,Boleh Boleh public page,https://clementimall.co/shop/boleh-boleh-clementi-mall,,2026-08-03,Public web menu static snapshot,7.90,fixed,,mall_public_page
T035,Boleh Boleh!,Mushroom Tomato Sauce Spaghetti,$7.90,Boleh Boleh public page,https://clementimall.co/shop/boleh-boleh-clementi-mall,,2026-08-03,Public web menu static snapshot,7.90,fixed,,mall_public_page
T035,Boleh Boleh!,Chicken Sausage Spaghetti,$7.90,Boleh Boleh public page,https://clementimall.co/shop/boleh-boleh-clementi-mall,,2026-08-03,Public web menu static snapshot,7.90,fixed,,mall_public_page
T035,Boleh Boleh!,Chicken Chop Spaghetti,$7.90,Boleh Boleh public page,https://clementimall.co/shop/boleh-boleh-clementi-mall,,2026-08-03,Public web menu static snapshot,7.90,fixed,,mall_public_page
T035,Boleh Boleh!,Chicken Cutlet Spaghetti,$8.90,Boleh Boleh public page,https://clementimall.co/shop/boleh-boleh-clementi-mall,,2026-08-03,Public web menu static snapshot,8.90,fixed,,mall_public_page
T035,Boleh Boleh!,Chicken Wings Spaghetti (2Pcs),$8.90,Boleh Boleh public page,https://clementimall.co/shop/boleh-boleh-clementi-mall,,2026-08-03,Public web menu static snapshot,8.90,fixed,,mall_public_page
T035,Boleh Boleh!,Fried Fish Spaghetti,$8.90,Boleh Boleh public page,https://clementimall.co/shop/boleh-boleh-clementi-mall,,2026-08-03,Public web menu static snapshot,8.90,fixed,,mall_public_page
T035,Boleh Boleh!,Grill Fish Spaghetti,$8.90,Boleh Boleh public page,https://clementimall.co/shop/boleh-boleh-clementi-mall,,2026-08-03,Public web menu static snapshot,8.90,fixed,,mall_public_page
T035,Boleh Boleh!,Salmon Fish Spaghetti,$12.90,Boleh Boleh public page,https://clementimall.co/shop/boleh-boleh-clementi-mall,,2026-08-03,Public web menu static snapshot,12.90,fixed,,mall_public_page
T035,Boleh Boleh!,Chicken Chop w Rice,$9.90,Boleh Boleh public page,https://clementimall.co/shop/boleh-boleh-clementi-mall,,2026-08-03,Public web menu static snapshot,9.90,fixed,,mall_public_page
T035,Boleh Boleh!,Chicken Cutlet w Rice,$9.90,Boleh Boleh public page,https://clementimall.co/shop/boleh-boleh-clementi-mall,,2026-08-03,Public web menu static snapshot,9.90,fixed,,mall_public_page
T035,Boleh Boleh!,Fried Fish w Rice,$9.90,Boleh Boleh public page,https://clementimall.co/shop/boleh-boleh-clementi-mall,,2026-08-03,Public web menu static snapshot,9.90,fixed,,mall_public_page
T035,Boleh Boleh!,Grill Fish w Rice,$9.90,Boleh Boleh public page,https://clementimall.co/shop/boleh-boleh-clementi-mall,,2026-08-03,Public web menu static snapshot,9.90,fixed,,mall_public_page
T035,Boleh Boleh!,½ Spring Chicken w Rice,$9.90,Boleh Boleh public page,https://clementimall.co/shop/boleh-boleh-clementi-mall,,2026-08-03,Public web menu static snapshot,9.90,fixed,,mall_public_page
T035,Boleh Boleh!,Chicken Wings w Rice (2Pcs),$8.90,Boleh Boleh public page,https://clementimall.co/shop/boleh-boleh-clementi-mall,,2026-08-03,Public web menu static snapshot,8.90,fixed,,mall_public_page
T035,Boleh Boleh!,Chicken Wings w Rice (3Pcs),$8.90,Boleh Boleh public page,https://clementimall.co/shop/boleh-boleh-clementi-mall,,2026-08-03,Public web menu static snapshot,8.90,fixed,,mall_public_page
T035,Boleh Boleh!,Lamb Chop w Rice,$14.90,Boleh Boleh public page,https://clementimall.co/shop/boleh-boleh-clementi-mall,,2026-08-03,Public web menu static snapshot,14.90,fixed,,mall_public_page
T035,Boleh Boleh!,Salmon Fish w Rice,$12.90,Boleh Boleh public page,https://clementimall.co/shop/boleh-boleh-clementi-mall,,2026-08-03,Public web menu static snapshot,12.90,fixed,,mall_public_page
T035,Boleh Boleh!,Chicken Ham Fried Rice,$9.90,Boleh Boleh public page,https://clementimall.co/shop/boleh-boleh-clementi-mall,,2026-08-03,Public web menu static snapshot,9.90,fixed,,mall_public_page
T035,Boleh Boleh!,Chicken Wings Fried Rice (2Pcs),$8.90,Boleh Boleh public page,https://clementimall.co/shop/boleh-boleh-clementi-mall,,2026-08-03,Public web menu static snapshot,8.90,fixed,,mall_public_page
T035,Boleh Boleh!,Chicken Wings Fried Rice (3Pcs),$10.90,Boleh Boleh public page,https://clementimall.co/shop/boleh-boleh-clementi-mall,,2026-08-03,Public web menu static snapshot,10.90,fixed,,mall_public_page
T035,Boleh Boleh!,Chicken Chop Fried Rice,$9.90,Boleh Boleh public page,https://clementimall.co/shop/boleh-boleh-clementi-mall,,2026-08-03,Public web menu static snapshot,9.90,fixed,,mall_public_page
T035,Boleh Boleh!,Chicken Cutlet Fried Rice,$10.90,Boleh Boleh public page,https://clementimall.co/shop/boleh-boleh-clementi-mall,,2026-08-03,Public web menu static snapshot,10.90,fixed,,mall_public_page
T035,Boleh Boleh!,Fried Fish Fried Rice,$10.90,Boleh Boleh public page,https://clementimall.co/shop/boleh-boleh-clementi-mall,,2026-08-03,Public web menu static snapshot,10.90,fixed,,mall_public_page
T035,Boleh Boleh!,French Fries,$3.90,Boleh Boleh public page,https://clementimall.co/shop/boleh-boleh-clementi-mall,,2026-08-03,Public web menu static snapshot,3.90,fixed,,mall_public_page
T035,Boleh Boleh!,Cheese Fries,$4.90,Boleh Boleh public page,https://clementimall.co/shop/boleh-boleh-clementi-mall,,2026-08-03,Public web menu static snapshot,4.90,fixed,,mall_public_page
T035,Boleh Boleh!,Mushroom Soup,$2.50,Boleh Boleh public page,https://clementimall.co/shop/boleh-boleh-clementi-mall,,2026-08-03,Public web menu static snapshot,2.50,fixed,,mall_public_page
T035,Boleh Boleh!,Chicken Nuggets w Fries,$6.90,Boleh Boleh public page,https://clementimall.co/shop/boleh-boleh-clementi-mall,,2026-08-03,Public web menu static snapshot,6.90,fixed,,mall_public_page
T035,Boleh Boleh!,Onion Rings,$4.90,Boleh Boleh public page,https://clementimall.co/shop/boleh-boleh-clementi-mall,,2026-08-03,Public web menu static snapshot,4.90,fixed,,mall_public_page
T035,Boleh Boleh!,Kopi O (Hot),$1.40,Boleh Boleh public page,https://clementimall.co/shop/boleh-boleh-clementi-mall,,2026-08-03,Public web menu static snapshot,1.40,fixed,,mall_public_page
T035,Boleh Boleh!,Kopi O (Cold),$1.70,Boleh Boleh public page,https://clementimall.co/shop/boleh-boleh-clementi-mall,,2026-08-03,Public web menu static snapshot,1.70,fixed,,mall_public_page
T035,Boleh Boleh!,Kopi (Hot),$1.60,Boleh Boleh public page,https://clementimall.co/shop/boleh-boleh-clementi-mall,,2026-08-03,Public web menu static snapshot,1.60,fixed,,mall_public_page
T035,Boleh Boleh!,Kopi (Cold),$1.90,Boleh Boleh public page,https://clementimall.co/shop/boleh-boleh-clementi-mall,,2026-08-03,Public web menu static snapshot,1.90,fixed,,mall_public_page
T035,Boleh Boleh!,Kopi C (Hot),$1.70,Boleh Boleh public page,https://clementimall.co/shop/boleh-boleh-clementi-mall,,2026-08-03,Public web menu static snapshot,1.70,fixed,,mall_public_page
T035,Boleh Boleh!,Kopi C (Cold),$2.00,Boleh Boleh public page,https://clementimall.co/shop/boleh-boleh-clementi-mall,,2026-08-03,Public web menu static snapshot,2.00,fixed,,mall_public_page
T035,Boleh Boleh!,Teh O (Hot),$1.40,Boleh Boleh public page,https://clementimall.co/shop/boleh-boleh-clementi-mall,,2026-08-03,Public web menu static snapshot,1.40,fixed,,mall_public_page
T035,Boleh Boleh!,Teh O (Cold),$1.70,Boleh Boleh public page,https://clementimall.co/shop/boleh-boleh-clementi-mall,,2026-08-03,Public web menu static snapshot,1.70,fixed,,mall_public_page
T035,Boleh Boleh!,Teh (Hot),$1.60,Boleh Boleh public page,https://clementimall.co/shop/boleh-boleh-clementi-mall,,2026-08-03,Public web menu static snapshot,1.60,fixed,,mall_public_page
T035,Boleh Boleh!,Teh (Cold),$1.90,Boleh Boleh public page,https://clementimall.co/shop/boleh-boleh-clementi-mall,,2026-08-03,Public web menu static snapshot,1.90,fixed,,mall_public_page
T035,Boleh Boleh!,Teh C (Hot),$1.70,Boleh Boleh public page,https://clementimall.co/shop/boleh-boleh-clementi-mall,,2026-08-03,Public web menu static snapshot,1.70,fixed,,mall_public_page
T035,Boleh Boleh!,Teh C (Cold),$2.00,Boleh Boleh public page,https://clementimall.co/shop/boleh-boleh-clementi-mall,,2026-08-03,Public web menu static snapshot,2.00,fixed,,mall_public_page
T035,Boleh Boleh!,Yuan Yang C (Hot),$1.70,Boleh Boleh public page,https://clementimall.co/shop/boleh-boleh-clementi-mall,,2026-08-03,Public web menu static snapshot,1.70,fixed,,mall_public_page
T035,Boleh Boleh!,Yuan Yang C (Cold),$2.00,Boleh Boleh public page,https://clementimall.co/shop/boleh-boleh-clementi-mall,,2026-08-03,Public web menu static snapshot,2.00,fixed,,mall_public_page
T035,Boleh Boleh!,Milo (Hot),$1.90,Boleh Boleh public page,https://clementimall.co/shop/boleh-boleh-clementi-mall,,2026-08-03,Public web menu static snapshot,1.90,fixed,,mall_public_page
T035,Boleh Boleh!,Milo (Cold),$2.20,Boleh Boleh public page,https://clementimall.co/shop/boleh-boleh-clementi-mall,,2026-08-03,Public web menu static snapshot,2.20,fixed,,mall_public_page
T035,Boleh Boleh!,Milo Dinosaur,$3.00,Boleh Boleh public page,https://clementimall.co/shop/boleh-boleh-clementi-mall,,2026-08-03,Public web menu static snapshot,3.00,fixed,,mall_public_page
T035,Boleh Boleh!,Hot Water,$0.50,Boleh Boleh public page,https://clementimall.co/shop/boleh-boleh-clementi-mall,,2026-08-03,Public web menu static snapshot,0.50,fixed,,mall_public_page
T035,Boleh Boleh!,Chinese Tea,$1.40,Boleh Boleh public page,https://clementimall.co/shop/boleh-boleh-clementi-mall,,2026-08-03,Public web menu static snapshot,1.40,fixed,,mall_public_page
T035,Boleh Boleh!,Ginger Tea,$1.60,Boleh Boleh public page,https://clementimall.co/shop/boleh-boleh-clementi-mall,,2026-08-03,Public web menu static snapshot,1.60,fixed,,mall_public_page
T035,Boleh Boleh!,Canned Drinks,$2.00,Boleh Boleh public page,https://clementimall.co/shop/boleh-boleh-clementi-mall,,2026-08-03,Public web menu static snapshot,2.00,fixed,,mall_public_page
T035,Boleh Boleh!,Bottled Water,$1.50,Boleh Boleh public page,https://clementimall.co/shop/boleh-boleh-clementi-mall,,2026-08-03,Public web menu static snapshot,1.50,fixed,,mall_public_page
T035,Boleh Boleh!,Barley,$2.00,Boleh Boleh public page,https://clementimall.co/shop/boleh-boleh-clementi-mall,,2026-08-03,Public web menu static snapshot,2.00,fixed,,mall_public_page
T035,Boleh Boleh!,Iced Lemon Tea,$2.00,Boleh Boleh public page,https://clementimall.co/shop/boleh-boleh-clementi-mall,,2026-08-03,Public web menu static snapshot,2.00,fixed,,mall_public_page
T035,Boleh Boleh!,Lime Juice,$2.00,Boleh Boleh public page,https://clementimall.co/shop/boleh-boleh-clementi-mall,,2026-08-03,Public web menu static snapshot,2.00,fixed,,mall_public_page
T035,Boleh Boleh!,Mata Kuching,$2.00,Boleh Boleh public page,https://clementimall.co/shop/boleh-boleh-clementi-mall,,2026-08-03,Public web menu static snapshot,2.00,fixed,,mall_public_page
T035,Boleh Boleh!,Soya Milk,$2.00,Boleh Boleh public page,https://clementimall.co/shop/boleh-boleh-clementi-mall,,2026-08-03,Public web menu static snapshot,2.00,fixed,,mall_public_page
T035,Boleh Boleh!,Grass Jelly,$2.00,Boleh Boleh public page,https://clementimall.co/shop/boleh-boleh-clementi-mall,,2026-08-03,Public web menu static snapshot,2.00,fixed,,mall_public_page
T035,Boleh Boleh!,Grass Jelly + Soya Milk,$2.20,Boleh Boleh public page,https://clementimall.co/shop/boleh-boleh-clementi-mall,,2026-08-03,Public web menu static snapshot,2.20,fixed,,mall_public_page
T035,Boleh Boleh!,Durian Ice Kacang,$5.00,Boleh Boleh public page,https://clementimall.co/shop/boleh-boleh-clementi-mall,,2026-08-03,Public web menu static snapshot,5.00,fixed,,mall_public_page
T035,Boleh Boleh!,Ice Kacang,$4.00,Boleh Boleh public page,https://clementimall.co/shop/boleh-boleh-clementi-mall,,2026-08-03,Public web menu static snapshot,4.00,fixed,,mall_public_page
T035,Boleh Boleh!,Takeaway (Drinks),$0.20,Boleh Boleh public page,https://clementimall.co/shop/boleh-boleh-clementi-mall,,2026-08-03,Public web menu static snapshot,0.20,fixed,,mall_public_page
T035,Boleh Boleh!,Takeaway (Ice Kacang),$0.30,Boleh Boleh public page,https://clementimall.co/shop/boleh-boleh-clementi-mall,,2026-08-03,Public web menu static snapshot,0.30,fixed,,mall_public_page
T035,Boleh Boleh!,Less Ice,$0.30,Boleh Boleh public page,https://clementimall.co/shop/boleh-boleh-clementi-mall,,2026-08-03,Public web menu static snapshot,0.30,fixed,,mall_public_page
T035,Boleh Boleh!,No Ice,$0.50,Boleh Boleh public page,https://clementimall.co/shop/boleh-boleh-clementi-mall,,2026-08-03,Public web menu static snapshot,0.50,fixed,,mall_public_page
T035,Boleh Boleh!,Upsize,$1.00,Boleh Boleh public page,https://clementimall.co/shop/boleh-boleh-clementi-mall,,2026-08-03,Public web menu static snapshot,1.00,fixed,,mall_public_page
T035,Boleh Boleh!,Main Hainan Chicken Chop,$6.00,Boleh Boleh public page,https://clementimall.co/shop/boleh-boleh-clementi-mall,,2026-08-03,Public web menu static snapshot,6.00,fixed,,mall_public_page
T035,Boleh Boleh!,Black Pepper Chicken Chop,$7.00,Boleh Boleh public page,https://clementimall.co/shop/boleh-boleh-clementi-mall,,2026-08-03,Public web menu static snapshot,7.00,fixed,,mall_public_page
T035,Boleh Boleh!,Mushroom Chicken Chop,$7.00,Boleh Boleh public page,https://clementimall.co/shop/boleh-boleh-clementi-mall,,2026-08-03,Public web menu static snapshot,7.00,fixed,,mall_public_page
T035,Boleh Boleh!,Fish & Chips,$7.50,Boleh Boleh public page,https://clementimall.co/shop/boleh-boleh-clementi-mall,,2026-08-03,Public web menu static snapshot,7.50,fixed,,mall_public_page
T035,Boleh Boleh!,Breaded Chicken Cutlet,$7.50,Boleh Boleh public page,https://clementimall.co/shop/boleh-boleh-clementi-mall,,2026-08-03,Public web menu static snapshot,7.50,fixed,,mall_public_page
T035,Boleh Boleh!,Black Pepper Ribeye Steak,$12.80,Boleh Boleh public page,https://clementimall.co/shop/boleh-boleh-clementi-mall,,2026-08-03,Public web menu static snapshot,12.80,fixed,,mall_public_page
T035,Boleh Boleh!,Mushroom Ribeye Steak,$12.80,Boleh Boleh public page,https://clementimall.co/shop/boleh-boleh-clementi-mall,,2026-08-03,Public web menu static snapshot,12.80,fixed,,mall_public_page
T035,Boleh Boleh!,Fried Rice With Chicken Chop And Egg,$7.50,Boleh Boleh public page,https://clementimall.co/shop/boleh-boleh-clementi-mall,,2026-08-03,Public web menu static snapshot,7.50,fixed,,mall_public_page
T035,Boleh Boleh!,Signature Hot Plate,$9.50,Boleh Boleh public page,https://clementimall.co/shop/boleh-boleh-clementi-mall,,2026-08-03,Public web menu static snapshot,9.50,fixed,,mall_public_page
T035,Boleh Boleh!,Pasta Shrimp Aglio-Olio Spaghetti,$7.50,Boleh Boleh public page,https://clementimall.co/shop/boleh-boleh-clementi-mall,,2026-08-03,Public web menu static snapshot,7.50,fixed,,mall_public_page
T035,Boleh Boleh!,Fried Fish Aglio-Olio Spaghetti,$7.50,Boleh Boleh public page,https://clementimall.co/shop/boleh-boleh-clementi-mall,,2026-08-03,Public web menu static snapshot,7.50,fixed,,mall_public_page
T035,Boleh Boleh!,Chicken Chop Aglio-Olio Spaghetti,$7.00,Boleh Boleh public page,https://clementimall.co/shop/boleh-boleh-clementi-mall,,2026-08-03,Public web menu static snapshot,7.00,fixed,,mall_public_page
T035,Boleh Boleh!,Vongole Aglio-Olio Spaghetti,$7.50,Boleh Boleh public page,https://clementimall.co/shop/boleh-boleh-clementi-mall,,2026-08-03,Public web menu static snapshot,7.50,fixed,,mall_public_page
T035,Boleh Boleh!,Smoked Duck Aglio-Olio Spaghetti,$7.50,Boleh Boleh public page,https://clementimall.co/shop/boleh-boleh-clementi-mall,,2026-08-03,Public web menu static snapshot,7.50,fixed,,mall_public_page
T035,Boleh Boleh!,Seafood Aglio-Olio Spaghetti,$7.50,Boleh Boleh public page,https://clementimall.co/shop/boleh-boleh-clementi-mall,,2026-08-03,Public web menu static snapshot,7.50,fixed,,mall_public_page
T035,Boleh Boleh!,Shrimp Tomato Spaghetti,$7.50,Boleh Boleh public page,https://clementimall.co/shop/boleh-boleh-clementi-mall,,2026-08-03,Public web menu static snapshot,7.50,fixed,,mall_public_page
T035,Boleh Boleh!,Fried Fish Tomato Spaghetti,$7.50,Boleh Boleh public page,https://clementimall.co/shop/boleh-boleh-clementi-mall,,2026-08-03,Public web menu static snapshot,7.50,fixed,,mall_public_page
T035,Boleh Boleh!,Chicken Chop Tomato Spaghetti,$7.00,Boleh Boleh public page,https://clementimall.co/shop/boleh-boleh-clementi-mall,,2026-08-03,Public web menu static snapshot,7.00,fixed,,mall_public_page
T035,Boleh Boleh!,Vongole Cream Tomato Spaghetti,$7.50,Boleh Boleh public page,https://clementimall.co/shop/boleh-boleh-clementi-mall,,2026-08-03,Public web menu static snapshot,7.50,fixed,,mall_public_page
T035,Boleh Boleh!,Smoked Duck Cream Tomato Spaghetti,$7.50,Boleh Boleh public page,https://clementimall.co/shop/boleh-boleh-clementi-mall,,2026-08-03,Public web menu static snapshot,7.50,fixed,,mall_public_page
T035,Boleh Boleh!,Seafood Cream Tomato Spaghetti,$7.50,Boleh Boleh public page,https://clementimall.co/shop/boleh-boleh-clementi-mall,,2026-08-03,Public web menu static snapshot,7.50,fixed,,mall_public_page
T035,Boleh Boleh!,Shrimp Cream Spaghetti,$7.50,Boleh Boleh public page,https://clementimall.co/shop/boleh-boleh-clementi-mall,,2026-08-03,Public web menu static snapshot,7.50,fixed,,mall_public_page
T035,Boleh Boleh!,Fried Fish Cream Spaghetti,$7.50,Boleh Boleh public page,https://clementimall.co/shop/boleh-boleh-clementi-mall,,2026-08-03,Public web menu static snapshot,7.50,fixed,,mall_public_page
T035,Boleh Boleh!,Chicken Chop Cream Spaghetti,$7.00,Boleh Boleh public page,https://clementimall.co/shop/boleh-boleh-clementi-mall,,2026-08-03,Public web menu static snapshot,7.00,fixed,,mall_public_page
T035,Boleh Boleh!,Vongole Cream Spaghetti,$7.50,Boleh Boleh public page,https://clementimall.co/shop/boleh-boleh-clementi-mall,,2026-08-03,Public web menu static snapshot,7.50,fixed,,mall_public_page
T035,Boleh Boleh!,Smoked Duck Cream Spaghetti,$7.50,Boleh Boleh public page,https://clementimall.co/shop/boleh-boleh-clementi-mall,,2026-08-03,Public web menu static snapshot,7.50,fixed,,mall_public_page
T035,Boleh Boleh!,Seafood Cream Spaghetti,$7.50,Boleh Boleh public page,https://clementimall.co/shop/boleh-boleh-clementi-mall,,2026-08-03,Public web menu static snapshot,7.50,fixed,,mall_public_page
T035,Boleh Boleh!,Shrimp Cream Tomato Spaghetti,$7.50,Boleh Boleh public page,https://clementimall.co/shop/boleh-boleh-clementi-mall,,2026-08-03,Public web menu static snapshot,7.50,fixed,,mall_public_page
T035,Boleh Boleh!,Fried Fish Cream Tomato Spaghetti,$7.50,Boleh Boleh public page,https://clementimall.co/shop/boleh-boleh-clementi-mall,,2026-08-03,Public web menu static snapshot,7.50,fixed,,mall_public_page
T035,Boleh Boleh!,Chicken Chop Cream Tomato Spaghetti,$7.00,Boleh Boleh public page,https://clementimall.co/shop/boleh-boleh-clementi-mall,,2026-08-03,Public web menu static snapshot,7.00,fixed,,mall_public_page
T035,Boleh Boleh!,Ram-Lee Burger Ram-Lee Chicken Burger,$5.00,Boleh Boleh public page,https://clementimall.co/shop/boleh-boleh-clementi-mall,,2026-08-03,Public web menu static snapshot,5.00,fixed,,mall_public_page
T035,Boleh Boleh!,Ram-Lee Chicken Special Burger,$6.00,Boleh Boleh public page,https://clementimall.co/shop/boleh-boleh-clementi-mall,,2026-08-03,Public web menu static snapshot,6.00,fixed,,mall_public_page
T035,Boleh Boleh!,Ram-Lee Double Chicken Special Burger,$8.00,Boleh Boleh public page,https://clementimall.co/shop/boleh-boleh-clementi-mall,,2026-08-03,Public web menu static snapshot,8.00,fixed,,mall_public_page
T035,Boleh Boleh!,Ram-Lee Beef Burger,$5.00,Boleh Boleh public page,https://clementimall.co/shop/boleh-boleh-clementi-mall,,2026-08-03,Public web menu static snapshot,5.00,fixed,,mall_public_page
T035,Boleh Boleh!,Ram-Lee Beef Special Burger,$6.00,Boleh Boleh public page,https://clementimall.co/shop/boleh-boleh-clementi-mall,,2026-08-03,Public web menu static snapshot,6.00,fixed,,mall_public_page
T035,Boleh Boleh!,Ram-Lee Double Beef Special Burger,$8.00,Boleh Boleh public page,https://clementimall.co/shop/boleh-boleh-clementi-mall,,2026-08-03,Public web menu static snapshot,8.00,fixed,,mall_public_page
T035,Boleh Boleh!,Sides Fries With House Aioli,$2.00,Boleh Boleh public page,https://clementimall.co/shop/boleh-boleh-clementi-mall,,2026-08-03,Public web menu static snapshot,2.00,fixed,,mall_public_page
T035,Boleh Boleh!,Chicken Luncheon Fries With House Aioli,$4.50,Boleh Boleh public page,https://clementimall.co/shop/boleh-boleh-clementi-mall,,2026-08-03,Public web menu static snapshot,4.50,fixed,,mall_public_page
T035,Boleh Boleh!,Coleslaw Salad,$2.00,Boleh Boleh public page,https://clementimall.co/shop/boleh-boleh-clementi-mall,,2026-08-03,Public web menu static snapshot,2.00,fixed,,mall_public_page
T035,Boleh Boleh!,Garlic Toast,$1.50,Boleh Boleh public page,https://clementimall.co/shop/boleh-boleh-clementi-mall,,2026-08-03,Public web menu static snapshot,1.50,fixed,,mall_public_page
T035,Boleh Boleh!,Add-On Egg,$1.00,Boleh Boleh public page,https://clementimall.co/shop/boleh-boleh-clementi-mall,,2026-08-03,Public web menu static snapshot,1.00,fixed,,mall_public_page
T035,Boleh Boleh!,Turkey Ham,$1.00,Boleh Boleh public page,https://clementimall.co/shop/boleh-boleh-clementi-mall,,2026-08-03,Public web menu static snapshot,1.00,fixed,,mall_public_page
T035,Boleh Boleh!,Chicken Sausage,$2.00,Boleh Boleh public page,https://clementimall.co/shop/boleh-boleh-clementi-mall,,2026-08-03,Public web menu static snapshot,2.00,fixed,,mall_public_page
T035,Boleh Boleh!,Cheddar Cheese,$1.00,Boleh Boleh public page,https://clementimall.co/shop/boleh-boleh-clementi-mall,,2026-08-03,Public web menu static snapshot,1.00,fixed,,mall_public_page
T035,Boleh Boleh!,Mozzarella Cheese,$2.00,Boleh Boleh public page,https://clementimall.co/shop/boleh-boleh-clementi-mall,,2026-08-03,Public web menu static snapshot,2.00,fixed,,mall_public_page
T035,Boleh Boleh!,Fried Rice,$2.00,Boleh Boleh public page,https://clementimall.co/shop/boleh-boleh-clementi-mall,,2026-08-03,Public web menu static snapshot,2.00,fixed,,mall_public_page
T035,Boleh Boleh!,Take Away,$0.30,Boleh Boleh public page,https://clementimall.co/shop/boleh-boleh-clementi-mall,,2026-08-03,Public web menu static snapshot,0.30,fixed,,mall_public_page
T035,Boleh Boleh!,Special Beef Pho / Rice,$9.90,Boleh Boleh public page,https://clementimall.co/shop/boleh-boleh-clementi-mall,,2026-08-03,Public web menu static snapshot,9.90,fixed,,mall_public_page
T035,Boleh Boleh!,Chicken Pho / Rice,$7.90,Boleh Boleh public page,https://clementimall.co/shop/boleh-boleh-clementi-mall,,2026-08-03,Public web menu static snapshot,7.90,fixed,,mall_public_page
T035,Boleh Boleh!,Grilled Chicken Noodle,$7.90,Boleh Boleh public page,https://clementimall.co/shop/boleh-boleh-clementi-mall,,2026-08-03,Public web menu static snapshot,7.90,fixed,,mall_public_page
T035,Boleh Boleh!,Fresh Spring Roll,$5.90,Boleh Boleh public page,https://clementimall.co/shop/boleh-boleh-clementi-mall,,2026-08-03,Public web menu static snapshot,5.90,fixed,,mall_public_page
T035,Boleh Boleh!,Grilled Chicken Chop w Rice,$8.90,Boleh Boleh public page,https://clementimall.co/shop/boleh-boleh-clementi-mall,,2026-08-03,Public web menu static snapshot,8.90,fixed,,mall_public_page
T035,Boleh Boleh!,Sizzling Beef w Banh Mi,$8.90,Boleh Boleh public page,https://clementimall.co/shop/boleh-boleh-clementi-mall,,2026-08-03,Public web menu static snapshot,8.90,fixed,,mall_public_page
T035,Boleh Boleh!,Chicken Spaghetti,$9.90,Boleh Boleh public page,https://clementimall.co/shop/boleh-boleh-clementi-mall,,2026-08-03,Public web menu static snapshot,9.90,fixed,,mall_public_page
T035,Boleh Boleh!,Chicken Nugget Spaghetti,$8.90,Boleh Boleh public page,https://clementimall.co/shop/boleh-boleh-clementi-mall,,2026-08-03,Public web menu static snapshot,8.90,fixed,,mall_public_page
T035,Boleh Boleh!,Fish N Chip,$9.90,Boleh Boleh public page,https://clementimall.co/shop/boleh-boleh-clementi-mall,,2026-08-03,Public web menu static snapshot,9.90,fixed,,mall_public_page
T035,Boleh Boleh!,Beef Steak,$14.90,Boleh Boleh public page,https://clementimall.co/shop/boleh-boleh-clementi-mall,,2026-08-03,Public web menu static snapshot,14.90,fixed,,mall_public_page
T035,Boleh Boleh!,Chicken Chop,$10.90,Boleh Boleh public page,https://clementimall.co/shop/boleh-boleh-clementi-mall,,2026-08-03,Public web menu static snapshot,10.90,fixed,,mall_public_page
T035,Boleh Boleh!,Chicken Cutlet,$10.90,Boleh Boleh public page,https://clementimall.co/shop/boleh-boleh-clementi-mall,,2026-08-03,Public web menu static snapshot,10.90,fixed,,mall_public_page
T035,Boleh Boleh!,Fish N Chip,$10.90,Boleh Boleh public page,https://clementimall.co/shop/boleh-boleh-clementi-mall,,2026-08-03,Public web menu static snapshot,10.90,fixed,,mall_public_page
T035,Boleh Boleh!,Lamb Chop,$15.30,Boleh Boleh public page,https://clementimall.co/shop/boleh-boleh-clementi-mall,,2026-08-03,Public web menu static snapshot,15.30,fixed,,mall_public_page
T035,Boleh Boleh!,Beef Steak,$15.90,Boleh Boleh public page,https://clementimall.co/shop/boleh-boleh-clementi-mall,,2026-08-03,Public web menu static snapshot,15.90,fixed,,mall_public_page
T035,Boleh Boleh!,Salmon Fish,$15.90,Boleh Boleh public page,https://clementimall.co/shop/boleh-boleh-clementi-mall,,2026-08-03,Public web menu static snapshot,15.90,fixed,,mall_public_page
T035,Boleh Boleh!,Kopi O,$1.40,Boleh Boleh public page,https://clementimall.co/shop/boleh-boleh-clementi-mall,,2026-08-03,Public web menu static snapshot,1.40,fixed,,mall_public_page
T035,Boleh Boleh!,1.70 Kopi,$1.60,Boleh Boleh public page,https://clementimall.co/shop/boleh-boleh-clementi-mall,,2026-08-03,Public web menu static snapshot,1.60,fixed,,mall_public_page
T035,Boleh Boleh!,1.90 Kopi C,$1.70,Boleh Boleh public page,https://clementimall.co/shop/boleh-boleh-clementi-mall,,2026-08-03,Public web menu static snapshot,1.70,fixed,,mall_public_page
T035,Boleh Boleh!,2.00 Teh O,$1.40,Boleh Boleh public page,https://clementimall.co/shop/boleh-boleh-clementi-mall,,2026-08-03,Public web menu static snapshot,1.40,fixed,,mall_public_page
T035,Boleh Boleh!,1.70 Teh,$1.60,Boleh Boleh public page,https://clementimall.co/shop/boleh-boleh-clementi-mall,,2026-08-03,Public web menu static snapshot,1.60,fixed,,mall_public_page
T035,Boleh Boleh!,1.90 Teh C,$1.70,Boleh Boleh public page,https://clementimall.co/shop/boleh-boleh-clementi-mall,,2026-08-03,Public web menu static snapshot,1.70,fixed,,mall_public_page
T035,Boleh Boleh!,Yuan Yang C,$1.70,Boleh Boleh public page,https://clementimall.co/shop/boleh-boleh-clementi-mall,,2026-08-03,Public web menu static snapshot,1.70,fixed,,mall_public_page
T035,Boleh Boleh!,2.00 Milo,$1.90,Boleh Boleh public page,https://clementimall.co/shop/boleh-boleh-clementi-mall,,2026-08-03,Public web menu static snapshot,1.90,fixed,,mall_public_page
T035,Boleh Boleh!,2.20 Milo Dinasaur,$3.00,Boleh Boleh public page,https://clementimall.co/shop/boleh-boleh-clementi-mall,,2026-08-03,Public web menu static snapshot,3.00,fixed,,mall_public_page
T035,Boleh Boleh!,Pisang Goreng,$2.00,Boleh Boleh public page,https://clementimall.co/shop/boleh-boleh-clementi-mall,,2026-08-03,Public web menu static snapshot,2.00,fixed,,mall_public_page
T035,Boleh Boleh!,Gendang Kasturi,$2.00,Boleh Boleh public page,https://clementimall.co/shop/boleh-boleh-clementi-mall,,2026-08-03,Public web menu static snapshot,2.00,fixed,,mall_public_page
T035,Boleh Boleh!,Cempedak Goreng,$2.00,Boleh Boleh public page,https://clementimall.co/shop/boleh-boleh-clementi-mall,,2026-08-03,Public web menu static snapshot,2.00,fixed,,mall_public_page
T035,Boleh Boleh!,Keledek,$2.00,Boleh Boleh public page,https://clementimall.co/shop/boleh-boleh-clementi-mall,,2026-08-03,Public web menu static snapshot,2.00,fixed,,mall_public_page
T035,Boleh Boleh!,Popiah,$1.20,Boleh Boleh public page,https://clementimall.co/shop/boleh-boleh-clementi-mall,,2026-08-03,Public web menu static snapshot,1.20,fixed,,mall_public_page
T035,Boleh Boleh!,Getas-Getas,$1.00,Boleh Boleh public page,https://clementimall.co/shop/boleh-boleh-clementi-mall,,2026-08-03,Public web menu static snapshot,1.00,fixed,,mall_public_page
T035,Boleh Boleh!,Vadai,$2.00,Boleh Boleh public page,https://clementimall.co/shop/boleh-boleh-clementi-mall,,2026-08-03,Public web menu static snapshot,2.00,fixed,,mall_public_page
T035,Boleh Boleh!,Kueh Keria,$1.00,Boleh Boleh public page,https://clementimall.co/shop/boleh-boleh-clementi-mall,,2026-08-03,Public web menu static snapshot,1.00,fixed,,mall_public_page
T035,Boleh Boleh!,Epok-Epok,$1.30,Boleh Boleh public page,https://clementimall.co/shop/boleh-boleh-clementi-mall,,2026-08-03,Public web menu static snapshot,1.30,fixed,,mall_public_page
T035,Boleh Boleh!,Keropok Lekor,$2.00,Boleh Boleh public page,https://clementimall.co/shop/boleh-boleh-clementi-mall,,2026-08-03,Public web menu static snapshot,2.00,fixed,,mall_public_page
T035,Boleh Boleh!,You Tiao,$1.20,Boleh Boleh public page,https://clementimall.co/shop/boleh-boleh-clementi-mall,,2026-08-03,Public web menu static snapshot,1.20,fixed,,mall_public_page
T035,Boleh Boleh!,Butterfly Bun,$1.20,Boleh Boleh public page,https://clementimall.co/shop/boleh-boleh-clementi-mall,,2026-08-03,Public web menu static snapshot,1.20,fixed,,mall_public_page
T035,Boleh Boleh!,Sesame Ball,$1.20,Boleh Boleh public page,https://clementimall.co/shop/boleh-boleh-clementi-mall,,2026-08-03,Public web menu static snapshot,1.20,fixed,,mall_public_page
T035,Boleh Boleh!,Tao Sa Bun,$1.20,Boleh Boleh public page,https://clementimall.co/shop/boleh-boleh-clementi-mall,,2026-08-03,Public web menu static snapshot,1.20,fixed,,mall_public_page
T035,Boleh Boleh!,Vegetable Set,$5.5,Boleh Boleh public page,https://clementimall.co/shop/boleh-boleh-clementi-mall,,2026-08-03,Public web menu static snapshot,5.5,fixed,,mall_public_page
T035,Boleh Boleh!,Meatless Set,$5.5,Boleh Boleh public page,https://clementimall.co/shop/boleh-boleh-clementi-mall,,2026-08-03,Public web menu static snapshot,5.5,fixed,,mall_public_page
T035,Boleh Boleh!,Paru Set,$7.5,Boleh Boleh public page,https://clementimall.co/shop/boleh-boleh-clementi-mall,,2026-08-03,Public web menu static snapshot,7.5,fixed,,mall_public_page
T035,Boleh Boleh!,Seafood Set,$7.5,Boleh Boleh public page,https://clementimall.co/shop/boleh-boleh-clementi-mall,,2026-08-03,Public web menu static snapshot,7.5,fixed,,mall_public_page
T035,Boleh Boleh!,Chicken Set,$8.0,Boleh Boleh public page,https://clementimall.co/shop/boleh-boleh-clementi-mall,,2026-08-03,Public web menu static snapshot,8.0,fixed,,mall_public_page
T035,Boleh Boleh!,Beef Rendang Set,$8.5,Boleh Boleh public page,https://clementimall.co/shop/boleh-boleh-clementi-mall,,2026-08-03,Public web menu static snapshot,8.5,fixed,,mall_public_page
T035,Boleh Boleh!,Fish Set,$8.5,Boleh Boleh public page,https://clementimall.co/shop/boleh-boleh-clementi-mall,,2026-08-03,Public web menu static snapshot,8.5,fixed,,mall_public_page
T035,Boleh Boleh!,Nasi Sambal Goreng Set,$9.0,Boleh Boleh public page,https://clementimall.co/shop/boleh-boleh-clementi-mall,,2026-08-03,Public web menu static snapshot,9.0,fixed,,mall_public_page
T035,Boleh Boleh!,Original Ambeng Platter (2-3Pax),$35,Boleh Boleh public page,https://clementimall.co/shop/boleh-boleh-clementi-mall,,2026-08-03,Public web menu static snapshot,35,fixed,,mall_public_page
T035,Boleh Boleh!,Premium Ambeng Platter (2-3Pax),$38,Boleh Boleh public page,https://clementimall.co/shop/boleh-boleh-clementi-mall,,2026-08-03,Public web menu static snapshot,38,fixed,,mall_public_page
T035,Boleh Boleh!,Light Meals Lontong,$5.0,Boleh Boleh public page,https://clementimall.co/shop/boleh-boleh-clementi-mall,,2026-08-03,Public web menu static snapshot,5.0,fixed,,mall_public_page
T035,Boleh Boleh!,Mee Goreng With Egg,$5.0,Boleh Boleh public page,https://clementimall.co/shop/boleh-boleh-clementi-mall,,2026-08-03,Public web menu static snapshot,5.0,fixed,,mall_public_page
T035,Boleh Boleh!,Ala Carte Rice,$1.5,Boleh Boleh public page,https://clementimall.co/shop/boleh-boleh-clementi-mall,,2026-08-03,Public web menu static snapshot,1.5,fixed,,mall_public_page
T035,Boleh Boleh!,Vegetable,$1.5,Boleh Boleh public page,https://clementimall.co/shop/boleh-boleh-clementi-mall,,2026-08-03,Public web menu static snapshot,1.5,fixed,,mall_public_page
T035,Boleh Boleh!,1.7 Side Dish,$1.5,Boleh Boleh public page,https://clementimall.co/shop/boleh-boleh-clementi-mall,,2026-08-03,Public web menu static snapshot,1.5,fixed,,mall_public_page
T035,Boleh Boleh!,2.0 Beef Lungs,$3.5,Boleh Boleh public page,https://clementimall.co/shop/boleh-boleh-clementi-mall,,2026-08-03,Public web menu static snapshot,3.5,fixed,,mall_public_page
T035,Boleh Boleh!,Seafood,$3.5,Boleh Boleh public page,https://clementimall.co/shop/boleh-boleh-clementi-mall,,2026-08-03,Public web menu static snapshot,3.5,fixed,,mall_public_page
T035,Boleh Boleh!,Chicken,$4.0,Boleh Boleh public page,https://clementimall.co/shop/boleh-boleh-clementi-mall,,2026-08-03,Public web menu static snapshot,4.0,fixed,,mall_public_page
T035,Boleh Boleh!,5.0 Beef Rendang,$4.5,Boleh Boleh public page,https://clementimall.co/shop/boleh-boleh-clementi-mall,,2026-08-03,Public web menu static snapshot,4.5,fixed,,mall_public_page
T035,Boleh Boleh!,Tahu Telor,$8.5,Boleh Boleh public page,https://clementimall.co/shop/boleh-boleh-clementi-mall,,2026-08-03,Public web menu static snapshot,8.5,fixed,,mall_public_page
T035,Boleh Boleh!,Others Kuih Muih,$1.5,Boleh Boleh public page,https://clementimall.co/shop/boleh-boleh-clementi-mall,,2026-08-03,Public web menu static snapshot,1.5,fixed,,mall_public_page
T035,Boleh Boleh!,Sambal Stingray,$17.00,Boleh Boleh public page,https://clementimall.co/shop/boleh-boleh-clementi-mall,,2026-08-03,Public web menu static snapshot,17.00,fixed,,mall_public_page
T035,Boleh Boleh!,Sambal Sotong With Lady Finger,$14.00,Boleh Boleh public page,https://clementimall.co/shop/boleh-boleh-clementi-mall,,2026-08-03,Public web menu static snapshot,14.00,fixed,,mall_public_page
T035,Boleh Boleh!,Satay (Chicken/Beef/Mutton),$8.50,Boleh Boleh public page,https://clementimall.co/shop/boleh-boleh-clementi-mall,,2026-08-03,Public web menu static snapshot,8.50,fixed,,mall_public_page
T035,Boleh Boleh!,5 Pcs Ketupat,$1.00,Boleh Boleh public page,https://clementimall.co/shop/boleh-boleh-clementi-mall,,2026-08-03,Public web menu static snapshot,1.00,fixed,,mall_public_page
T035,Boleh Boleh!,Sambal Lala With Onion,$14.00,Boleh Boleh public page,https://clementimall.co/shop/boleh-boleh-clementi-mall,,2026-08-03,Public web menu static snapshot,14.00,fixed,,mall_public_page
T035,Boleh Boleh!,Acar Timun,$1.50,Boleh Boleh public page,https://clementimall.co/shop/boleh-boleh-clementi-mall,,2026-08-03,Public web menu static snapshot,1.50,fixed,,mall_public_page
T035,Boleh Boleh!,Y.O. Spring Chicken,$9.90,Boleh Boleh public page,https://clementimall.co/shop/boleh-boleh-clementi-mall,,2026-08-03,Public web menu static snapshot,9.90,fixed,,mall_public_page
T035,Boleh Boleh!,Chicken Wings (4Pcs),$9.90,Boleh Boleh public page,https://clementimall.co/shop/boleh-boleh-clementi-mall,,2026-08-03,Public web menu static snapshot,9.90,fixed,,mall_public_page
T035,Boleh Boleh!,Grilled Fish,$9.90,Boleh Boleh public page,https://clementimall.co/shop/boleh-boleh-clementi-mall,,2026-08-03,Public web menu static snapshot,9.90,fixed,,mall_public_page
T035,Boleh Boleh!,Chicken Bolognese,$9.90,Boleh Boleh public page,https://clementimall.co/shop/boleh-boleh-clementi-mall,,2026-08-03,Public web menu static snapshot,9.90,fixed,,mall_public_page
T035,Boleh Boleh!,Crispy Chicken Cutlet,$10.90,Boleh Boleh public page,https://clementimall.co/shop/boleh-boleh-clementi-mall,,2026-08-03,Public web menu static snapshot,10.90,fixed,,mall_public_page
T035,Boleh Boleh!,Y.O. Spring Chicken,$10.90,Boleh Boleh public page,https://clementimall.co/shop/boleh-boleh-clementi-mall,,2026-08-03,Public web menu static snapshot,10.90,fixed,,mall_public_page
T035,Boleh Boleh!,Chicken Wings (4Pcs),$10.90,Boleh Boleh public page,https://clementimall.co/shop/boleh-boleh-clementi-mall,,2026-08-03,Public web menu static snapshot,10.90,fixed,,mall_public_page
T035,Boleh Boleh!,Lamb Chop,$15.90,Boleh Boleh public page,https://clementimall.co/shop/boleh-boleh-clementi-mall,,2026-08-03,Public web menu static snapshot,15.90,fixed,,mall_public_page
T035,Boleh Boleh!,Grilled Fish,$12.90,Boleh Boleh public page,https://clementimall.co/shop/boleh-boleh-clementi-mall,,2026-08-03,Public web menu static snapshot,12.90,fixed,,mall_public_page
T035,Boleh Boleh!,Chicken Bolognese,$12.90,Boleh Boleh public page,https://clementimall.co/shop/boleh-boleh-clementi-mall,,2026-08-03,Public web menu static snapshot,12.90,fixed,,mall_public_page
T035,Boleh Boleh!,Special Beef Pho,$59.90,Boleh Boleh public page,https://clementimall.co/shop/boleh-boleh-clementi-mall,,2026-08-03,Public web menu static snapshot,59.90,fixed,,mall_public_page
T035,Boleh Boleh!,Chicken Pho,$67.90,Boleh Boleh public page,https://clementimall.co/shop/boleh-boleh-clementi-mall,,2026-08-03,Public web menu static snapshot,67.90,fixed,,mall_public_page
T035,Boleh Boleh!,Grill Chicken Noodle Fresh Spring Roll,$5.90,Boleh Boleh public page,https://clementimall.co/shop/boleh-boleh-clementi-mall,,2026-08-03,Public web menu static snapshot,5.90,fixed,,mall_public_page
T035,Boleh Boleh!,Ginger And Spring Onion Rice Beef,$5.50,Boleh Boleh public page,https://clementimall.co/shop/boleh-boleh-clementi-mall,,2026-08-03,Public web menu static snapshot,5.50,fixed,,mall_public_page
T035,Boleh Boleh!,Chicken,$5.00,Boleh Boleh public page,https://clementimall.co/shop/boleh-boleh-clementi-mall,,2026-08-03,Public web menu static snapshot,5.00,fixed,,mall_public_page
T035,Boleh Boleh!,Slice Fish,$5.50,Boleh Boleh public page,https://clementimall.co/shop/boleh-boleh-clementi-mall,,2026-08-03,Public web menu static snapshot,5.50,fixed,,mall_public_page
T035,Boleh Boleh!,Slice Sotong,$5.50,Boleh Boleh public page,https://clementimall.co/shop/boleh-boleh-clementi-mall,,2026-08-03,Public web menu static snapshot,5.50,fixed,,mall_public_page
T035,Boleh Boleh!,Black Pepper Rice Beef,$5.50,Boleh Boleh public page,https://clementimall.co/shop/boleh-boleh-clementi-mall,,2026-08-03,Public web menu static snapshot,5.50,fixed,,mall_public_page
T035,Boleh Boleh!,Sweet And Sour Rice Chicken,$5.00,Boleh Boleh public page,https://clementimall.co/shop/boleh-boleh-clementi-mall,,2026-08-03,Public web menu static snapshot,5.00,fixed,,mall_public_page
T035,Boleh Boleh!,Sambal Rice Chicken,$5.00,Boleh Boleh public page,https://clementimall.co/shop/boleh-boleh-clementi-mall,,2026-08-03,Public web menu static snapshot,5.00,fixed,,mall_public_page
T035,Boleh Boleh!,Beef,$5.50,Boleh Boleh public page,https://clementimall.co/shop/boleh-boleh-clementi-mall,,2026-08-03,Public web menu static snapshot,5.50,fixed,,mall_public_page
T035,Boleh Boleh!,Salted Egg Rice Chicken,$5.00,Boleh Boleh public page,https://clementimall.co/shop/boleh-boleh-clementi-mall,,2026-08-03,Public web menu static snapshot,5.00,fixed,,mall_public_page
T035,Boleh Boleh!,Slice Fish,$6.00,Boleh Boleh public page,https://clementimall.co/shop/boleh-boleh-clementi-mall,,2026-08-03,Public web menu static snapshot,6.00,fixed,,mall_public_page
T035,Boleh Boleh!,Seafood Fried Rice,$6.00,Boleh Boleh public page,https://clementimall.co/shop/boleh-boleh-clementi-mall,,2026-08-03,Public web menu static snapshot,6.00,fixed,,mall_public_page
T035,Boleh Boleh!,Salted Fish Fried Rice,$5.00,Boleh Boleh public page,https://clementimall.co/shop/boleh-boleh-clementi-mall,,2026-08-03,Public web menu static snapshot,5.00,fixed,,mall_public_page
T035,Boleh Boleh!,Chicken Cube Fried Rice,$5.00,Boleh Boleh public page,https://clementimall.co/shop/boleh-boleh-clementi-mall,,2026-08-03,Public web menu static snapshot,5.00,fixed,,mall_public_page
T035,Boleh Boleh!,Shrimp Fried Rice,$6.00,Boleh Boleh public page,https://clementimall.co/shop/boleh-boleh-clementi-mall,,2026-08-03,Public web menu static snapshot,6.00,fixed,,mall_public_page
T035,Boleh Boleh!,Kampung Fried Rice,$5.00,Boleh Boleh public page,https://clementimall.co/shop/boleh-boleh-clementi-mall,,2026-08-03,Public web menu static snapshot,5.00,fixed,,mall_public_page
T035,Boleh Boleh!,Sambal Fried Rice,$6.00,Boleh Boleh public page,https://clementimall.co/shop/boleh-boleh-clementi-mall,,2026-08-03,Public web menu static snapshot,6.00,fixed,,mall_public_page
T035,Boleh Boleh!,Lala Beehoon,$5.00,Boleh Boleh public page,https://clementimall.co/shop/boleh-boleh-clementi-mall,,2026-08-03,Public web menu static snapshot,5.00,fixed,,mall_public_page
T035,Boleh Boleh!,Seafood Hor Fun,$6.00,Boleh Boleh public page,https://clementimall.co/shop/boleh-boleh-clementi-mall,,2026-08-03,Public web menu static snapshot,6.00,fixed,,mall_public_page
T035,Boleh Boleh!,Seafood Mee Goreng Sambal,$6.00,Boleh Boleh public page,https://clementimall.co/shop/boleh-boleh-clementi-mall,,2026-08-03,Public web menu static snapshot,6.00,fixed,,mall_public_page
T035,Boleh Boleh!,Seafood Beehoon Goreng Sambal,$6.00,Boleh Boleh public page,https://clementimall.co/shop/boleh-boleh-clementi-mall,,2026-08-03,Public web menu static snapshot,6.00,fixed,,mall_public_page
T035,Boleh Boleh!,Slice Beef Hor Fun,$6.00,Boleh Boleh public page,https://clementimall.co/shop/boleh-boleh-clementi-mall,,2026-08-03,Public web menu static snapshot,6.00,fixed,,mall_public_page
T035,Boleh Boleh!,Stir-Fry Beef Hor Fun,$6.00,Boleh Boleh public page,https://clementimall.co/shop/boleh-boleh-clementi-mall,,2026-08-03,Public web menu static snapshot,6.00,fixed,,mall_public_page
T035,Boleh Boleh!,Char Kuay Tiao,$4.50,Boleh Boleh public page,https://clementimall.co/shop/boleh-boleh-clementi-mall,,2026-08-03,Public web menu static snapshot,4.50,fixed,,mall_public_page
T035,Boleh Boleh!,Carrot Cake,$4.00,Boleh Boleh public page,https://clementimall.co/shop/boleh-boleh-clementi-mall,,2026-08-03,Public web menu static snapshot,4.00,fixed,,mall_public_page
T035,Boleh Boleh!,Fried Prawn Mee,$5.00,Boleh Boleh public page,https://clementimall.co/shop/boleh-boleh-clementi-mall,,2026-08-03,Public web menu static snapshot,5.00,fixed,,mall_public_page
T035,Boleh Boleh!,Fried Oyster,$5.00,Boleh Boleh public page,https://clementimall.co/shop/boleh-boleh-clementi-mall,,2026-08-03,Public web menu static snapshot,5.00,fixed,,mall_public_page
T035,Boleh Boleh!,Chendol,$2.50,Boleh Boleh public page,https://clementimall.co/shop/boleh-boleh-clementi-mall,,2026-08-03,Public web menu static snapshot,2.50,fixed,,mall_public_page
T035,Boleh Boleh!,Ice Kacang,$2.00,Boleh Boleh public page,https://clementimall.co/shop/boleh-boleh-clementi-mall,,2026-08-03,Public web menu static snapshot,2.00,fixed,,mall_public_page
T035,Boleh Boleh!,Ai Yu Jelly,$1.50,Boleh Boleh public page,https://clementimall.co/shop/boleh-boleh-clementi-mall,,2026-08-03,Public web menu static snapshot,1.50,fixed,,mall_public_page
T035,Boleh Boleh!,Add Chendol,$0.50,Boleh Boleh public page,https://clementimall.co/shop/boleh-boleh-clementi-mall,,2026-08-03,Public web menu static snapshot,0.50,fixed,,mall_public_page
T035,Boleh Boleh!,Add Red Bean,$0.50,Boleh Boleh public page,https://clementimall.co/shop/boleh-boleh-clementi-mall,,2026-08-03,Public web menu static snapshot,0.50,fixed,,mall_public_page
T035,Boleh Boleh!,Herbal With Black Chicken Soup,$6.00,Boleh Boleh public page,https://clementimall.co/shop/boleh-boleh-clementi-mall,,2026-08-03,Public web menu static snapshot,6.00,fixed,,mall_public_page
T035,Boleh Boleh!,Old Cucumber With Chicken Soup,$5.00,Boleh Boleh public page,https://clementimall.co/shop/boleh-boleh-clementi-mall,,2026-08-03,Public web menu static snapshot,5.00,fixed,,mall_public_page
T035,Boleh Boleh!,Lotus & Peanut With Chicken Soup,$5.00,Boleh Boleh public page,https://clementimall.co/shop/boleh-boleh-clementi-mall,,2026-08-03,Public web menu static snapshot,5.00,fixed,,mall_public_page
T035,Boleh Boleh!,Watercress With Chicken Soup,$5.00,Boleh Boleh public page,https://clementimall.co/shop/boleh-boleh-clementi-mall,,2026-08-03,Public web menu static snapshot,5.00,fixed,,mall_public_page
T035,Boleh Boleh!,Abc Chicken Soup,$5.00,Boleh Boleh public page,https://clementimall.co/shop/boleh-boleh-clementi-mall,,2026-08-03,Public web menu static snapshot,5.00,fixed,,mall_public_page
T035,Boleh Boleh!,2 Veg,$2.50,Boleh Boleh public page,https://clementimall.co/shop/boleh-boleh-clementi-mall,,2026-08-03,Public web menu static snapshot,2.50,fixed,,mall_public_page
T035,Boleh Boleh!,1 Veg 1 Meat,$3.00,Boleh Boleh public page,https://clementimall.co/shop/boleh-boleh-clementi-mall,,2026-08-03,Public web menu static snapshot,3.00,fixed,,mall_public_page
T035,Boleh Boleh!,2 Meat,$3.50,Boleh Boleh public page,https://clementimall.co/shop/boleh-boleh-clementi-mall,,2026-08-03,Public web menu static snapshot,3.50,fixed,,mall_public_page
T035,Boleh Boleh!,2 Veg 1 Meat,$3.90,Boleh Boleh public page,https://clementimall.co/shop/boleh-boleh-clementi-mall,,2026-08-03,Public web menu static snapshot,3.90,fixed,,mall_public_page
T035,Boleh Boleh!,2 Meat 1 Veg,$4.40,Boleh Boleh public page,https://clementimall.co/shop/boleh-boleh-clementi-mall,,2026-08-03,Public web menu static snapshot,4.40,fixed,,mall_public_page
T035,Boleh Boleh!,1 Meat 1 Veg 1 Seafood,$5.50,Boleh Boleh public page,https://clementimall.co/shop/boleh-boleh-clementi-mall,,2026-08-03,Public web menu static snapshot,5.50,fixed,,mall_public_page
T035,Boleh Boleh!,1 Meat 1 Veg 1 Fish,$7.00,Boleh Boleh public page,https://clementimall.co/shop/boleh-boleh-clementi-mall,,2026-08-03,Public web menu static snapshot,7.00,fixed,,mall_public_page
T035,Boleh Boleh!,Rice/Porridge,$0.70,Boleh Boleh public page,https://clementimall.co/shop/boleh-boleh-clementi-mall,,2026-08-03,Public web menu static snapshot,0.70,fixed,,mall_public_page
T035,Boleh Boleh!,Add Rice,$0.30,Boleh Boleh public page,https://clementimall.co/shop/boleh-boleh-clementi-mall,,2026-08-03,Public web menu static snapshot,0.30,fixed,,mall_public_page
T035,Boleh Boleh!,Vegetable,$0.90,Boleh Boleh public page,https://clementimall.co/shop/boleh-boleh-clementi-mall,,2026-08-03,Public web menu static snapshot,0.90,fixed,,mall_public_page
T035,Boleh Boleh!,Meat,$1.40,Boleh Boleh public page,https://clementimall.co/shop/boleh-boleh-clementi-mall,,2026-08-03,Public web menu static snapshot,1.40,fixed,,mall_public_page
T035,Boleh Boleh!,Seafood,$2.50,Boleh Boleh public page,https://clementimall.co/shop/boleh-boleh-clementi-mall,,2026-08-03,Public web menu static snapshot,2.50,fixed,,mall_public_page
T035,Boleh Boleh!,Fish,$4.00,Boleh Boleh public page,https://clementimall.co/shop/boleh-boleh-clementi-mall,,2026-08-03,Public web menu static snapshot,4.00,fixed,,mall_public_page
T035,Boleh Boleh!,Otah,$2.00,Boleh Boleh public page,https://clementimall.co/shop/boleh-boleh-clementi-mall,,2026-08-03,Public web menu static snapshot,2.00,fixed,,mall_public_page
T035,Boleh Boleh!,Petai,$3.00,Boleh Boleh public page,https://clementimall.co/shop/boleh-boleh-clementi-mall,,2026-08-03,Public web menu static snapshot,3.00,fixed,,mall_public_page
T035,Boleh Boleh!,Mutton/Beef,$3.00,Boleh Boleh public page,https://clementimall.co/shop/boleh-boleh-clementi-mall,,2026-08-03,Public web menu static snapshot,3.00,fixed,,mall_public_page
T035,Boleh Boleh!,Whole Roasted Chicken,$9.90,Boleh Boleh public page,https://clementimall.co/shop/boleh-boleh-clementi-mall,,2026-08-03,Public web menu static snapshot,9.90,fixed,,mall_public_page
T035,Boleh Boleh!,Fish Chop,$9.90,Boleh Boleh public page,https://clementimall.co/shop/boleh-boleh-clementi-mall,,2026-08-03,Public web menu static snapshot,9.90,fixed,,mall_public_page
T035,Boleh Boleh!,Chicken Wings (3Pcs),$7.90,Boleh Boleh public page,https://clementimall.co/shop/boleh-boleh-clementi-mall,,2026-08-03,Public web menu static snapshot,7.90,fixed,,mall_public_page
T035,Boleh Boleh!,Lamb Chop,$13.90,Boleh Boleh public page,https://clementimall.co/shop/boleh-boleh-clementi-mall,,2026-08-03,Public web menu static snapshot,13.90,fixed,,mall_public_page
T035,Boleh Boleh!,Sirloin Steak,$13.90,Boleh Boleh public page,https://clementimall.co/shop/boleh-boleh-clementi-mall,,2026-08-03,Public web menu static snapshot,13.90,fixed,,mall_public_page
T035,Boleh Boleh!,Chicken Ham,$9.90,Boleh Boleh public page,https://clementimall.co/shop/boleh-boleh-clementi-mall,,2026-08-03,Public web menu static snapshot,9.90,fixed,,mall_public_page
T035,Boleh Boleh!,Fish,$9.90,Boleh Boleh public page,https://clementimall.co/shop/boleh-boleh-clementi-mall,,2026-08-03,Public web menu static snapshot,9.90,fixed,,mall_public_page
T035,Boleh Boleh!,Chicken Sausage,$9.90,Boleh Boleh public page,https://clementimall.co/shop/boleh-boleh-clementi-mall,,2026-08-03,Public web menu static snapshot,9.90,fixed,,mall_public_page
T035,Boleh Boleh!,Chicken Bolognese,$6.90,Boleh Boleh public page,https://clementimall.co/shop/boleh-boleh-clementi-mall,,2026-08-03,Public web menu static snapshot,6.90,fixed,,mall_public_page
T035,Boleh Boleh!,Mushroom Tomato Sauce Spaghetti,$6.90,Boleh Boleh public page,https://clementimall.co/shop/boleh-boleh-clementi-mall,,2026-08-03,Public web menu static snapshot,6.90,fixed,,mall_public_page
T035,Boleh Boleh!,Chicken Sausage Spaghetti,$6.90,Boleh Boleh public page,https://clementimall.co/shop/boleh-boleh-clementi-mall,,2026-08-03,Public web menu static snapshot,6.90,fixed,,mall_public_page
T035,Boleh Boleh!,Chicken Chop Spaghetti,$9.90,Boleh Boleh public page,https://clementimall.co/shop/boleh-boleh-clementi-mall,,2026-08-03,Public web menu static snapshot,9.90,fixed,,mall_public_page
T035,Boleh Boleh!,Chicken Cutlet Spaghetti,$9.90,Boleh Boleh public page,https://clementimall.co/shop/boleh-boleh-clementi-mall,,2026-08-03,Public web menu static snapshot,9.90,fixed,,mall_public_page
T035,Boleh Boleh!,Chicken Wings Spaghetti,$9.90,Boleh Boleh public page,https://clementimall.co/shop/boleh-boleh-clementi-mall,,2026-08-03,Public web menu static snapshot,9.90,fixed,,mall_public_page
T035,Boleh Boleh!,Fried Fish Spaghetti,$9.90,Boleh Boleh public page,https://clementimall.co/shop/boleh-boleh-clementi-mall,,2026-08-03,Public web menu static snapshot,9.90,fixed,,mall_public_page
T035,Boleh Boleh!,Grill Fish Spaghetti,$9.90,Boleh Boleh public page,https://clementimall.co/shop/boleh-boleh-clementi-mall,,2026-08-03,Public web menu static snapshot,9.90,fixed,,mall_public_page
T035,Boleh Boleh!,Chicken Chop Rice,$9.90,Boleh Boleh public page,https://clementimall.co/shop/boleh-boleh-clementi-mall,,2026-08-03,Public web menu static snapshot,9.90,fixed,,mall_public_page
T035,Boleh Boleh!,Chicken Cutlet Rice,$9.90,Boleh Boleh public page,https://clementimall.co/shop/boleh-boleh-clementi-mall,,2026-08-03,Public web menu static snapshot,9.90,fixed,,mall_public_page
T035,Boleh Boleh!,Fried Fish Rice,$9.90,Boleh Boleh public page,https://clementimall.co/shop/boleh-boleh-clementi-mall,,2026-08-03,Public web menu static snapshot,9.90,fixed,,mall_public_page
T035,Boleh Boleh!,Grill Fish Rice,$9.90,Boleh Boleh public page,https://clementimall.co/shop/boleh-boleh-clementi-mall,,2026-08-03,Public web menu static snapshot,9.90,fixed,,mall_public_page
T035,Boleh Boleh!,Chicken Wings Rice,$9.90,Boleh Boleh public page,https://clementimall.co/shop/boleh-boleh-clementi-mall,,2026-08-03,Public web menu static snapshot,9.90,fixed,,mall_public_page
T035,Boleh Boleh!,Chicken Sausage Rice,$9.90,Boleh Boleh public page,https://clementimall.co/shop/boleh-boleh-clementi-mall,,2026-08-03,Public web menu static snapshot,9.90,fixed,,mall_public_page
T035,Boleh Boleh!,Chicken Ham Rice,$9.90,Boleh Boleh public page,https://clementimall.co/shop/boleh-boleh-clementi-mall,,2026-08-03,Public web menu static snapshot,9.90,fixed,,mall_public_page
T035,Boleh Boleh!,Lamb Chop Rice,$13.90,Boleh Boleh public page,https://clementimall.co/shop/boleh-boleh-clementi-mall,,2026-08-03,Public web menu static snapshot,13.90,fixed,,mall_public_page
T035,Boleh Boleh!,Salmon Fish Rice,$12.90,Boleh Boleh public page,https://clementimall.co/shop/boleh-boleh-clementi-mall,,2026-08-03,Public web menu static snapshot,12.90,fixed,,mall_public_page
T035,Boleh Boleh!,Chicken Ham Fried Rice,$7.90,Boleh Boleh public page,https://clementimall.co/shop/boleh-boleh-clementi-mall,,2026-08-03,Public web menu static snapshot,7.90,fixed,,mall_public_page
T035,Boleh Boleh!,Chicken Wings Fried Rice,$8.90,Boleh Boleh public page,https://clementimall.co/shop/boleh-boleh-clementi-mall,,2026-08-03,Public web menu static snapshot,8.90,fixed,,mall_public_page
T035,Boleh Boleh!,Chicken Chop Fried Rice,$10.90,Boleh Boleh public page,https://clementimall.co/shop/boleh-boleh-clementi-mall,,2026-08-03,Public web menu static snapshot,10.90,fixed,,mall_public_page
T035,Boleh Boleh!,Chicken Nuggets W/ Fries,$6.90,Boleh Boleh public page,https://clementimall.co/shop/boleh-boleh-clementi-mall,,2026-08-03,Public web menu static snapshot,6.90,fixed,,mall_public_page
T035,Boleh Boleh!,Egg,$1.00,Boleh Boleh public page,https://clementimall.co/shop/boleh-boleh-clementi-mall,,2026-08-03,Public web menu static snapshot,1.00,fixed,,mall_public_page
T035,Boleh Boleh!,Mushroom Soup,$2.00,Boleh Boleh public page,https://clementimall.co/shop/boleh-boleh-clementi-mall,,2026-08-03,Public web menu static snapshot,2.00,fixed,,mall_public_page
T035,Boleh Boleh!,French Fries,$3.00,Boleh Boleh public page,https://clementimall.co/shop/boleh-boleh-clementi-mall,,2026-08-03,Public web menu static snapshot,3.00,fixed,,mall_public_page
T035,Boleh Boleh!,Fried Fish With Mango Salad,$28.80,Boleh Boleh public page,https://clementimall.co/shop/boleh-boleh-clementi-mall,,2026-08-03,Public web menu static snapshot,28.80,fixed,,mall_public_page
T035,Boleh Boleh!,Steamed Sotong With Lime Slice,$18.80,Boleh Boleh public page,https://clementimall.co/shop/boleh-boleh-clementi-mall,,2026-08-03,Public web menu static snapshot,18.80,fixed,,mall_public_page
T035,Boleh Boleh!,Tom Yum Soup,$8.80,Boleh Boleh public page,https://clementimall.co/shop/boleh-boleh-clementi-mall,,2026-08-03,Public web menu static snapshot,8.80,fixed,,mall_public_page
T035,Boleh Boleh!,Green Curry Chicken,$7.80,Boleh Boleh public page,https://clementimall.co/shop/boleh-boleh-clementi-mall,,2026-08-03,Public web menu static snapshot,7.80,fixed,,mall_public_page
T035,Boleh Boleh!,Thai Boat Noodle,$5.80,Boleh Boleh public page,https://clementimall.co/shop/boleh-boleh-clementi-mall,,2026-08-03,Public web menu static snapshot,5.80,fixed,,mall_public_page
T035,Boleh Boleh!,Deep Fried Calamari,$9.80,Boleh Boleh public page,https://clementimall.co/shop/boleh-boleh-clementi-mall,,2026-08-03,Public web menu static snapshot,9.80,fixed,,mall_public_page
T035,Boleh Boleh!,Pineapple Fried Rice,$6.80,Boleh Boleh public page,https://clementimall.co/shop/boleh-boleh-clementi-mall,,2026-08-03,Public web menu static snapshot,6.80,fixed,,mall_public_page
T035,Boleh Boleh!,Basil Minced Chicken With Rice & Egg,$5.80,Boleh Boleh public page,https://clementimall.co/shop/boleh-boleh-clementi-mall,,2026-08-03,Public web menu static snapshot,5.80,fixed,,mall_public_page
T035,Boleh Boleh!,Thai Mango Salad,$5.80,Boleh Boleh public page,https://clementimall.co/shop/boleh-boleh-clementi-mall,,2026-08-03,Public web menu static snapshot,5.80,fixed,,mall_public_page
T035,Boleh Boleh!,Phad Thai,$6.80,Boleh Boleh public page,https://clementimall.co/shop/boleh-boleh-clementi-mall,,2026-08-03,Public web menu static snapshot,6.80,fixed,,mall_public_page
T035,Boleh Boleh!,Basil Chicken,$8.80,Boleh Boleh public page,https://clementimall.co/shop/boleh-boleh-clementi-mall,,2026-08-03,Public web menu static snapshot,8.80,fixed,,mall_public_page
T035,Boleh Boleh!,Noodles With Tofu & Shrimp Sauce,$28.80,Boleh Boleh public page,https://clementimall.co/shop/boleh-boleh-clementi-mall,,2026-08-03,Public web menu static snapshot,28.80,fixed,,mall_public_page
T035,Boleh Boleh!,Banh Mi,$7.80,Boleh Boleh public page,https://clementimall.co/shop/boleh-boleh-clementi-mall,,2026-08-03,Public web menu static snapshot,7.80,fixed,,mall_public_page
T035,Boleh Boleh!,Pho Bo Beef Pho,$11.80,Boleh Boleh public page,https://clementimall.co/shop/boleh-boleh-clementi-mall,,2026-08-03,Public web menu static snapshot,11.80,fixed,,mall_public_page
T035,Boleh Boleh!,Pho Ga Chicken Pho,$9.80,Boleh Boleh public page,https://clementimall.co/shop/boleh-boleh-clementi-mall,,2026-08-03,Public web menu static snapshot,9.80,fixed,,mall_public_page
T035,Boleh Boleh!,Viet Summer Roll,$8.80,Boleh Boleh public page,https://clementimall.co/shop/boleh-boleh-clementi-mall,,2026-08-03,Public web menu static snapshot,8.80,fixed,,mall_public_page
T035,Boleh Boleh!,Nem Ran Homemade Chicken & Lemongrass Roll,$6.80,Boleh Boleh public page,https://clementimall.co/shop/boleh-boleh-clementi-mall,,2026-08-03,Public web menu static snapshot,6.80,fixed,,mall_public_page
T035,Boleh Boleh!,Side Dishes & Snack Coleslaw,$3.50,Boleh Boleh public page,https://clementimall.co/shop/boleh-boleh-clementi-mall,,2026-08-03,Public web menu static snapshot,3.50,fixed,,mall_public_page
T035,Boleh Boleh!,Mac & Cheese,$3.50,Boleh Boleh public page,https://clementimall.co/shop/boleh-boleh-clementi-mall,,2026-08-03,Public web menu static snapshot,3.50,fixed,,mall_public_page
T035,Boleh Boleh!,Mashed Potato,$3.50,Boleh Boleh public page,https://clementimall.co/shop/boleh-boleh-clementi-mall,,2026-08-03,Public web menu static snapshot,3.50,fixed,,mall_public_page
T035,Boleh Boleh!,Baked Beans,$3.50,Boleh Boleh public page,https://clementimall.co/shop/boleh-boleh-clementi-mall,,2026-08-03,Public web menu static snapshot,3.50,fixed,,mall_public_page
T035,Boleh Boleh!,French Fries,$3.50,Boleh Boleh public page,https://clementimall.co/shop/boleh-boleh-clementi-mall,,2026-08-03,Public web menu static snapshot,3.50,fixed,,mall_public_page
T035,Boleh Boleh!,Onion Ring,$3.50,Boleh Boleh public page,https://clementimall.co/shop/boleh-boleh-clementi-mall,,2026-08-03,Public web menu static snapshot,3.50,fixed,,mall_public_page
T035,Boleh Boleh!,Cheesy Broccoli & Corn,$3.50,Boleh Boleh public page,https://clementimall.co/shop/boleh-boleh-clementi-mall,,2026-08-03,Public web menu static snapshot,3.50,fixed,,mall_public_page
T035,Boleh Boleh!,Sweet Potato Fries,$5.00,Boleh Boleh public page,https://clementimall.co/shop/boleh-boleh-clementi-mall,,2026-08-03,Public web menu static snapshot,5.00,fixed,,mall_public_page
T035,Boleh Boleh!,0.50) Croquettes Maestro,$5.00,Boleh Boleh public page,https://clementimall.co/shop/boleh-boleh-clementi-mall,,2026-08-03,Public web menu static snapshot,5.00,fixed,,mall_public_page
T035,Boleh Boleh!,0.50) Rice,$1.20,Boleh Boleh public page,https://clementimall.co/shop/boleh-boleh-clementi-mall,,2026-08-03,Public web menu static snapshot,1.20,fixed,,mall_public_page
T035,Boleh Boleh!,Popcorn Chicken,$4.50,Boleh Boleh public page,https://clementimall.co/shop/boleh-boleh-clementi-mall,,2026-08-03,Public web menu static snapshot,4.50,fixed,,mall_public_page
T035,Boleh Boleh!,Chicken Nuggets,$4.50,Boleh Boleh public page,https://clementimall.co/shop/boleh-boleh-clementi-mall,,2026-08-03,Public web menu static snapshot,4.50,fixed,,mall_public_page
T035,Boleh Boleh!,Tartar Fries,$4.50,Boleh Boleh public page,https://clementimall.co/shop/boleh-boleh-clementi-mall,,2026-08-03,Public web menu static snapshot,4.50,fixed,,mall_public_page
T035,Boleh Boleh!,Yuzu Fries,$4.50,Boleh Boleh public page,https://clementimall.co/shop/boleh-boleh-clementi-mall,,2026-08-03,Public web menu static snapshot,4.50,fixed,,mall_public_page
T035,Boleh Boleh!,Cheese Fries,$4.50,Boleh Boleh public page,https://clementimall.co/shop/boleh-boleh-clementi-mall,,2026-08-03,Public web menu static snapshot,4.50,fixed,,mall_public_page
T035,Boleh Boleh!,Salted Egg Fries,$4.90,Boleh Boleh public page,https://clementimall.co/shop/boleh-boleh-clementi-mall,,2026-08-03,Public web menu static snapshot,4.90,fixed,,mall_public_page
T035,Boleh Boleh!,Salted Egg Popcorn Chicken,$5.90,Boleh Boleh public page,https://clementimall.co/shop/boleh-boleh-clementi-mall,,2026-08-03,Public web menu static snapshot,5.90,fixed,,mall_public_page
T035,Boleh Boleh!,Salted Egg Chicken Nuggets,$5.90,Boleh Boleh public page,https://clementimall.co/shop/boleh-boleh-clementi-mall,,2026-08-03,Public web menu static snapshot,5.90,fixed,,mall_public_page
T035,Boleh Boleh!,Set,$7.50,Boleh Boleh public page,https://clementimall.co/shop/boleh-boleh-clementi-mall,,2026-08-03,Public web menu static snapshot,7.50,fixed,,mall_public_page
T035,Boleh Boleh!,Set,$9.50,Boleh Boleh public page,https://clementimall.co/shop/boleh-boleh-clementi-mall,,2026-08-03,Public web menu static snapshot,9.50,fixed,,mall_public_page
T035,Boleh Boleh!,Set,$22.50,Boleh Boleh public page,https://clementimall.co/shop/boleh-boleh-clementi-mall,,2026-08-03,Public web menu static snapshot,22.50,fixed,,mall_public_page
T035,Boleh Boleh!,Chilli Ban Mian Dry (Chicken),$5.00,Boleh Boleh public page,https://clementimall.co/shop/boleh-boleh-clementi-mall,,2026-08-03,Public web menu static snapshot,5.00,fixed,,mall_public_page
T035,Boleh Boleh!,Chilli Ban Mian Dry (Chicken) - Large,$6.80,Boleh Boleh public page,https://clementimall.co/shop/boleh-boleh-clementi-mall,,2026-08-03,Public web menu static snapshot,6.80,fixed,,mall_public_page
T035,Boleh Boleh!,Mee Hoon Kuch,$5.00,Boleh Boleh public page,https://clementimall.co/shop/boleh-boleh-clementi-mall,,2026-08-03,Public web menu static snapshot,5.00,fixed,,mall_public_page
T035,Boleh Boleh!,Mee Hoon Kuch - Large,$6.80,Boleh Boleh public page,https://clementimall.co/shop/boleh-boleh-clementi-mall,,2026-08-03,Public web menu static snapshot,6.80,fixed,,mall_public_page
T035,Boleh Boleh!,Koka Mee Soup,$5.00,Boleh Boleh public page,https://clementimall.co/shop/boleh-boleh-clementi-mall,,2026-08-03,Public web menu static snapshot,5.00,fixed,,mall_public_page
T035,Boleh Boleh!,Ban Mian Soup,$6.50,Boleh Boleh public page,https://clementimall.co/shop/boleh-boleh-clementi-mall,,2026-08-03,Public web menu static snapshot,6.50,fixed,,mall_public_page
T035,Boleh Boleh!,Prawn Noodle,$6.00,Boleh Boleh public page,https://clementimall.co/shop/boleh-boleh-clementi-mall,,2026-08-03,Public web menu static snapshot,6.00,fixed,,mall_public_page
T035,Boleh Boleh!,Assam Laksa,$6.00,Boleh Boleh public page,https://clementimall.co/shop/boleh-boleh-clementi-mall,,2026-08-03,Public web menu static snapshot,6.00,fixed,,mall_public_page
T035,Boleh Boleh!,Mixed Fish Soup Noodle/Rice,$6.00,Boleh Boleh public page,https://clementimall.co/shop/boleh-boleh-clementi-mall,,2026-08-03,Public web menu static snapshot,6.00,fixed,,mall_public_page
T035,Boleh Boleh!,Fried Fish Soup Noodle/Rice,$6.00,Boleh Boleh public page,https://clementimall.co/shop/boleh-boleh-clementi-mall,,2026-08-03,Public web menu static snapshot,6.00,fixed,,mall_public_page
T035,Boleh Boleh!,Sliced Fish Soup Noodle/Rice,$6.00,Boleh Boleh public page,https://clementimall.co/shop/boleh-boleh-clementi-mall,,2026-08-03,Public web menu static snapshot,6.00,fixed,,mall_public_page
T035,Boleh Boleh!,Chicken Gyoza,$5.50,Boleh Boleh public page,https://clementimall.co/shop/boleh-boleh-clementi-mall,,2026-08-03,Public web menu static snapshot,5.50,fixed,,mall_public_page
T035,Boleh Boleh!,Fried Egg,$1.00,Boleh Boleh public page,https://clementimall.co/shop/boleh-boleh-clementi-mall,,2026-08-03,Public web menu static snapshot,1.00,fixed,,mall_public_page
T035,Boleh Boleh!,Mushroom,$1.00,Boleh Boleh public page,https://clementimall.co/shop/boleh-boleh-clementi-mall,,2026-08-03,Public web menu static snapshot,1.00,fixed,,mall_public_page
T035,Boleh Boleh!,Fried Scallops,$2.00,Boleh Boleh public page,https://clementimall.co/shop/boleh-boleh-clementi-mall,,2026-08-03,Public web menu static snapshot,2.00,fixed,,mall_public_page
T035,Boleh Boleh!,Minced Chicken,$2.00,Boleh Boleh public page,https://clementimall.co/shop/boleh-boleh-clementi-mall,,2026-08-03,Public web menu static snapshot,2.00,fixed,,mall_public_page
T035,Boleh Boleh!,Prawn,$2.00,Boleh Boleh public page,https://clementimall.co/shop/boleh-boleh-clementi-mall,,2026-08-03,Public web menu static snapshot,2.00,fixed,,mall_public_page
T035,Boleh Boleh!,Fish Maw,$2.00,Boleh Boleh public page,https://clementimall.co/shop/boleh-boleh-clementi-mall,,2026-08-03,Public web menu static snapshot,2.00,fixed,,mall_public_page
T035,Boleh Boleh!,Fish Ball,$1.50,Boleh Boleh public page,https://clementimall.co/shop/boleh-boleh-clementi-mall,,2026-08-03,Public web menu static snapshot,1.50,fixed,,mall_public_page
T035,Boleh Boleh!,Fish Cake,$1.50,Boleh Boleh public page,https://clementimall.co/shop/boleh-boleh-clementi-mall,,2026-08-03,Public web menu static snapshot,1.50,fixed,,mall_public_page
T035,Boleh Boleh!,Malay Sizzling Yee Mee,$7.20,Boleh Boleh public page,https://clementimall.co/shop/boleh-boleh-clementi-mall,,2026-08-03,Public web menu static snapshot,7.20,fixed,,mall_public_page
T035,Boleh Boleh!,Ayam Berlado Hijau,$7.50,Boleh Boleh public page,https://clementimall.co/shop/boleh-boleh-clementi-mall,,2026-08-03,Public web menu static snapshot,7.50,fixed,,mall_public_page
T035,Boleh Boleh!,Masak Lemak Berempah,$7.50,Boleh Boleh public page,https://clementimall.co/shop/boleh-boleh-clementi-mall,,2026-08-03,Public web menu static snapshot,7.50,fixed,,mall_public_page
T035,Boleh Boleh!,Bergedil With Sambal Kecap,$3.00,Boleh Boleh public page,https://clementimall.co/shop/boleh-boleh-clementi-mall,,2026-08-03,Public web menu static snapshot,3.00,fixed,,mall_public_page
T035,Boleh Boleh!,Tawhu Sumbat With Peanut Sauce,$4.00,Boleh Boleh public page,https://clementimall.co/shop/boleh-boleh-clementi-mall,,2026-08-03,Public web menu static snapshot,4.00,fixed,,mall_public_page
T035,Boleh Boleh!,Special Beef Pho / Rice,$9.50,Boleh Boleh public page,https://clementimall.co/shop/boleh-boleh-clementi-mall,,2026-08-03,Public web menu static snapshot,9.50,fixed,,mall_public_page
T035,Boleh Boleh!,Chicken Pho / Rice,$7.50,Boleh Boleh public page,https://clementimall.co/shop/boleh-boleh-clementi-mall,,2026-08-03,Public web menu static snapshot,7.50,fixed,,mall_public_page
T035,Boleh Boleh!,Grill Chicken Noodle,$7.50,Boleh Boleh public page,https://clementimall.co/shop/boleh-boleh-clementi-mall,,2026-08-03,Public web menu static snapshot,7.50,fixed,,mall_public_page
T035,Boleh Boleh!,Fresh Spring Roll,$5.50,Boleh Boleh public page,https://clementimall.co/shop/boleh-boleh-clementi-mall,,2026-08-03,Public web menu static snapshot,5.50,fixed,,mall_public_page
T035,Boleh Boleh!,Gendang,$2.00,Boleh Boleh public page,https://clementimall.co/shop/boleh-boleh-clementi-mall,,2026-08-03,Public web menu static snapshot,2.00,fixed,,mall_public_page
T035,Boleh Boleh!,Gelas-Gelas,$1.00,Boleh Boleh public page,https://clementimall.co/shop/boleh-boleh-clementi-mall,,2026-08-03,Public web menu static snapshot,1.00,fixed,,mall_public_page
T035,Boleh Boleh!,Keropok Lekor (Stick),$2.00,Boleh Boleh public page,https://clementimall.co/shop/boleh-boleh-clementi-mall,,2026-08-03,Public web menu static snapshot,2.00,fixed,,mall_public_page
T035,Boleh Boleh!,½ Spring Chicken,$12.90,Boleh Boleh public page,https://clementimall.co/shop/boleh-boleh-clementi-mall,,2026-08-03,Public web menu static snapshot,12.90,fixed,,mall_public_page
T035,Boleh Boleh!,Prawn Mee Soup,$4.00,Boleh Boleh public page,https://clementimall.co/shop/boleh-boleh-clementi-mall,,2026-08-03,Public web menu static snapshot,4.00,fixed,,mall_public_page
T035,Boleh Boleh!,Assam Laksa,$4.00,Boleh Boleh public page,https://clementimall.co/shop/boleh-boleh-clementi-mall,,2026-08-03,Public web menu static snapshot,4.00,fixed,,mall_public_page
T035,Boleh Boleh!,Gendang Kontal,$2.00,Boleh Boleh public page,https://clementimall.co/shop/boleh-boleh-clementi-mall,,2026-08-03,Public web menu static snapshot,2.00,fixed,,mall_public_page
T035,Boleh Boleh!,Cempedak Gorong,$2.00,Boleh Boleh public page,https://clementimall.co/shop/boleh-boleh-clementi-mall,,2026-08-03,Public web menu static snapshot,2.00,fixed,,mall_public_page
T035,Boleh Boleh!,Koluciek,$2.00,Boleh Boleh public page,https://clementimall.co/shop/boleh-boleh-clementi-mall,,2026-08-03,Public web menu static snapshot,2.00,fixed,,mall_public_page
T035,Boleh Boleh!,Kuch Keria,$1.00,Boleh Boleh public page,https://clementimall.co/shop/boleh-boleh-clementi-mall,,2026-08-03,Public web menu static snapshot,1.00,fixed,,mall_public_page
T035,Boleh Boleh!,Gatas-Gaka,$1.00,Boleh Boleh public page,https://clementimall.co/shop/boleh-boleh-clementi-mall,,2026-08-03,Public web menu static snapshot,1.00,fixed,,mall_public_page
T035,Boleh Boleh!,Vedai,$2.00,Boleh Boleh public page,https://clementimall.co/shop/boleh-boleh-clementi-mall,,2026-08-03,Public web menu static snapshot,2.00,fixed,,mall_public_page
T035,Boleh Boleh!,Ipah-Ipah,$1.30,Boleh Boleh public page,https://clementimall.co/shop/boleh-boleh-clementi-mall,,2026-08-03,Public web menu static snapshot,1.30,fixed,,mall_public_page
T035,Boleh Boleh!,Tau Sa Bun,$1.20,Boleh Boleh public page,https://clementimall.co/shop/boleh-boleh-clementi-mall,,2026-08-03,Public web menu static snapshot,1.20,fixed,,mall_public_page
T035,Boleh Boleh!,Sesam,$1.20,Boleh Boleh public page,https://clementimall.co/shop/boleh-boleh-clementi-mall,,2026-08-03,Public web menu static snapshot,1.20,fixed,,mall_public_page
T035,Boleh Boleh!,Steamed Chicken Dumplings,$4.50,Boleh Boleh public page,https://clementimall.co/shop/boleh-boleh-clementi-mall,,2026-08-03,Public web menu static snapshot,4.50,fixed,,mall_public_page
T035,Boleh Boleh!,Steamed Veg And Chicken Dumplings,$4.50,Boleh Boleh public page,https://clementimall.co/shop/boleh-boleh-clementi-mall,,2026-08-03,Public web menu static snapshot,4.50,fixed,,mall_public_page
T035,Boleh Boleh!,Wanton In Chilli Oil,$4.50,Boleh Boleh public page,https://clementimall.co/shop/boleh-boleh-clementi-mall,,2026-08-03,Public web menu static snapshot,4.50,fixed,,mall_public_page
T035,Boleh Boleh!,Wanton Minced Chicken La Mian,$5.50,Boleh Boleh public page,https://clementimall.co/shop/boleh-boleh-clementi-mall,,2026-08-03,Public web menu static snapshot,5.50,fixed,,mall_public_page
T035,Boleh Boleh!,Sliced Beef La Mian,$5.50,Boleh Boleh public page,https://clementimall.co/shop/boleh-boleh-clementi-mall,,2026-08-03,Public web menu static snapshot,5.50,fixed,,mall_public_page
T035,Boleh Boleh!,Steamed Chicken Feet,$3.30,Boleh Boleh public page,https://clementimall.co/shop/boleh-boleh-clementi-mall,,2026-08-03,Public web menu static snapshot,3.30,fixed,,mall_public_page
T035,Boleh Boleh!,Siew Mai,$3.50,Boleh Boleh public page,https://clementimall.co/shop/boleh-boleh-clementi-mall,,2026-08-03,Public web menu static snapshot,3.50,fixed,,mall_public_page
T035,Boleh Boleh!,Har Gao,$3.30,Boleh Boleh public page,https://clementimall.co/shop/boleh-boleh-clementi-mall,,2026-08-03,Public web menu static snapshot,3.30,fixed,,mall_public_page
T035,Boleh Boleh!,Chicken Siew Mai,$3.30,Boleh Boleh public page,https://clementimall.co/shop/boleh-boleh-clementi-mall,,2026-08-03,Public web menu static snapshot,3.30,fixed,,mall_public_page
T035,Boleh Boleh!,Steamed Pork Ribs,$3.30,Boleh Boleh public page,https://clementimall.co/shop/boleh-boleh-clementi-mall,,2026-08-03,Public web menu static snapshot,3.30,fixed,,mall_public_page
T035,Boleh Boleh!,Steamed Carrot Cake,$3.30,Boleh Boleh public page,https://clementimall.co/shop/boleh-boleh-clementi-mall,,2026-08-03,Public web menu static snapshot,3.30,fixed,,mall_public_page
T035,Boleh Boleh!,Custard Bun,$3.30,Boleh Boleh public page,https://clementimall.co/shop/boleh-boleh-clementi-mall,,2026-08-03,Public web menu static snapshot,3.30,fixed,,mall_public_page
T035,Boleh Boleh!,Spring Roll,$3.30,Boleh Boleh public page,https://clementimall.co/shop/boleh-boleh-clementi-mall,,2026-08-03,Public web menu static snapshot,3.30,fixed,,mall_public_page
T035,Boleh Boleh!,Fried Carrot Cake,$3.30,Boleh Boleh public page,https://clementimall.co/shop/boleh-boleh-clementi-mall,,2026-08-03,Public web menu static snapshot,3.30,fixed,,mall_public_page
T035,Boleh Boleh!,Fried Prawn Dumpling,$3.30,Boleh Boleh public page,https://clementimall.co/shop/boleh-boleh-clementi-mall,,2026-08-03,Public web menu static snapshot,3.30,fixed,,mall_public_page
T035,Boleh Boleh!,Fried Siew Mai,$3.30,Boleh Boleh public page,https://clementimall.co/shop/boleh-boleh-clementi-mall,,2026-08-03,Public web menu static snapshot,3.30,fixed,,mall_public_page
T035,Boleh Boleh!,Penang Char Kway Teow,$5.00,Boleh Boleh public page,https://clementimall.co/shop/boleh-boleh-clementi-mall,,2026-08-03,Public web menu static snapshot,5.00,fixed,,mall_public_page
T035,Boleh Boleh!,Hot Horlicks,$2.30,Boleh Boleh public page,https://clementimall.co/shop/boleh-boleh-clementi-mall,,2026-08-03,Public web menu static snapshot,2.30,fixed,,mall_public_page
T035,Boleh Boleh!,Iced Horlicks,$3.30,Boleh Boleh public page,https://clementimall.co/shop/boleh-boleh-clementi-mall,,2026-08-03,Public web menu static snapshot,3.30,fixed,,mall_public_page
T035,Boleh Boleh!,Horlicks Godzilla,$4.80,Boleh Boleh public page,https://clementimall.co/shop/boleh-boleh-clementi-mall,,2026-08-03,Public web menu static snapshot,4.80,fixed,,mall_public_page
T035,Boleh Boleh!,Bottled,$1.00,Boleh Boleh public page,https://clementimall.co/shop/boleh-boleh-clementi-mall,,2026-08-03,Public web menu static snapshot,1.00,fixed,,mall_public_page
T035,Boleh Boleh!,Lychee Longan Tea Iced Blue Pea Flower Lemonade,$2.00,Boleh Boleh public page,https://clementimall.co/shop/boleh-boleh-clementi-mall,,2026-08-03,Public web menu static snapshot,2.00,fixed,,mall_public_page
T035,Boleh Boleh!,Add-On,$0.30,Boleh Boleh public page,https://clementimall.co/shop/boleh-boleh-clementi-mall,,2026-08-03,Public web menu static snapshot,0.30,fixed,,mall_public_page
T035,Boleh Boleh!,Chendol,$2.00,Boleh Boleh public page,https://clementimall.co/shop/boleh-boleh-clementi-mall,,2026-08-03,Public web menu static snapshot,2.00,fixed,,mall_public_page
T035,Boleh Boleh!,Hai Lam Chicken Chop,$6.00,Boleh Boleh public page,https://clementimall.co/shop/boleh-boleh-clementi-mall,,2026-08-03,Public web menu static snapshot,6.00,fixed,,mall_public_page
T035,Boleh Boleh!,Fish & Chip,$7.50,Boleh Boleh public page,https://clementimall.co/shop/boleh-boleh-clementi-mall,,2026-08-03,Public web menu static snapshot,7.50,fixed,,mall_public_page
T035,Boleh Boleh!,French Fries,$2.00,Boleh Boleh public page,https://clementimall.co/shop/boleh-boleh-clementi-mall,,2026-08-03,Public web menu static snapshot,2.00,fixed,,mall_public_page
T035,Boleh Boleh!,Cheddar Cheese (1Pcs),$1.00,Boleh Boleh public page,https://clementimall.co/shop/boleh-boleh-clementi-mall,,2026-08-03,Public web menu static snapshot,1.00,fixed,,mall_public_page
T035,Boleh Boleh!,Turkey Chicken Ham (2Pcs),$1.50,Boleh Boleh public page,https://clementimall.co/shop/boleh-boleh-clementi-mall,,2026-08-03,Public web menu static snapshot,1.50,fixed,,mall_public_page
T035,Boleh Boleh!,Chicken Burger,$5.00,Boleh Boleh public page,https://clementimall.co/shop/boleh-boleh-clementi-mall,,2026-08-03,Public web menu static snapshot,5.00,fixed,,mall_public_page
T035,Boleh Boleh!,Beef Burger,$5.50,Boleh Boleh public page,https://clementimall.co/shop/boleh-boleh-clementi-mall,,2026-08-03,Public web menu static snapshot,5.50,fixed,,mall_public_page
T035,Boleh Boleh!,Chicken Special Burger,$6.00,Boleh Boleh public page,https://clementimall.co/shop/boleh-boleh-clementi-mall,,2026-08-03,Public web menu static snapshot,6.00,fixed,,mall_public_page
T035,Boleh Boleh!,Beef Special Burger,$6.50,Boleh Boleh public page,https://clementimall.co/shop/boleh-boleh-clementi-mall,,2026-08-03,Public web menu static snapshot,6.50,fixed,,mall_public_page
T035,Boleh Boleh!,Double Chicken Special Burger,$8.00,Boleh Boleh public page,https://clementimall.co/shop/boleh-boleh-clementi-mall,,2026-08-03,Public web menu static snapshot,8.00,fixed,,mall_public_page
T035,Boleh Boleh!,Double Beef Special Burger,$8.50,Boleh Boleh public page,https://clementimall.co/shop/boleh-boleh-clementi-mall,,2026-08-03,Public web menu static snapshot,8.50,fixed,,mall_public_page
T035,Boleh Boleh!,Ham + Cheese + Egg Prata Sandwich,$3.50,Boleh Boleh public page,https://clementimall.co/shop/boleh-boleh-clementi-mall,,2026-08-03,Public web menu static snapshot,3.50,fixed,,mall_public_page
T035,Boleh Boleh!,Chicken Satay Prata Sandwich,$4.50,Boleh Boleh public page,https://clementimall.co/shop/boleh-boleh-clementi-mall,,2026-08-03,Public web menu static snapshot,4.50,fixed,,mall_public_page
T035,Boleh Boleh!,Chicken Patty Prata Sandwich,$4.50,Boleh Boleh public page,https://clementimall.co/shop/boleh-boleh-clementi-mall,,2026-08-03,Public web menu static snapshot,4.50,fixed,,mall_public_page
T035,Boleh Boleh!,Beef Patty Prata Sandwich,$4.50,Boleh Boleh public page,https://clementimall.co/shop/boleh-boleh-clementi-mall,,2026-08-03,Public web menu static snapshot,4.50,fixed,,mall_public_page
T035,Boleh Boleh!,Egg Prata,$1.80,Boleh Boleh public page,https://clementimall.co/shop/boleh-boleh-clementi-mall,,2026-08-03,Public web menu static snapshot,1.80,fixed,,mall_public_page
T035,Boleh Boleh!,Prata With Curry Chicken Drumstick Set,$4.80,Boleh Boleh public page,https://clementimall.co/shop/boleh-boleh-clementi-mall,,2026-08-03,Public web menu static snapshot,4.80,fixed,,mall_public_page
T017,Delifrance,Turkey Bacon / Chicken Ham & Egg Panwich,9.90 SGD,Delifrance Singapore Menu All Day Breakfast,https://sgfoodprice.org/delifrance-singapore-menu/,,2026-08-03,Public web menu static snapshot,9.90,fixed,,price_page
T017,Delifrance,Fluffy Pancakes,8.90 SGD,Delifrance Singapore Menu All Day Breakfast,https://sgfoodprice.org/delifrance-singapore-menu/,,2026-08-03,Public web menu static snapshot,8.90,fixed,,price_page
T017,Delifrance,Strawberries & Cream Pancakes,11.90 SGD,Delifrance Singapore Menu All Day Breakfast,https://sgfoodprice.org/delifrance-singapore-menu/,,2026-08-03,Public web menu static snapshot,11.90,fixed,,price_page
T017,Delifrance,Savoury Pancakes Platter,13.90 SGD,Delifrance Singapore Menu All Day Breakfast,https://sgfoodprice.org/delifrance-singapore-menu/,,2026-08-03,Public web menu static snapshot,13.90,fixed,,price_page
T017,Delifrance,Toasty Baguette / Croissant,6.90 SGD,Delifrance Singapore Menu All Day Breakfast,https://sgfoodprice.org/delifrance-singapore-menu/,,2026-08-03,Public web menu static snapshot,6.90,fixed,,price_page
T017,Delifrance,Mega Hearty Platter,15.90 SGD,Delifrance Singapore Menu All Day Breakfast,https://sgfoodprice.org/delifrance-singapore-menu/,,2026-08-03,Public web menu static snapshot,15.90,fixed,,price_page
T017,Delifrance,Hearty Platter,12.90 SGD,Delifrance Singapore Menu All Day Breakfast,https://sgfoodprice.org/delifrance-singapore-menu/,,2026-08-03,Public web menu static snapshot,12.90,fixed,,price_page
T017,Delifrance,Curry Chicken Baked Rice,13.90 SGD,Delifrance Menu Mains,https://sgfoodprice.org/delifrance-singapore-menu/,,2026-08-03,Public web menu static snapshot,13.90,fixed,,price_page
T017,Delifrance,Smoked Chicken Baked Rice,13.90 SGD,Delifrance Menu Mains,https://sgfoodprice.org/delifrance-singapore-menu/,,2026-08-03,Public web menu static snapshot,13.90,fixed,,price_page
T017,Delifrance,Spinach & Mushroom Baked Rice,14.90 SGD,Delifrance Menu Mains,https://sgfoodprice.org/delifrance-singapore-menu/,,2026-08-03,Public web menu static snapshot,14.90,fixed,,price_page
T017,Delifrance,Beef Stew,14.90 SGD,Delifrance Menu Mains,https://sgfoodprice.org/delifrance-singapore-menu/,,2026-08-03,Public web menu static snapshot,14.90,fixed,,price_page
T017,Delifrance,Lasagne,14.90 SGD,Delifrance Menu Mains,https://sgfoodprice.org/delifrance-singapore-menu/,,2026-08-03,Public web menu static snapshot,14.90,fixed,,price_page
T017,Delifrance,Smoked Salmon Carbonara Spaghetti,14.90 SGD,Delifrance Menu Mains,https://sgfoodprice.org/delifrance-singapore-menu/,,2026-08-03,Public web menu static snapshot,14.90,fixed,,price_page
T017,Delifrance,Chicken Ham Carbonara Spaghetti,13.90 SGD,Delifrance Menu Mains,https://sgfoodprice.org/delifrance-singapore-menu/,,2026-08-03,Public web menu static snapshot,13.90,fixed,,price_page
T017,Delifrance,Beef Bolognese Spaghetti,13.90 SGD,Delifrance Menu Mains,https://sgfoodprice.org/delifrance-singapore-menu/,,2026-08-03,Public web menu static snapshot,13.90,fixed,,price_page
T017,Delifrance,Aglio Olio Spaghetti,9.90 SGD,Delifrance Menu Mains,https://sgfoodprice.org/delifrance-singapore-menu/,,2026-08-03,Public web menu static snapshot,9.90,fixed,,price_page
T017,Delifrance,Cheesy Chicken Sausage Bites,8.90 SGD,Delifrance Appetizers Price,https://sgfoodprice.org/delifrance-singapore-menu/,,2026-08-03,Public web menu static snapshot,8.90,fixed,,price_page
T017,Delifrance,Potato Gratin,7.90 SGD,Delifrance Appetizers Price,https://sgfoodprice.org/delifrance-singapore-menu/,,2026-08-03,Public web menu static snapshot,7.90,fixed,,price_page
T017,Delifrance,Delio Potato Seafood,8.00 SGD,Delifrance Appetizers Price,https://sgfoodprice.org/delifrance-singapore-menu/,,2026-08-03,Public web menu static snapshot,8.00,fixed,,price_page
T017,Delifrance,Delio Potato Tuna,7.50 SGD,Delifrance Appetizers Price,https://sgfoodprice.org/delifrance-singapore-menu/,,2026-08-03,Public web menu static snapshot,7.50,fixed,,price_page
T017,Delifrance,Delio Potato Chicken,7.50 SGD,Delifrance Appetizers Price,https://sgfoodprice.org/delifrance-singapore-menu/,,2026-08-03,Public web menu static snapshot,7.50,fixed,,price_page
T017,Delifrance,Delio Potato Egg,7.00 SGD,Delifrance Appetizers Price,https://sgfoodprice.org/delifrance-singapore-menu/,,2026-08-03,Public web menu static snapshot,7.00,fixed,,price_page
T017,Delifrance,Soup Of The Day,5.00 SGD,Delifrance Appetizers Price,https://sgfoodprice.org/delifrance-singapore-menu/,,2026-08-03,Public web menu static snapshot,5.00,fixed,,price_page
T017,Delifrance,Ham And Cheese Sandwich,8.50 SGD,Delifrance Sandwiches Menu,https://sgfoodprice.org/delifrance-singapore-menu/,,2026-08-03,Public web menu static snapshot,8.50,fixed,,price_page
T017,Delifrance,Smoked Salmon,8.50 SGD,Delifrance Sandwiches Menu,https://sgfoodprice.org/delifrance-singapore-menu/,,2026-08-03,Public web menu static snapshot,8.50,fixed,,price_page
T017,Delifrance,Smoked Chicken,8.50 SGD,Delifrance Sandwiches Menu,https://sgfoodprice.org/delifrance-singapore-menu/,,2026-08-03,Public web menu static snapshot,8.50,fixed,,price_page
T017,Delifrance,Turkey Blt,8.50 SGD,Delifrance Sandwiches Menu,https://sgfoodprice.org/delifrance-singapore-menu/,,2026-08-03,Public web menu static snapshot,8.50,fixed,,price_page
T017,Delifrance,Seafood D’sire,8.50 SGD,Delifrance Sandwiches Menu,https://sgfoodprice.org/delifrance-singapore-menu/,,2026-08-03,Public web menu static snapshot,8.50,fixed,,price_page
T017,Delifrance,Tuna D’licious,8.20 SGD,Delifrance Sandwiches Menu,https://sgfoodprice.org/delifrance-singapore-menu/,,2026-08-03,Public web menu static snapshot,8.20,fixed,,price_page
T017,Delifrance,Chicken D’light,8.20 SGD,Delifrance Sandwiches Menu,https://sgfoodprice.org/delifrance-singapore-menu/,,2026-08-03,Public web menu static snapshot,8.20,fixed,,price_page
T017,Delifrance,Egg D’vine,7.50 SGD,Delifrance Sandwiches Menu,https://sgfoodprice.org/delifrance-singapore-menu/,,2026-08-03,Public web menu static snapshot,7.50,fixed,,price_page
T017,Delifrance,Beef Bolognese Spaghetti,6.90 SGD,Delifrance Singapore Kids Meal,https://sgfoodprice.org/delifrance-singapore-menu/,,2026-08-03,Public web menu static snapshot,6.90,fixed,,price_page
T017,Delifrance,Chicken Ham & Sausage Carbonara Spaghetti,6.90 SGD,Delifrance Singapore Kids Meal,https://sgfoodprice.org/delifrance-singapore-menu/,,2026-08-03,Public web menu static snapshot,6.90,fixed,,price_page
T017,Delifrance,Fluffy pancakes with Maple Syrup & Butter,5.90 SGD,Delifrance Singapore Kids Meal,https://sgfoodprice.org/delifrance-singapore-menu/,,2026-08-03,Public web menu static snapshot,5.90,fixed,,price_page
T017,Delifrance,Strawberry Frappe,7.20 SGD,Delifrance Ice Blended,https://sgfoodprice.org/delifrance-singapore-menu/,,2026-08-03,Public web menu static snapshot,7.20,fixed,,price_page
T017,Delifrance,Chocolate Choc Chip Frappe,7.20 SGD,Delifrance Ice Blended,https://sgfoodprice.org/delifrance-singapore-menu/,,2026-08-03,Public web menu static snapshot,7.20,fixed,,price_page
T017,Delifrance,Mocha Frappe,7.20 SGD,Delifrance Ice Blended,https://sgfoodprice.org/delifrance-singapore-menu/,,2026-08-03,Public web menu static snapshot,7.20,fixed,,price_page
T017,Delifrance,Lychee Fizz with Pomegranate Jelly,6.60 SGD,Delifrance Non-caffeine,https://sgfoodprice.org/delifrance-singapore-menu/,,2026-08-03,Public web menu static snapshot,6.60,fixed,,price_page
T017,Delifrance,Cantaloupe Fizz with Pomegranate Jelly,6.60 SGD,Delifrance Non-caffeine,https://sgfoodprice.org/delifrance-singapore-menu/,,2026-08-03,Public web menu static snapshot,6.60,fixed,,price_page
T017,Delifrance,Triple Peach Fizz with Pomegranate Jelly,6.60 SGD,Delifrance Non-caffeine,https://sgfoodprice.org/delifrance-singapore-menu/,,2026-08-03,Public web menu static snapshot,6.60,fixed,,price_page
T017,Delifrance,Taro Latte,6.00 SGD,Delifrance Non-caffeine,https://sgfoodprice.org/delifrance-singapore-menu/,,2026-08-03,Public web menu static snapshot,6.00,fixed,,price_page
T017,Delifrance,Honey Lemon,5.00 SGD,Delifrance Non-caffeine,https://sgfoodprice.org/delifrance-singapore-menu/,,2026-08-03,Public web menu static snapshot,5.00,fixed,,price_page
T017,Delifrance,Simply Chocolate,6.00 SGD,Delifrance Non-caffeine,https://sgfoodprice.org/delifrance-singapore-menu/,,2026-08-03,Public web menu static snapshot,6.00,fixed,,price_page
T017,Delifrance,Homemade Lemon Tea,5.30 SGD,Delifrance Brewed Tea,https://sgfoodprice.org/delifrance-singapore-menu/,,2026-08-03,Public web menu static snapshot,5.30,fixed,,price_page
T017,Delifrance,Café Mocha,6.50 SGD,Delifrance Coffee,https://sgfoodprice.org/delifrance-singapore-menu/,,2026-08-03,Public web menu static snapshot,6.50,fixed,,price_page
T017,Delifrance,Café Latte,6.00 SGD,Delifrance Coffee,https://sgfoodprice.org/delifrance-singapore-menu/,,2026-08-03,Public web menu static snapshot,6.00,fixed,,price_page
T017,Delifrance,Freshly Brewed Coffee,5.00 SGD,Delifrance Coffee,https://sgfoodprice.org/delifrance-singapore-menu/,,2026-08-03,Public web menu static snapshot,5.00,fixed,,price_page
T017,Delifrance,Croissant,5,NUTRITION INFORMATION OF DELIFRANCE SINGAPORE MENU TABLE,https://sgfoodprice.org/delifrance-singapore-menu/,,2026-08-03,Public web menu static snapshot,5,fixed,,price_page
T017,Delifrance,Ham & Cheese Baguette,20,NUTRITION INFORMATION OF DELIFRANCE SINGAPORE MENU TABLE,https://sgfoodprice.org/delifrance-singapore-menu/,,2026-08-03,Public web menu static snapshot,20,fixed,,price_page
T017,Delifrance,Chicken Pie,12,NUTRITION INFORMATION OF DELIFRANCE SINGAPORE MENU TABLE,https://sgfoodprice.org/delifrance-singapore-menu/,,2026-08-03,Public web menu static snapshot,12,fixed,,price_page
T017,Delifrance,Quiche Lorraine,12,NUTRITION INFORMATION OF DELIFRANCE SINGAPORE MENU TABLE,https://sgfoodprice.org/delifrance-singapore-menu/,,2026-08-03,Public web menu static snapshot,12,fixed,,price_page
T017,Delifrance,Vegetable Soup,4,NUTRITION INFORMATION OF DELIFRANCE SINGAPORE MENU TABLE,https://sgfoodprice.org/delifrance-singapore-menu/,,2026-08-03,Public web menu static snapshot,4,fixed,,price_page
T017,Delifrance,Caesar Salad,10,NUTRITION INFORMATION OF DELIFRANCE SINGAPORE MENU TABLE,https://sgfoodprice.org/delifrance-singapore-menu/,,2026-08-03,Public web menu static snapshot,10,fixed,,price_page
T017,Delifrance,Breakfast,$6.50,DELIFRANCE MENU SINGAPORE DRIVE-THRU ITEMS TABLE,https://sgfoodprice.org/delifrance-singapore-menu/,,2026-08-03,Public web menu static snapshot,6.50,fixed,,price_page
T017,Delifrance,Lunch/Dinner,$8.50,DELIFRANCE MENU SINGAPORE DRIVE-THRU ITEMS TABLE,https://sgfoodprice.org/delifrance-singapore-menu/,,2026-08-03,Public web menu static snapshot,8.50,fixed,,price_page
T017,Delifrance,Sides,$3.00,DELIFRANCE MENU SINGAPORE DRIVE-THRU ITEMS TABLE,https://sgfoodprice.org/delifrance-singapore-menu/,,2026-08-03,Public web menu static snapshot,3.00,fixed,,price_page
T017,Delifrance,Desserts,$4.50,DELIFRANCE MENU SINGAPORE DRIVE-THRU ITEMS TABLE,https://sgfoodprice.org/delifrance-singapore-menu/,,2026-08-03,Public web menu static snapshot,4.50,fixed,,price_page
T017,Delifrance,Beverages,$3.00,DELIFRANCE MENU SINGAPORE DRIVE-THRU ITEMS TABLE,https://sgfoodprice.org/delifrance-singapore-menu/,,2026-08-03,Public web menu static snapshot,3.00,fixed,,price_page
T017,Delifrance,Pastries,SGD 175.00,BULK ORDER OF DELIFRANCE SINGAPORE MENU TABLE,https://sgfoodprice.org/delifrance-singapore-menu/,,2026-08-03,Public web menu static snapshot,175.00,fixed,,price_page
T017,Delifrance,Breads,SGD 112.00,BULK ORDER OF DELIFRANCE SINGAPORE MENU TABLE,https://sgfoodprice.org/delifrance-singapore-menu/,,2026-08-03,Public web menu static snapshot,112.00,fixed,,price_page
T017,Delifrance,Sandwiches,SGD 162.50,BULK ORDER OF DELIFRANCE SINGAPORE MENU TABLE,https://sgfoodprice.org/delifrance-singapore-menu/,,2026-08-03,Public web menu static snapshot,162.50,fixed,,price_page
T017,Delifrance,Quiches,SGD 120.00,BULK ORDER OF DELIFRANCE SINGAPORE MENU TABLE,https://sgfoodprice.org/delifrance-singapore-menu/,,2026-08-03,Public web menu static snapshot,120.00,fixed,,price_page
T017,Delifrance,Drinks,SGD 100.00,BULK ORDER OF DELIFRANCE SINGAPORE MENU TABLE,https://sgfoodprice.org/delifrance-singapore-menu/,,2026-08-03,Public web menu static snapshot,100.00,fixed,,price_page
T017,Delifrance,Desserts,SGD 120.00,BULK ORDER OF DELIFRANCE SINGAPORE MENU TABLE,https://sgfoodprice.org/delifrance-singapore-menu/,,2026-08-03,Public web menu static snapshot,120.00,fixed,,price_page
T017,Delifrance,Monday,8 am–9 pm,"DELIFRANCE SINGAPORE LOCATION, OPENING HOURS, AND INSTANT DATA",https://sgfoodprice.org/delifrance-singapore-menu/,,2026-08-03,Public web menu static snapshot,8,fixed,,price_page
T017,Delifrance,Tuesday,8 am–9 pm,"DELIFRANCE SINGAPORE LOCATION, OPENING HOURS, AND INSTANT DATA",https://sgfoodprice.org/delifrance-singapore-menu/,,2026-08-03,Public web menu static snapshot,8,fixed,,price_page
T017,Delifrance,Wednesday,8 am–9 pm,"DELIFRANCE SINGAPORE LOCATION, OPENING HOURS, AND INSTANT DATA",https://sgfoodprice.org/delifrance-singapore-menu/,,2026-08-03,Public web menu static snapshot,8,fixed,,price_page
T017,Delifrance,Thursday,8 am–9 pm,"DELIFRANCE SINGAPORE LOCATION, OPENING HOURS, AND INSTANT DATA",https://sgfoodprice.org/delifrance-singapore-menu/,,2026-08-03,Public web menu static snapshot,8,fixed,,price_page
T017,Delifrance,Friday,8 am–9 pm,"DELIFRANCE SINGAPORE LOCATION, OPENING HOURS, AND INSTANT DATA",https://sgfoodprice.org/delifrance-singapore-menu/,,2026-08-03,Public web menu static snapshot,8,fixed,,price_page
T017,Delifrance,Saturday,8 am–9 pm,"DELIFRANCE SINGAPORE LOCATION, OPENING HOURS, AND INSTANT DATA",https://sgfoodprice.org/delifrance-singapore-menu/,,2026-08-03,Public web menu static snapshot,8,fixed,,price_page
T017,Delifrance,Sunday,8 am–9 pm,"DELIFRANCE SINGAPORE LOCATION, OPENING HOURS, AND INSTANT DATA",https://sgfoodprice.org/delifrance-singapore-menu/,,2026-08-03,Public web menu static snapshot,8,fixed,,price_page
T007,Anna's x The Soup Spoon Union,Sandwich Set,S$ 17.00,Soup Spoon Singapore Menu Price List,https://menuprices.sg/soup-spoon-singapore-menu/,,2026-08-03,Public web menu static snapshot,17.00,fixed,,price_page
T007,Anna's x The Soup Spoon Union,Salad Set,S$ 17.00,Soup Spoon Singapore Menu Price List,https://menuprices.sg/soup-spoon-singapore-menu/,,2026-08-03,Public web menu static snapshot,17.00,fixed,,price_page
T007,Anna's x The Soup Spoon Union,Flatbread Set,S$ 17.00,Soup Spoon Singapore Menu Price List,https://menuprices.sg/soup-spoon-singapore-menu/,,2026-08-03,Public web menu static snapshot,17.00,fixed,,price_page
T007,Anna's x The Soup Spoon Union,REG:Velvety Mushroom Stroganoff (GF),S$ 10.60,Soup Spoon Singapore Menu Price List,https://menuprices.sg/soup-spoon-singapore-menu/,,2026-08-03,Public web menu static snapshot,10.60,fixed,,price_page
T007,Anna's x The Soup Spoon Union,REG:Tokyo Chicken Stew,S$ 10.60,Soup Spoon Singapore Menu Price List,https://menuprices.sg/soup-spoon-singapore-menu/,,2026-08-03,Public web menu static snapshot,10.60,fixed,,price_page
T007,Anna's x The Soup Spoon Union,The Soup Spoon Party for,S$ 33.40,Soup Spoon Singapore Menu Price List,https://menuprices.sg/soup-spoon-singapore-menu/,,2026-08-03,Public web menu static snapshot,33.40,fixed,,price_page
T007,Anna's x The Soup Spoon Union,Union Bundle (3,S$ 47.70,Soup Spoon Singapore Menu Price List,https://menuprices.sg/soup-spoon-singapore-menu/,,2026-08-03,Public web menu static snapshot,47.70,fixed,,price_page
T007,Anna's x The Soup Spoon Union,Union Bundle (4 pax),S$ 57.70,Soup Spoon Singapore Menu Price List,https://menuprices.sg/soup-spoon-singapore-menu/,,2026-08-03,Public web menu static snapshot,57.70,fixed,,price_page
T007,Anna's x The Soup Spoon Union,Red Rice Set,S$ 14.70,Soup Spoon Singapore Menu Price List,https://menuprices.sg/soup-spoon-singapore-menu/,,2026-08-03,Public web menu static snapshot,14.70,fixed,,price_page
T007,Anna's x The Soup Spoon Union,Steamed Corn Set,S$ 14.70,Soup Spoon Singapore Menu Price List,https://menuprices.sg/soup-spoon-singapore-menu/,,2026-08-03,Public web menu static snapshot,14.70,fixed,,price_page
T007,Anna's x The Soup Spoon Union,Steamed Broccoli Set,S$ 14.70,Soup Spoon Singapore Menu Price List,https://menuprices.sg/soup-spoon-singapore-menu/,,2026-08-03,Public web menu static snapshot,14.70,fixed,,price_page
T007,Anna's x The Soup Spoon Union,Creamed Spinach Set,S$ 14.70,Soup Spoon Singapore Menu Price List,https://menuprices.sg/soup-spoon-singapore-menu/,,2026-08-03,Public web menu static snapshot,14.70,fixed,,price_page
T007,Anna's x The Soup Spoon Union,Sourdough Cake and Soup Set,S$ 17.00,Soup Spoon Singapore Menu Price List,https://menuprices.sg/soup-spoon-singapore-menu/,,2026-08-03,Public web menu static snapshot,17.00,fixed,,price_page
T007,Anna's x The Soup Spoon Union,Sandwich Set,S$ 17.00,Soup Spoon Singapore Menu Price List,https://menuprices.sg/soup-spoon-singapore-menu/,,2026-08-03,Public web menu static snapshot,17.00,fixed,,price_page
T007,Anna's x The Soup Spoon Union,Salad Set,S$ 17.00,Soup Spoon Singapore Menu Price List,https://menuprices.sg/soup-spoon-singapore-menu/,,2026-08-03,Public web menu static snapshot,17.00,fixed,,price_page
T007,Anna's x The Soup Spoon Union,Flatbread Set,S$ 17.00,Soup Spoon Singapore Menu Price List,https://menuprices.sg/soup-spoon-singapore-menu/,,2026-08-03,Public web menu static snapshot,17.00,fixed,,price_page
T007,Anna's x The Soup Spoon Union,Sourdough Breadbowl Set,S$ 17.00,Soup Spoon Singapore Menu Price List,https://menuprices.sg/soup-spoon-singapore-menu/,,2026-08-03,Public web menu static snapshot,17.00,fixed,,price_page
T007,Anna's x The Soup Spoon Union,Potpie set,S$ 17.00,Soup Spoon Singapore Menu Price List,https://menuprices.sg/soup-spoon-singapore-menu/,,2026-08-03,Public web menu static snapshot,17.00,fixed,,price_page
T007,Anna's x The Soup Spoon Union,Sourdough Cake Set,S$ 9.30,Soup Spoon Singapore Menu Price List,https://menuprices.sg/soup-spoon-singapore-menu/,,2026-08-03,Public web menu static snapshot,9.30,fixed,,price_page
T007,Anna's x The Soup Spoon Union,The Soup Spoon Party for 2,S$ 33.40,Soup Spoon Singapore Menu Price List,https://menuprices.sg/soup-spoon-singapore-menu/,,2026-08-03,Public web menu static snapshot,33.40,fixed,,price_page
T007,Anna's x The Soup Spoon Union,REG:Perfect Vegan Mushroom Broth,S$ 9.80,Soup Spoon Singapore Menu Price List,https://menuprices.sg/soup-spoon-singapore-menu/,,2026-08-03,Public web menu static snapshot,9.80,fixed,,price_page
T007,Anna's x The Soup Spoon Union,REG:Beauty Collagen Stew,S$ 11.80,Soup Spoon Singapore Menu Price List,https://menuprices.sg/soup-spoon-singapore-menu/,,2026-08-03,Public web menu static snapshot,11.80,fixed,,price_page
T007,Anna's x The Soup Spoon Union,REG:Black Pepper Beef Stew (Spicy),S$ 11.80,Soup Spoon Singapore Menu Price List,https://menuprices.sg/soup-spoon-singapore-menu/,,2026-08-03,Public web menu static snapshot,11.80,fixed,,price_page
T007,Anna's x The Soup Spoon Union,REG:Barramundi Kimchi Jjigae (Spicy),S$ 11.80,Soup Spoon Singapore Menu Price List,https://menuprices.sg/soup-spoon-singapore-menu/,,2026-08-03,Public web menu static snapshot,11.80,fixed,,price_page
T007,Anna's x The Soup Spoon Union,Perfect Vegan Mushroom Broth Take-Home P,S$ 16.70,Soup Spoon Singapore Menu Price List,https://menuprices.sg/soup-spoon-singapore-menu/,,2026-08-03,Public web menu static snapshot,16.70,fixed,,price_page
T007,Anna's x The Soup Spoon Union,Beauty Collagen Stew Take-Home Pack,S$ 19.30,Soup Spoon Singapore Menu Price List,https://menuprices.sg/soup-spoon-singapore-menu/,,2026-08-03,Public web menu static snapshot,19.30,fixed,,price_page
T007,Anna's x The Soup Spoon Union,Black Pepper Beef Stew Take-Home Pack (S),S$ 19.30,Soup Spoon Singapore Menu Price List,https://menuprices.sg/soup-spoon-singapore-menu/,,2026-08-03,Public web menu static snapshot,19.30,fixed,,price_page
T007,Anna's x The Soup Spoon Union,Barramundi Kimchi Jjigae Take-Home Pack,S$ 19.30,Soup Spoon Singapore Menu Price List,https://menuprices.sg/soup-spoon-singapore-menu/,,2026-08-03,Public web menu static snapshot,19.30,fixed,,price_page
T007,Anna's x The Soup Spoon Union,REG:Tangy Tomato w Basil (V)(GF)(Spicy),S$ 8.40,Soup Spoon Singapore Menu Price List,https://menuprices.sg/soup-spoon-singapore-menu/,,2026-08-03,Public web menu static snapshot,8.40,fixed,,price_page
T007,Anna's x The Soup Spoon Union,REG:Roasted Pumpkin (V)(GF),S$ 8.40,Soup Spoon Singapore Menu Price List,https://menuprices.sg/soup-spoon-singapore-menu/,,2026-08-03,Public web menu static snapshot,8.40,fixed,,price_page
T007,Anna's x The Soup Spoon Union,REG:Meatless Minestrone (V),S$ 8.40,Soup Spoon Singapore Menu Price List,https://menuprices.sg/soup-spoon-singapore-menu/,,2026-08-03,Public web menu static snapshot,8.40,fixed,,price_page
T007,Anna's x The Soup Spoon Union,REG:Tokyo Chicken Stew,S$ 10.60,Soup Spoon Singapore Menu Price List,https://menuprices.sg/soup-spoon-singapore-menu/,,2026-08-03,Public web menu static snapshot,10.60,fixed,,price_page
T007,Anna's x The Soup Spoon Union,REG:Velvety Mushroom Stroganoff (GF),S$ 10.60,Soup Spoon Singapore Menu Price List,https://menuprices.sg/soup-spoon-singapore-menu/,,2026-08-03,Public web menu static snapshot,10.60,fixed,,price_page
T007,Anna's x The Soup Spoon Union,REG:SG Chicken & Mushroom Ragout,S$ 10.70,Soup Spoon Singapore Menu Price List,https://menuprices.sg/soup-spoon-singapore-menu/,,2026-08-03,Public web menu static snapshot,10.70,fixed,,price_page
T007,Anna's x The Soup Spoon Union,REG:Beef Goulash (GF),S$ 11.00,Soup Spoon Singapore Menu Price List,https://menuprices.sg/soup-spoon-singapore-menu/,,2026-08-03,Public web menu static snapshot,11.00,fixed,,price_page
T007,Anna's x The Soup Spoon Union,REG:Boston Clam Chowder (GF),S$ 11.00,Soup Spoon Singapore Menu Price List,https://menuprices.sg/soup-spoon-singapore-menu/,,2026-08-03,Public web menu static snapshot,11.00,fixed,,price_page
T007,Anna's x The Soup Spoon Union,Falafel with Hummus Flatbread (Full),S$ 14.50,Soup Spoon Singapore Menu Price List,https://menuprices.sg/soup-spoon-singapore-menu/,,2026-08-03,Public web menu static snapshot,14.50,fixed,,price_page
T007,Anna's x The Soup Spoon Union,Falafel with Hummus Flatbread (Half),S$ 7.90,Soup Spoon Singapore Menu Price List,https://menuprices.sg/soup-spoon-singapore-menu/,,2026-08-03,Public web menu static snapshot,7.90,fixed,,price_page
T007,Anna's x The Soup Spoon Union,Bulgogi Beef wQuinoa Flatbread (Full),S$ 16.20,Soup Spoon Singapore Menu Price List,https://menuprices.sg/soup-spoon-singapore-menu/,,2026-08-03,Public web menu static snapshot,16.20,fixed,,price_page
T007,Anna's x The Soup Spoon Union,Bulgogi Beef wQuinoa Flatbread (Half),S$ 8.70,Soup Spoon Singapore Menu Price List,https://menuprices.sg/soup-spoon-singapore-menu/,,2026-08-03,Public web menu static snapshot,8.70,fixed,,price_page
T007,Anna's x The Soup Spoon Union,Sriracha Chicken Fillet Flatbread (Full),S$ 15.60,Soup Spoon Singapore Menu Price List,https://menuprices.sg/soup-spoon-singapore-menu/,,2026-08-03,Public web menu static snapshot,15.60,fixed,,price_page
T007,Anna's x The Soup Spoon Union,Sriracha Chicken Fillet Flatbread (Half),S$ 8.40,Soup Spoon Singapore Menu Price List,https://menuprices.sg/soup-spoon-singapore-menu/,,2026-08-03,Public web menu static snapshot,8.40,fixed,,price_page
T007,Anna's x The Soup Spoon Union,Herb ChickenBreast wMshrm Flatbread (Full),S$ 15.60,Soup Spoon Singapore Menu Price List,https://menuprices.sg/soup-spoon-singapore-menu/,,2026-08-03,Public web menu static snapshot,15.60,fixed,,price_page
T007,Anna's x The Soup Spoon Union,Herb ChickenBreast wMshrm Flatbread (Half),S$ 8.40,Soup Spoon Singapore Menu Price List,https://menuprices.sg/soup-spoon-singapore-menu/,,2026-08-03,Public web menu static snapshot,8.40,fixed,,price_page
T007,Anna's x The Soup Spoon Union,Meat-Free Nuggets Crispy Flatbread (Full),S$ 16.20,Soup Spoon Singapore Menu Price List,https://menuprices.sg/soup-spoon-singapore-menu/,,2026-08-03,Public web menu static snapshot,16.20,fixed,,price_page
T007,Anna's x The Soup Spoon Union,Meat-Free Nuggets Crispy Flatbread (Half),S$ 8.70,Soup Spoon Singapore Menu Price List,https://menuprices.sg/soup-spoon-singapore-menu/,,2026-08-03,Public web menu static snapshot,8.70,fixed,,price_page
T007,Anna's x The Soup Spoon Union,Caesar Salad (Full),S$ 13.70,Soup Spoon Singapore Menu Price List,https://menuprices.sg/soup-spoon-singapore-menu/,,2026-08-03,Public web menu static snapshot,13.70,fixed,,price_page
T007,Anna's x The Soup Spoon Union,Caesar Salad (Half),S$ 7.50,Soup Spoon Singapore Menu Price List,https://menuprices.sg/soup-spoon-singapore-menu/,,2026-08-03,Public web menu static snapshot,7.50,fixed,,price_page
T007,Anna's x The Soup Spoon Union,Asian Tofu Salad (Full),S$ 16.20,Soup Spoon Singapore Menu Price List,https://menuprices.sg/soup-spoon-singapore-menu/,,2026-08-03,Public web menu static snapshot,16.20,fixed,,price_page
T007,Anna's x The Soup Spoon Union,Asian Tofu Salad (Half),S$ 8.70,Soup Spoon Singapore Menu Price List,https://menuprices.sg/soup-spoon-singapore-menu/,,2026-08-03,Public web menu static snapshot,8.70,fixed,,price_page
T007,Anna's x The Soup Spoon Union,Kale Salad (Full),S$ 16.20,Soup Spoon Singapore Menu Price List,https://menuprices.sg/soup-spoon-singapore-menu/,,2026-08-03,Public web menu static snapshot,16.20,fixed,,price_page
T007,Anna's x The Soup Spoon Union,Kale Salad (Half),S$ 8.70,Soup Spoon Singapore Menu Price List,https://menuprices.sg/soup-spoon-singapore-menu/,,2026-08-03,Public web menu static snapshot,8.70,fixed,,price_page
T007,Anna's x The Soup Spoon Union,Cranberry Chicken Fusilli Salad (Full),S$ 15.90,Soup Spoon Singapore Menu Price List,https://menuprices.sg/soup-spoon-singapore-menu/,,2026-08-03,Public web menu static snapshot,15.90,fixed,,price_page
T007,Anna's x The Soup Spoon Union,Cranberry Chicken Fusilli Salad (Half),S$ 8.50,Soup Spoon Singapore Menu Price List,https://menuprices.sg/soup-spoon-singapore-menu/,,2026-08-03,Public web menu static snapshot,8.50,fixed,,price_page
T007,Anna's x The Soup Spoon Union,Glass Noodles wTeri Chicken Salad (Full),S$ 17.00,Soup Spoon Singapore Menu Price List,https://menuprices.sg/soup-spoon-singapore-menu/,,2026-08-03,Public web menu static snapshot,17.00,fixed,,price_page
T007,Anna's x The Soup Spoon Union,Glass Noodles wTeri Chicken Salad (Half),S$ 9.10,Soup Spoon Singapore Menu Price List,https://menuprices.sg/soup-spoon-singapore-menu/,,2026-08-03,Public web menu static snapshot,9.10,fixed,,price_page
T007,Anna's x The Soup Spoon Union,Caesar Salad wHerb Chicken Breast (Full),S$ 16.10,Soup Spoon Singapore Menu Price List,https://menuprices.sg/soup-spoon-singapore-menu/,,2026-08-03,Public web menu static snapshot,16.10,fixed,,price_page
T007,Anna's x The Soup Spoon Union,Caesar Salad wHerb Chicken Breast (Half),S$ 8.70,Soup Spoon Singapore Menu Price List,https://menuprices.sg/soup-spoon-singapore-menu/,,2026-08-03,Public web menu static snapshot,8.70,fixed,,price_page
T007,Anna's x The Soup Spoon Union,Kale Salad wHerb Chicken Breast (Full),S$ 18.60,Soup Spoon Singapore Menu Price List,https://menuprices.sg/soup-spoon-singapore-menu/,,2026-08-03,Public web menu static snapshot,18.60,fixed,,price_page
T007,Anna's x The Soup Spoon Union,Kale Salad wHerb Chicken Breast (Half),S$ 9.90,Soup Spoon Singapore Menu Price List,https://menuprices.sg/soup-spoon-singapore-menu/,,2026-08-03,Public web menu static snapshot,9.90,fixed,,price_page
T007,Anna's x The Soup Spoon Union,Caesar Salad wSmoked Salmon (Full),S$ 18.50,Soup Spoon Singapore Menu Price List,https://menuprices.sg/soup-spoon-singapore-menu/,,2026-08-03,Public web menu static snapshot,18.50,fixed,,price_page
T007,Anna's x The Soup Spoon Union,Caesar Salad wSmoked Salmon (Half),S$ 9.90,Soup Spoon Singapore Menu Price List,https://menuprices.sg/soup-spoon-singapore-menu/,,2026-08-03,Public web menu static snapshot,9.90,fixed,,price_page
T007,Anna's x The Soup Spoon Union,Kale Salad wSmoked Salmon (Full),S$ 21.00,Soup Spoon Singapore Menu Price List,https://menuprices.sg/soup-spoon-singapore-menu/,,2026-08-03,Public web menu static snapshot,21.00,fixed,,price_page
T007,Anna's x The Soup Spoon Union,Kale Salad wSmoked Salmon (Half),S$ 11.10,Soup Spoon Singapore Menu Price List,https://menuprices.sg/soup-spoon-singapore-menu/,,2026-08-03,Public web menu static snapshot,11.10,fixed,,price_page
T007,Anna's x The Soup Spoon Union,Tomato Cheese Toastie Sandwich,S$ 8.40,Soup Spoon Singapore Menu Price List,https://menuprices.sg/soup-spoon-singapore-menu/,,2026-08-03,Public web menu static snapshot,8.40,fixed,,price_page
T007,Anna's x The Soup Spoon Union,Teriyaki Chicken with Pineapple Sandwich,S$ 9.10,Soup Spoon Singapore Menu Price List,https://menuprices.sg/soup-spoon-singapore-menu/,,2026-08-03,Public web menu static snapshot,9.10,fixed,,price_page
T007,Anna's x The Soup Spoon Union,Tuna Mayo Sandwich,S$ 8.70,Soup Spoon Singapore Menu Price List,https://menuprices.sg/soup-spoon-singapore-menu/,,2026-08-03,Public web menu static snapshot,8.70,fixed,,price_page
T007,Anna's x The Soup Spoon Union,Chicken Ham & Cheese Sandwich,S$ 8.70,Soup Spoon Singapore Menu Price List,https://menuprices.sg/soup-spoon-singapore-menu/,,2026-08-03,Public web menu static snapshot,8.70,fixed,,price_page
T007,Anna's x The Soup Spoon Union,Pulled Beef Melt Sandwich,S$ 10.50,Soup Spoon Singapore Menu Price List,https://menuprices.sg/soup-spoon-singapore-menu/,,2026-08-03,Public web menu static snapshot,10.50,fixed,,price_page
T007,Anna's x The Soup Spoon Union,Smoked Salmon Sandwich,S$ 10.50,Soup Spoon Singapore Menu Price List,https://menuprices.sg/soup-spoon-singapore-menu/,,2026-08-03,Public web menu static snapshot,10.50,fixed,,price_page
T007,Anna's x The Soup Spoon Union,Tangy Tomato with Basil Take-Home Soup Pack,S$ 11.00,Soup Spoon Singapore Menu Price List,https://menuprices.sg/soup-spoon-singapore-menu/,,2026-08-03,Public web menu static snapshot,11.00,fixed,,price_page
T007,Anna's x The Soup Spoon Union,Roasted Pumpkin Take-Home Soup Pack,S$ 11.00,Soup Spoon Singapore Menu Price List,https://menuprices.sg/soup-spoon-singapore-menu/,,2026-08-03,Public web menu static snapshot,11.00,fixed,,price_page
T007,Anna's x The Soup Spoon Union,Meatless Minestrone Take-Home Soup Pack,S$ 11.00,Soup Spoon Singapore Menu Price List,https://menuprices.sg/soup-spoon-singapore-menu/,,2026-08-03,Public web menu static snapshot,11.00,fixed,,price_page
T007,Anna's x The Soup Spoon Union,Velvety Mushroom Stroganoff Take-Home So,S$ 12.40,Soup Spoon Singapore Menu Price List,https://menuprices.sg/soup-spoon-singapore-menu/,,2026-08-03,Public web menu static snapshot,12.40,fixed,,price_page
T007,Anna's x The Soup Spoon Union,Tokyo Chicken Stew Take-Home Soup Pack,S$ 12.40,Soup Spoon Singapore Menu Price List,https://menuprices.sg/soup-spoon-singapore-menu/,,2026-08-03,Public web menu static snapshot,12.40,fixed,,price_page
T007,Anna's x The Soup Spoon Union,SG Chicken & Mushroom Ragout Take-Home,S$ 13.80,Soup Spoon Singapore Menu Price List,https://menuprices.sg/soup-spoon-singapore-menu/,,2026-08-03,Public web menu static snapshot,13.80,fixed,,price_page
T007,Anna's x The Soup Spoon Union,Boston Clam Chowder Take-Home Soup Pack,S$ 13.80,Soup Spoon Singapore Menu Price List,https://menuprices.sg/soup-spoon-singapore-menu/,,2026-08-03,Public web menu static snapshot,13.80,fixed,,price_page
T007,Anna's x The Soup Spoon Union,Beef Goulash Take-Home Soup Pack,S$ 13.80,Soup Spoon Singapore Menu Price List,https://menuprices.sg/soup-spoon-singapore-menu/,,2026-08-03,Public web menu static snapshot,13.80,fixed,,price_page
T007,Anna's x The Soup Spoon Union,Black Pepper Crab Sauce (300ml),S$ 13.80,Soup Spoon Singapore Menu Price List,https://menuprices.sg/soup-spoon-singapore-menu/,,2026-08-03,Public web menu static snapshot,13.80,fixed,,price_page
T007,Anna's x The Soup Spoon Union,Chilli Crab w/ Egg Sauce Pack,S$ 13.80,Soup Spoon Singapore Menu Price List,https://menuprices.sg/soup-spoon-singapore-menu/,,2026-08-03,Public web menu static snapshot,13.80,fixed,,price_page
T007,Anna's x The Soup Spoon Union,Quorn Buttery Tikka Masala (Meat-Free),S$ 15.20,Soup Spoon Singapore Menu Price List,https://menuprices.sg/soup-spoon-singapore-menu/,,2026-08-03,Public web menu static snapshot,15.20,fixed,,price_page
T007,Anna's x The Soup Spoon Union,Budae Jjigae Take-Home Soup Pack,S$ 15.20,Soup Spoon Singapore Menu Price List,https://menuprices.sg/soup-spoon-singapore-menu/,,2026-08-03,Public web menu static snapshot,15.20,fixed,,price_page
T007,Anna's x The Soup Spoon Union,Sumo-Style Nabe Take Home Pack,S$ 15.20,Soup Spoon Singapore Menu Price List,https://menuprices.sg/soup-spoon-singapore-menu/,,2026-08-03,Public web menu static snapshot,15.20,fixed,,price_page
T007,Anna's x The Soup Spoon Union,Premium Soup Stock Collagen Chicken,S$ 14.50,Soup Spoon Singapore Menu Price List,https://menuprices.sg/soup-spoon-singapore-menu/,,2026-08-03,Public web menu static snapshot,14.50,fixed,,price_page
T007,Anna's x The Soup Spoon Union,Premium Soup Stock Tomato,S$ 12.00,Soup Spoon Singapore Menu Price List,https://menuprices.sg/soup-spoon-singapore-menu/,,2026-08-03,Public web menu static snapshot,12.00,fixed,,price_page
T007,Anna's x The Soup Spoon Union,Premium Soup Stock SG-Style Laksa,S$ 14.50,Soup Spoon Singapore Menu Price List,https://menuprices.sg/soup-spoon-singapore-menu/,,2026-08-03,Public web menu static snapshot,14.50,fixed,,price_page
T007,Anna's x The Soup Spoon Union,Premium Soup Stock Salmon Miso,S$ 14.50,Soup Spoon Singapore Menu Price List,https://menuprices.sg/soup-spoon-singapore-menu/,,2026-08-03,Public web menu static snapshot,14.50,fixed,,price_page
T007,Anna's x The Soup Spoon Union,Premium Soup Stock Red Snapper Chicken,S$ 17.70,Soup Spoon Singapore Menu Price List,https://menuprices.sg/soup-spoon-singapore-menu/,,2026-08-03,Public web menu static snapshot,17.70,fixed,,price_page
T007,Anna's x The Soup Spoon Union,Cheer Care Pack,S$ 42.30,Soup Spoon Singapore Menu Price List,https://menuprices.sg/soup-spoon-singapore-menu/,,2026-08-03,Public web menu static snapshot,42.30,fixed,,price_page
T007,Anna's x The Soup Spoon Union,Thoughtful Care Pack,S$ 74.80,Soup Spoon Singapore Menu Price List,https://menuprices.sg/soup-spoon-singapore-menu/,,2026-08-03,Public web menu static snapshot,74.80,fixed,,price_page
T007,Anna's x The Soup Spoon Union,The Salad Fork Soupervalue Set for 1,S$ 14.90,Soup Spoon Singapore Menu Price List,https://menuprices.sg/soup-spoon-singapore-menu/,,2026-08-03,Public web menu static snapshot,14.90,fixed,,price_page
T007,Anna's x The Soup Spoon Union,The Salad Fork Party for 2,S$ 29.60,Soup Spoon Singapore Menu Price List,https://menuprices.sg/soup-spoon-singapore-menu/,,2026-08-03,Public web menu static snapshot,29.60,fixed,,price_page
T007,Anna's x The Soup Spoon Union,Freedom Bowl,S$ 18.90,Soup Spoon Singapore Menu Price List,https://menuprices.sg/soup-spoon-singapore-menu/,,2026-08-03,Public web menu static snapshot,18.90,fixed,,price_page
T007,Anna's x The Soup Spoon Union,NEW! Good Luck Toss Bowl.,S$ 16.80,Soup Spoon Singapore Menu Price List,https://menuprices.sg/soup-spoon-singapore-menu/,,2026-08-03,Public web menu static snapshot,16.80,fixed,,price_page
T007,Anna's x The Soup Spoon Union,Pura Vida Bowl.,S$ 12.80,Soup Spoon Singapore Menu Price List,https://menuprices.sg/soup-spoon-singapore-menu/,,2026-08-03,Public web menu static snapshot,12.80,fixed,,price_page
T007,Anna's x The Soup Spoon Union,Warrior Bowl (Spicy Dressing).,S$ 14.40,Soup Spoon Singapore Menu Price List,https://menuprices.sg/soup-spoon-singapore-menu/,,2026-08-03,Public web menu static snapshot,14.40,fixed,,price_page
T007,Anna's x The Soup Spoon Union,Harvest Bowl (Cont Togarashi – Spicy),S$ 15.90,Soup Spoon Singapore Menu Price List,https://menuprices.sg/soup-spoon-singapore-menu/,,2026-08-03,Public web menu static snapshot,15.90,fixed,,price_page
T007,Anna's x The Soup Spoon Union,Hearth Bowl.,S$ 17.20,Soup Spoon Singapore Menu Price List,https://menuprices.sg/soup-spoon-singapore-menu/,,2026-08-03,Public web menu static snapshot,17.20,fixed,,price_page
T007,Anna's x The Soup Spoon Union,Chop Chop Bowl,S$ 17.20,Soup Spoon Singapore Menu Price List,https://menuprices.sg/soup-spoon-singapore-menu/,,2026-08-03,Public web menu static snapshot,17.20,fixed,,price_page
T007,Anna's x The Soup Spoon Union,Cleo’s Bowl.,S$ 17.00,Soup Spoon Singapore Menu Price List,https://menuprices.sg/soup-spoon-singapore-menu/,,2026-08-03,Public web menu static snapshot,17.00,fixed,,price_page
T007,Anna's x The Soup Spoon Union,Seoul-Full Bowl (SwtChilliDrssng-Spicy).,S$ 18.80,Soup Spoon Singapore Menu Price List,https://menuprices.sg/soup-spoon-singapore-menu/,,2026-08-03,Public web menu static snapshot,18.80,fixed,,price_page
T007,Anna's x The Soup Spoon Union,Hola Hello Bowl (Spicy).,S$ 18.80,Soup Spoon Singapore Menu Price List,https://menuprices.sg/soup-spoon-singapore-menu/,,2026-08-03,Public web menu static snapshot,18.80,fixed,,price_page
T007,Anna's x The Soup Spoon Union,Saigon Nourish Bowl.,S$ 20.20,Soup Spoon Singapore Menu Price List,https://menuprices.sg/soup-spoon-singapore-menu/,,2026-08-03,Public web menu static snapshot,20.20,fixed,,price_page
T007,Anna's x The Soup Spoon Union,The Grill Knife Soupervalue Set for 1,S$ 17.00,Soup Spoon Singapore Menu Price List,https://menuprices.sg/soup-spoon-singapore-menu/,,2026-08-03,Public web menu static snapshot,17.00,fixed,,price_page
T007,Anna's x The Soup Spoon Union,The Grill Knife Party for 2,S$ 33.80,Soup Spoon Singapore Menu Price List,https://menuprices.sg/soup-spoon-singapore-menu/,,2026-08-03,Public web menu static snapshot,33.80,fixed,,price_page
T007,Anna's x The Soup Spoon Union,Chicken Thigh.,S$ 15.20,Soup Spoon Singapore Menu Price List,https://menuprices.sg/soup-spoon-singapore-menu/,,2026-08-03,Public web menu static snapshot,15.20,fixed,,price_page
T007,Anna's x The Soup Spoon Union,Chicken Breast.,S$ 15.70,Soup Spoon Singapore Menu Price List,https://menuprices.sg/soup-spoon-singapore-menu/,,2026-08-03,Public web menu static snapshot,15.70,fixed,,price_page
T007,Anna's x The Soup Spoon Union,Piri Piri Chicken Thigh.,S$ 16.90,Soup Spoon Singapore Menu Price List,https://menuprices.sg/soup-spoon-singapore-menu/,,2026-08-03,Public web menu static snapshot,16.90,fixed,,price_page
T007,Anna's x The Soup Spoon Union,Chicken Bratwurst Sausages.,S$ 17.60,Soup Spoon Singapore Menu Price List,https://menuprices.sg/soup-spoon-singapore-menu/,,2026-08-03,Public web menu static snapshot,17.60,fixed,,price_page
T007,Anna's x The Soup Spoon Union,Fish & Chips,S$ 20.50,Soup Spoon Singapore Menu Price List,https://menuprices.sg/soup-spoon-singapore-menu/,,2026-08-03,Public web menu static snapshot,20.50,fixed,,price_page
T007,Anna's x The Soup Spoon Union,Grass-Fed Sirloin Steak.,S$ 24.20,Soup Spoon Singapore Menu Price List,https://menuprices.sg/soup-spoon-singapore-menu/,,2026-08-03,Public web menu static snapshot,24.20,fixed,,price_page
T007,Anna's x The Soup Spoon Union,Grilled Salmon Fillet.,S$ 25.40,Soup Spoon Singapore Menu Price List,https://menuprices.sg/soup-spoon-singapore-menu/,,2026-08-03,Public web menu static snapshot,25.40,fixed,,price_page
T007,Anna's x The Soup Spoon Union,Grass-Fed Ribeye Steak.,S$ 30.20,Soup Spoon Singapore Menu Price List,https://menuprices.sg/soup-spoon-singapore-menu/,,2026-08-03,Public web menu static snapshot,30.20,fixed,,price_page
T007,Anna's x The Soup Spoon Union,Chicken Breast with Sausage Combo,S$ 22.00,Soup Spoon Singapore Menu Price List,https://menuprices.sg/soup-spoon-singapore-menu/,,2026-08-03,Public web menu static snapshot,22.00,fixed,,price_page
T007,Anna's x The Soup Spoon Union,Chicken Thigh with Sausage Combo,S$ 21.50,Soup Spoon Singapore Menu Price List,https://menuprices.sg/soup-spoon-singapore-menu/,,2026-08-03,Public web menu static snapshot,21.50,fixed,,price_page
T007,Anna's x The Soup Spoon Union,PiriPiri ChickenThigh w Sausage Combo,S$ 16.90,Soup Spoon Singapore Menu Price List,https://menuprices.sg/soup-spoon-singapore-menu/,,2026-08-03,Public web menu static snapshot,16.90,fixed,,price_page
T007,Anna's x The Soup Spoon Union,Grass-Fed Sirloin Steak w Sausage Combo,S$ 30.50,Soup Spoon Singapore Menu Price List,https://menuprices.sg/soup-spoon-singapore-menu/,,2026-08-03,Public web menu static snapshot,30.50,fixed,,price_page
T007,Anna's x The Soup Spoon Union,Assorted Bread Roll,S$ 1.90,Soup Spoon Singapore Menu Price List,https://menuprices.sg/soup-spoon-singapore-menu/,,2026-08-03,Public web menu static snapshot,1.90,fixed,,price_page
T007,Anna's x The Soup Spoon Union,Basil Pesto Rice,S$ 3.70,Soup Spoon Singapore Menu Price List,https://menuprices.sg/soup-spoon-singapore-menu/,,2026-08-03,Public web menu static snapshot,3.70,fixed,,price_page
T007,Anna's x The Soup Spoon Union,Steamed Broccoli with Dukkah,S$ 3.90,Soup Spoon Singapore Menu Price List,https://menuprices.sg/soup-spoon-singapore-menu/,,2026-08-03,Public web menu static snapshot,3.90,fixed,,price_page
T007,Anna's x The Soup Spoon Union,Steamed Corn,S$ 3.90,Soup Spoon Singapore Menu Price List,https://menuprices.sg/soup-spoon-singapore-menu/,,2026-08-03,Public web menu static snapshot,3.90,fixed,,price_page
T007,Anna's x The Soup Spoon Union,Red Rice,S$ 3.90,Soup Spoon Singapore Menu Price List,https://menuprices.sg/soup-spoon-singapore-menu/,,2026-08-03,Public web menu static snapshot,3.90,fixed,,price_page
T007,Anna's x The Soup Spoon Union,Creamed Spinach,S$ 3.90,Soup Spoon Singapore Menu Price List,https://menuprices.sg/soup-spoon-singapore-menu/,,2026-08-03,Public web menu static snapshot,3.90,fixed,,price_page
T007,Anna's x The Soup Spoon Union,Garlicky Foccacia,S$ 6.00,Soup Spoon Singapore Menu Price List,https://menuprices.sg/soup-spoon-singapore-menu/,,2026-08-03,Public web menu static snapshot,6.00,fixed,,price_page
T007,Anna's x The Soup Spoon Union,QUORN Meat-Free Nuggets (6pcs),S$ 7.20,Soup Spoon Singapore Menu Price List,https://menuprices.sg/soup-spoon-singapore-menu/,,2026-08-03,Public web menu static snapshot,7.20,fixed,,price_page
T007,Anna's x The Soup Spoon Union,Spicy Wedges,S$ 6.30,Soup Spoon Singapore Menu Price List,https://menuprices.sg/soup-spoon-singapore-menu/,,2026-08-03,Public web menu static snapshot,6.30,fixed,,price_page
T007,Anna's x The Soup Spoon Union,Cheesy Wedges,S$ 8.30,Soup Spoon Singapore Menu Price List,https://menuprices.sg/soup-spoon-singapore-menu/,,2026-08-03,Public web menu static snapshot,8.30,fixed,,price_page
T007,Anna's x The Soup Spoon Union,Fries.,S$ 8.40,Soup Spoon Singapore Menu Price List,https://menuprices.sg/soup-spoon-singapore-menu/,,2026-08-03,Public web menu static snapshot,8.40,fixed,,price_page
T007,Anna's x The Soup Spoon Union,Corn Chips with Creamed Spinach Dip,S$ 8.40,Soup Spoon Singapore Menu Price List,https://menuprices.sg/soup-spoon-singapore-menu/,,2026-08-03,Public web menu static snapshot,8.40,fixed,,price_page
T007,Anna's x The Soup Spoon Union,Chilli Crab Wedges (Spicy),S$ 9.70,Soup Spoon Singapore Menu Price List,https://menuprices.sg/soup-spoon-singapore-menu/,,2026-08-03,Public web menu static snapshot,9.70,fixed,,price_page
T007,Anna's x The Soup Spoon Union,Cheesy Fries,S$ 9.10,Soup Spoon Singapore Menu Price List,https://menuprices.sg/soup-spoon-singapore-menu/,,2026-08-03,Public web menu static snapshot,9.10,fixed,,price_page
T007,Anna's x The Soup Spoon Union,Chilli Crab Fries (Spicy),S$ 9.60,Soup Spoon Singapore Menu Price List,https://menuprices.sg/soup-spoon-singapore-menu/,,2026-08-03,Public web menu static snapshot,9.60,fixed,,price_page
T007,Anna's x The Soup Spoon Union,Onion Rings,S$ 10.80,Soup Spoon Singapore Menu Price List,https://menuprices.sg/soup-spoon-singapore-menu/,,2026-08-03,Public web menu static snapshot,10.80,fixed,,price_page
T007,Anna's x The Soup Spoon Union,Carrot Walnut Sourdough Cake,S$ 8.10,Soup Spoon Singapore Menu Price List,https://menuprices.sg/soup-spoon-singapore-menu/,,2026-08-03,Public web menu static snapshot,8.10,fixed,,price_page
T007,Anna's x The Soup Spoon Union,Chocolate Rye Blueberry Sourdough Cake,S$ 8.10,Soup Spoon Singapore Menu Price List,https://menuprices.sg/soup-spoon-singapore-menu/,,2026-08-03,Public web menu static snapshot,8.10,fixed,,price_page
T007,Anna's x The Soup Spoon Union,Bottled Water,S$ 3.20,Soup Spoon Singapore Menu Price List,https://menuprices.sg/soup-spoon-singapore-menu/,,2026-08-03,Public web menu static snapshot,3.20,fixed,,price_page
T007,Anna's x The Soup Spoon Union,Home-Brewed Iced Lemon Tea,S$ 4.20,Soup Spoon Singapore Menu Price List,https://menuprices.sg/soup-spoon-singapore-menu/,,2026-08-03,Public web menu static snapshot,4.20,fixed,,price_page
T007,Anna's x The Soup Spoon Union,Home-Brewed Iced Jasmine Green Tea (No Sugar),S$ 4.20,Soup Spoon Singapore Menu Price List,https://menuprices.sg/soup-spoon-singapore-menu/,,2026-08-03,Public web menu static snapshot,4.20,fixed,,price_page
T007,Anna's x The Soup Spoon Union,Home-Brewed Iced Hibiscus Tea,S$ 4.60,Soup Spoon Singapore Menu Price List,https://menuprices.sg/soup-spoon-singapore-menu/,,2026-08-03,Public web menu static snapshot,4.60,fixed,,price_page
T007,Anna's x The Soup Spoon Union,Fresh Orange Juice,S$ 6.00,Soup Spoon Singapore Menu Price List,https://menuprices.sg/soup-spoon-singapore-menu/,,2026-08-03,Public web menu static snapshot,6.00,fixed,,price_page
T007,Anna's x The Soup Spoon Union,Cloudy Apple Juice,S$ 6.00,Soup Spoon Singapore Menu Price List,https://menuprices.sg/soup-spoon-singapore-menu/,,2026-08-03,Public web menu static snapshot,6.00,fixed,,price_page
T007,Anna's x The Soup Spoon Union,Citrus Lime Juice,S$ 6.00,Soup Spoon Singapore Menu Price List,https://menuprices.sg/soup-spoon-singapore-menu/,,2026-08-03,Public web menu static snapshot,6.00,fixed,,price_page
T007,Anna's x The Soup Spoon Union,Sandwich Set,S$ 16.80,Soup Spoon Popular 2023 Price,https://menuprices.sg/soup-spoon-singapore-menu/,,2026-08-03,Public web menu static snapshot,16.80,fixed,,price_page
T007,Anna's x The Soup Spoon Union,Flatbread Set,S$ 16.80,Soup Spoon Popular 2023 Price,https://menuprices.sg/soup-spoon-singapore-menu/,,2026-08-03,Public web menu static snapshot,16.80,fixed,,price_page
T007,Anna's x The Soup Spoon Union,The Soup Spoon Parth for 2,S$ 33.10,Soup Spoon Popular 2023 Price,https://menuprices.sg/soup-spoon-singapore-menu/,,2026-08-03,Public web menu static snapshot,33.10,fixed,,price_page
T007,Anna's x The Soup Spoon Union,REG:Velvety Mushroom Stroganoff (GF),S$ 12.60,Soup Spoon Popular 2023 Price,https://menuprices.sg/soup-spoon-singapore-menu/,,2026-08-03,Public web menu static snapshot,12.60,fixed,,price_page
T007,Anna's x The Soup Spoon Union,REG:Tokyo Chicken Stew,S$ 12.60,Soup Spoon Popular 2023 Price,https://menuprices.sg/soup-spoon-singapore-menu/,,2026-08-03,Public web menu static snapshot,12.60,fixed,,price_page
T007,Anna's x The Soup Spoon Union,REG:SG Chicken & Mushroom Ragout,S$ 12.60,Soup Spoon Popular 2023 Price,https://menuprices.sg/soup-spoon-singapore-menu/,,2026-08-03,Public web menu static snapshot,12.60,fixed,,price_page
T007,Anna's x The Soup Spoon Union,Union Bundle (3 pax),S$ 47.20,Soup Spoon Bundle Promotions 2023 Price,https://menuprices.sg/soup-spoon-singapore-menu/,,2026-08-03,Public web menu static snapshot,47.20,fixed,,price_page
T007,Anna's x The Soup Spoon Union,Union Bundle (4 pax),S$ 56.90,Soup Spoon Bundle Promotions 2023 Price,https://menuprices.sg/soup-spoon-singapore-menu/,,2026-08-03,Public web menu static snapshot,56.90,fixed,,price_page
T007,Anna's x The Soup Spoon Union,Sourdough Cake Set,S$ 9.20,Soup Spoon Souper Value Sets 2023 Price,https://menuprices.sg/soup-spoon-singapore-menu/,,2026-08-03,Public web menu static snapshot,9.20,fixed,,price_page
T007,Anna's x The Soup Spoon Union,Red Rice Set,S$ 14.50,Soup Spoon Souper Value Sets 2023 Price,https://menuprices.sg/soup-spoon-singapore-menu/,,2026-08-03,Public web menu static snapshot,14.50,fixed,,price_page
T007,Anna's x The Soup Spoon Union,Steamed Corn Set,S$ 14.50,Soup Spoon Souper Value Sets 2023 Price,https://menuprices.sg/soup-spoon-singapore-menu/,,2026-08-03,Public web menu static snapshot,14.50,fixed,,price_page
T007,Anna's x The Soup Spoon Union,Steamed Broccoli Set,S$ 14.50,Soup Spoon Souper Value Sets 2023 Price,https://menuprices.sg/soup-spoon-singapore-menu/,,2026-08-03,Public web menu static snapshot,14.50,fixed,,price_page
T007,Anna's x The Soup Spoon Union,Creamed Spinach Set,S$ 14.50,Soup Spoon Souper Value Sets 2023 Price,https://menuprices.sg/soup-spoon-singapore-menu/,,2026-08-03,Public web menu static snapshot,14.50,fixed,,price_page
T007,Anna's x The Soup Spoon Union,Sandwich Set,S$ 16.80,Soup Spoon Souper Value Sets 2023 Price,https://menuprices.sg/soup-spoon-singapore-menu/,,2026-08-03,Public web menu static snapshot,16.80,fixed,,price_page
T007,Anna's x The Soup Spoon Union,Salad Set,S$ 16.80,Soup Spoon Souper Value Sets 2023 Price,https://menuprices.sg/soup-spoon-singapore-menu/,,2026-08-03,Public web menu static snapshot,16.80,fixed,,price_page
T007,Anna's x The Soup Spoon Union,Flatbread Set,S$ 16.80,Soup Spoon Souper Value Sets 2023 Price,https://menuprices.sg/soup-spoon-singapore-menu/,,2026-08-03,Public web menu static snapshot,16.80,fixed,,price_page
T007,Anna's x The Soup Spoon Union,Breadbowl Set,S$ 16.80,Soup Spoon Souper Value Sets 2023 Price,https://menuprices.sg/soup-spoon-singapore-menu/,,2026-08-03,Public web menu static snapshot,16.80,fixed,,price_page
T007,Anna's x The Soup Spoon Union,Potpie Set,S$ 16.80,Soup Spoon Souper Value Sets 2023 Price,https://menuprices.sg/soup-spoon-singapore-menu/,,2026-08-03,Public web menu static snapshot,16.80,fixed,,price_page
T007,Anna's x The Soup Spoon Union,The Soup Spoon Party for 2,S$ 33.10,Soup Spoon Souper Value Sets 2023 Price,https://menuprices.sg/soup-spoon-singapore-menu/,,2026-08-03,Public web menu static snapshot,33.10,fixed,,price_page
T007,Anna's x The Soup Spoon Union,Chilli Crab SouperRice Set,S$ 18.50,Soup Spoon SouperRice Set 2023 Price,https://menuprices.sg/soup-spoon-singapore-menu/,,2026-08-03,Public web menu static snapshot,18.50,fixed,,price_page
T007,Anna's x The Soup Spoon Union,Ginger Scallion SouperRice Set,S$ 18.50,Soup Spoon SouperRice Set 2023 Price,https://menuprices.sg/soup-spoon-singapore-menu/,,2026-08-03,Public web menu static snapshot,18.50,fixed,,price_page
T007,Anna's x The Soup Spoon Union,REG:Broccoli Mac and Cheese,S$ 12.20,Soup Spoon September SouperChef Specials 2023 Price,https://menuprices.sg/soup-spoon-singapore-menu/,,2026-08-03,Public web menu static snapshot,12.20,fixed,,price_page
T007,Anna's x The Soup Spoon Union,REG:Nikujaga Beef Stew w Wasabi (Spicy),S$ 14.30,Soup Spoon September SouperChef Specials 2023 Price,https://menuprices.sg/soup-spoon-singapore-menu/,,2026-08-03,Public web menu static snapshot,14.30,fixed,,price_page
T007,Anna's x The Soup Spoon Union,REG:Tangy Tomato w Basil (V)(GF)(Spicy),S$ 10.40,Soup Spoon A La Carte Soups 2023 Price,https://menuprices.sg/soup-spoon-singapore-menu/,,2026-08-03,Public web menu static snapshot,10.40,fixed,,price_page
T007,Anna's x The Soup Spoon Union,REG:Roasted Pumpkin (V)(GF),S$ 10.40,Soup Spoon A La Carte Soups 2023 Price,https://menuprices.sg/soup-spoon-singapore-menu/,,2026-08-03,Public web menu static snapshot,10.40,fixed,,price_page
T007,Anna's x The Soup Spoon Union,REG:Meatless Minestrone (V),S$ 11.60,Soup Spoon A La Carte Soups 2023 Price,https://menuprices.sg/soup-spoon-singapore-menu/,,2026-08-03,Public web menu static snapshot,11.60,fixed,,price_page
T007,Anna's x The Soup Spoon Union,REG:Tokyo Chicken Stew,S$ 12.60,Soup Spoon A La Carte Soups 2023 Price,https://menuprices.sg/soup-spoon-singapore-menu/,,2026-08-03,Public web menu static snapshot,12.60,fixed,,price_page
T007,Anna's x The Soup Spoon Union,REG: Velvety Mushroom Stroganoff (GF),S$ 12.60,Soup Spoon A La Carte Soups 2023 Price,https://menuprices.sg/soup-spoon-singapore-menu/,,2026-08-03,Public web menu static snapshot,12.60,fixed,,price_page
T007,Anna's x The Soup Spoon Union,REG:SG Chicken & Mushroom Ragout,S$ 12.60,Soup Spoon A La Carte Soups 2023 Price,https://menuprices.sg/soup-spoon-singapore-menu/,,2026-08-03,Public web menu static snapshot,12.60,fixed,,price_page
T007,Anna's x The Soup Spoon Union,REG:Beef Goulash (GF),S$ 13.70,Soup Spoon A La Carte Soups 2023 Price,https://menuprices.sg/soup-spoon-singapore-menu/,,2026-08-03,Public web menu static snapshot,13.70,fixed,,price_page
T007,Anna's x The Soup Spoon Union,REG:Boston Clam Chowder (GF),S$ 13.70,Soup Spoon A La Carte Soups 2023 Price,https://menuprices.sg/soup-spoon-singapore-menu/,,2026-08-03,Public web menu static snapshot,13.70,fixed,,price_page
T007,Anna's x The Soup Spoon Union,Falafel with Hummus Flatbread,S$ 7.30,Soup Spoon Flatbreads 2023 Price,https://menuprices.sg/soup-spoon-singapore-menu/,,2026-08-03,Public web menu static snapshot,7.30,fixed,,price_page
T007,Anna's x The Soup Spoon Union,Bulgogi Beef with Quinoa & Arugula Flatb,S$ 8.10,Soup Spoon Flatbreads 2023 Price,https://menuprices.sg/soup-spoon-singapore-menu/,,2026-08-03,Public web menu static snapshot,8.10,fixed,,price_page
T007,Anna's x The Soup Spoon Union,Sriracha Chicken Fillet Flatbread,S$ 8.10,Soup Spoon Flatbreads 2023 Price,https://menuprices.sg/soup-spoon-singapore-menu/,,2026-08-03,Public web menu static snapshot,8.10,fixed,,price_page
T007,Anna's x The Soup Spoon Union,Herb Chicken Breast with Mushroom Flatbr,S$ 8.10,Soup Spoon Flatbreads 2023 Price,https://menuprices.sg/soup-spoon-singapore-menu/,,2026-08-03,Public web menu static snapshot,8.10,fixed,,price_page
T007,Anna's x The Soup Spoon Union,Meat-Free Hainanese-Style Crispy Flatbre,S$ 8.10,Soup Spoon Flatbreads 2023 Price,https://menuprices.sg/soup-spoon-singapore-menu/,,2026-08-03,Public web menu static snapshot,8.10,fixed,,price_page
T007,Anna's x The Soup Spoon Union,Caesar Salad,S$ 7.30,Soup Spoon Side Salads 2023 Price,https://menuprices.sg/soup-spoon-singapore-menu/,,2026-08-03,Public web menu static snapshot,7.30,fixed,,price_page
T007,Anna's x The Soup Spoon Union,Asian Tofu Salad,S$ 8.10,Soup Spoon Side Salads 2023 Price,https://menuprices.sg/soup-spoon-singapore-menu/,,2026-08-03,Public web menu static snapshot,8.10,fixed,,price_page
T007,Anna's x The Soup Spoon Union,Kale Salad,S$ 8.10,Soup Spoon Side Salads 2023 Price,https://menuprices.sg/soup-spoon-singapore-menu/,,2026-08-03,Public web menu static snapshot,8.10,fixed,,price_page
T007,Anna's x The Soup Spoon Union,Cranberry Chicken Fusilli Salad,S$ 8.40,Soup Spoon Side Salads 2023 Price,https://menuprices.sg/soup-spoon-singapore-menu/,,2026-08-03,Public web menu static snapshot,8.40,fixed,,price_page
T007,Anna's x The Soup Spoon Union,Glass Noodles w Teriyaki Chicken Salad,S$ 8.40,Soup Spoon Side Salads 2023 Price,https://menuprices.sg/soup-spoon-singapore-menu/,,2026-08-03,Public web menu static snapshot,8.40,fixed,,price_page
T007,Anna's x The Soup Spoon Union,Caesar Salad with Herb Chicken Breast,S$ 9.90,Soup Spoon Side Salads 2023 Price,https://menuprices.sg/soup-spoon-singapore-menu/,,2026-08-03,Public web menu static snapshot,9.90,fixed,,price_page
T007,Anna's x The Soup Spoon Union,Kale Salad with Herb Chicken Breast,S$ 11.00,Soup Spoon Side Salads 2023 Price,https://menuprices.sg/soup-spoon-singapore-menu/,,2026-08-03,Public web menu static snapshot,11.00,fixed,,price_page
T007,Anna's x The Soup Spoon Union,Caesar Salad with Smoke Salmon,S$ 11.00,Soup Spoon Side Salads 2023 Price,https://menuprices.sg/soup-spoon-singapore-menu/,,2026-08-03,Public web menu static snapshot,11.00,fixed,,price_page
T007,Anna's x The Soup Spoon Union,Kale Salad with Smoke Salmon,S$ 12.20,Soup Spoon Side Salads 2023 Price,https://menuprices.sg/soup-spoon-singapore-menu/,,2026-08-03,Public web menu static snapshot,12.20,fixed,,price_page
T007,Anna's x The Soup Spoon Union,Tomato Cheese Toastie Sandwich,S$ 7.30,Soup Spoon Sandwiches 2023 Price,https://menuprices.sg/soup-spoon-singapore-menu/,,2026-08-03,Public web menu static snapshot,7.30,fixed,,price_page
T007,Anna's x The Soup Spoon Union,Teriyaki Chicken with Pineapple Sandwich,S$ 8.70,Soup Spoon Sandwiches 2023 Price,https://menuprices.sg/soup-spoon-singapore-menu/,,2026-08-03,Public web menu static snapshot,8.70,fixed,,price_page
T007,Anna's x The Soup Spoon Union,Tuna Mayo Sandwich,S$ 8.70,Soup Spoon Sandwiches 2023 Price,https://menuprices.sg/soup-spoon-singapore-menu/,,2026-08-03,Public web menu static snapshot,8.70,fixed,,price_page
T007,Anna's x The Soup Spoon Union,Chicken Ham & Cheese Sandwich,S$ 8.70,Soup Spoon Sandwiches 2023 Price,https://menuprices.sg/soup-spoon-singapore-menu/,,2026-08-03,Public web menu static snapshot,8.70,fixed,,price_page
T007,Anna's x The Soup Spoon Union,Pulled Beef Melt Sandwich,S$ 9.90,Soup Spoon Sandwiches 2023 Price,https://menuprices.sg/soup-spoon-singapore-menu/,,2026-08-03,Public web menu static snapshot,9.90,fixed,,price_page
T007,Anna's x The Soup Spoon Union,Smoke Salmon Sandwich,S$ 11.00,Soup Spoon Sandwiches 2023 Price,https://menuprices.sg/soup-spoon-singapore-menu/,,2026-08-03,Public web menu static snapshot,11.00,fixed,,price_page
T007,Anna's x The Soup Spoon Union,Tangy Tomato with Basil Take-Home Soup Pack,S$ 10.90,Soup Spoon Ready-To-Eat Chilled Soup Packs 2023 Price,https://menuprices.sg/soup-spoon-singapore-menu/,,2026-08-03,Public web menu static snapshot,10.90,fixed,,price_page
T007,Anna's x The Soup Spoon Union,Roasted Pumpkin Take-Home Soup Pack,S$ 10.90,Soup Spoon Ready-To-Eat Chilled Soup Packs 2023 Price,https://menuprices.sg/soup-spoon-singapore-menu/,,2026-08-03,Public web menu static snapshot,10.90,fixed,,price_page
T007,Anna's x The Soup Spoon Union,Meatless Minestrone Take-Home Soup Pack,S$ 10.90,Soup Spoon Ready-To-Eat Chilled Soup Packs 2023 Price,https://menuprices.sg/soup-spoon-singapore-menu/,,2026-08-03,Public web menu static snapshot,10.90,fixed,,price_page
T007,Anna's x The Soup Spoon Union,Velvety Mushroom Stroganoff Take-Home Soup Pack,S$ 12.30,Soup Spoon Ready-To-Eat Chilled Soup Packs 2023 Price,https://menuprices.sg/soup-spoon-singapore-menu/,,2026-08-03,Public web menu static snapshot,12.30,fixed,,price_page
T007,Anna's x The Soup Spoon Union,Tokyo Chicken Stew Take-Home Soup Pack,S$ 12.30,Soup Spoon Ready-To-Eat Chilled Soup Packs 2023 Price,https://menuprices.sg/soup-spoon-singapore-menu/,,2026-08-03,Public web menu static snapshot,12.30,fixed,,price_page
T007,Anna's x The Soup Spoon Union,SG Chicken & Mushroom Ragout Take-Home Soup Pack,S$ 13.70,Soup Spoon Ready-To-Eat Chilled Soup Packs 2023 Price,https://menuprices.sg/soup-spoon-singapore-menu/,,2026-08-03,Public web menu static snapshot,13.70,fixed,,price_page
T007,Anna's x The Soup Spoon Union,Boston Clam Chowder Take-Home Soup Pack,S$ 13.70,Soup Spoon Ready-To-Eat Chilled Soup Packs 2023 Price,https://menuprices.sg/soup-spoon-singapore-menu/,,2026-08-03,Public web menu static snapshot,13.70,fixed,,price_page
T007,Anna's x The Soup Spoon Union,Beef Goulash Take-Home Soup Pack,S$ 13.70,Soup Spoon Ready-To-Eat Chilled Soup Packs 2023 Price,https://menuprices.sg/soup-spoon-singapore-menu/,,2026-08-03,Public web menu static snapshot,13.70,fixed,,price_page
T007,Anna's x The Soup Spoon Union,Black Pepper Crab Sauce (300ml),S$ 13.70,Soup Spoon Ready-To-Eat Chilled Soup Packs 2023 Price,https://menuprices.sg/soup-spoon-singapore-menu/,,2026-08-03,Public web menu static snapshot,13.70,fixed,,price_page
T007,Anna's x The Soup Spoon Union,Chill Crab w/ Egg Sauce Pack,S$ 13.70,Soup Spoon Ready-To-Eat Chilled Soup Packs 2023 Price,https://menuprices.sg/soup-spoon-singapore-menu/,,2026-08-03,Public web menu static snapshot,13.70,fixed,,price_page
T007,Anna's x The Soup Spoon Union,Quorn Buttery Tikka Masala (Meat-free) T,S$ 15.10,Soup Spoon Ready-To-Eat Chilled Soup Packs 2023 Price,https://menuprices.sg/soup-spoon-singapore-menu/,,2026-08-03,Public web menu static snapshot,15.10,fixed,,price_page
T007,Anna's x The Soup Spoon Union,Budae Jigae Take-Home Soup Pack,S$ 15.10,Soup Spoon Ready-To-Eat Chilled Soup Packs 2023 Price,https://menuprices.sg/soup-spoon-singapore-menu/,,2026-08-03,Public web menu static snapshot,15.10,fixed,,price_page
T007,Anna's x The Soup Spoon Union,Sumo-Style Nabe Take-Home Soup Pack,S$ 15.10,Soup Spoon Ready-To-Eat Chilled Soup Packs 2023 Price,https://menuprices.sg/soup-spoon-singapore-menu/,,2026-08-03,Public web menu static snapshot,15.10,fixed,,price_page
T007,Anna's x The Soup Spoon Union,Premium Soup Stock Collagen Chicken,S$ 13.70,Soup Spoon Ready-To-Eat Chilled Soup Packs 2023 Price,https://menuprices.sg/soup-spoon-singapore-menu/,,2026-08-03,Public web menu static snapshot,13.70,fixed,,price_page
T007,Anna's x The Soup Spoon Union,Premium Soup Stock Tomato,S$ 13.70,Soup Spoon Ready-To-Eat Chilled Soup Packs 2023 Price,https://menuprices.sg/soup-spoon-singapore-menu/,,2026-08-03,Public web menu static snapshot,13.70,fixed,,price_page
T007,Anna's x The Soup Spoon Union,Premium Soup Stock SG-style Laksa,S$ 17.90,Soup Spoon Ready-To-Eat Chilled Soup Packs 2023 Price,https://menuprices.sg/soup-spoon-singapore-menu/,,2026-08-03,Public web menu static snapshot,17.90,fixed,,price_page
T007,Anna's x The Soup Spoon Union,Premium Soup Stock Salmon Miso,S$ 17.90,Soup Spoon Ready-To-Eat Chilled Soup Packs 2023 Price,https://menuprices.sg/soup-spoon-singapore-menu/,,2026-08-03,Public web menu static snapshot,17.90,fixed,,price_page
T007,Anna's x The Soup Spoon Union,Premium Soup Stock Red Snapper Chicken w,S$ 17.90,Soup Spoon Ready-To-Eat Chilled Soup Packs 2023 Price,https://menuprices.sg/soup-spoon-singapore-menu/,,2026-08-03,Public web menu static snapshot,17.90,fixed,,price_page
T007,Anna's x The Soup Spoon Union,Cheer Care Pack,S$ 41.90,Soup Spoon Carpacks 2023 Price,https://menuprices.sg/soup-spoon-singapore-menu/,,2026-08-03,Public web menu static snapshot,41.90,fixed,,price_page
T007,Anna's x The Soup Spoon Union,Thoughtful Care Pack,S$ 74.10,Soup Spoon Carpacks 2023 Price,https://menuprices.sg/soup-spoon-singapore-menu/,,2026-08-03,Public web menu static snapshot,74.10,fixed,,price_page
T007,Anna's x The Soup Spoon Union,Steamed Broccoli with Dukkah,S$ 3.50,Soup Spoon Sides 2023 Price,https://menuprices.sg/soup-spoon-singapore-menu/,,2026-08-03,Public web menu static snapshot,3.50,fixed,,price_page
T007,Anna's x The Soup Spoon Union,Steamed Corn,S$ 3.50,Soup Spoon Sides 2023 Price,https://menuprices.sg/soup-spoon-singapore-menu/,,2026-08-03,Public web menu static snapshot,3.50,fixed,,price_page
T007,Anna's x The Soup Spoon Union,Red Rice,S$ 3.50,Soup Spoon Sides 2023 Price,https://menuprices.sg/soup-spoon-singapore-menu/,,2026-08-03,Public web menu static snapshot,3.50,fixed,,price_page
T007,Anna's x The Soup Spoon Union,Creamed Spinach,S$ 3.50,Soup Spoon Sides 2023 Price,https://menuprices.sg/soup-spoon-singapore-menu/,,2026-08-03,Public web menu static snapshot,3.50,fixed,,price_page
T007,Anna's x The Soup Spoon Union,Garlicky Foccacia,S$ 5.80,Soup Spoon Sides 2023 Price,https://menuprices.sg/soup-spoon-singapore-menu/,,2026-08-03,Public web menu static snapshot,5.80,fixed,,price_page
T007,Anna's x The Soup Spoon Union,Spicy Wedges,S$ 6.30,Soup Spoon Sides 2023 Price,https://menuprices.sg/soup-spoon-singapore-menu/,,2026-08-03,Public web menu static snapshot,6.30,fixed,,price_page
T007,Anna's x The Soup Spoon Union,Chilli Crab Wedges (Spicy),S$ 8.70,Soup Spoon Sides 2023 Price,https://menuprices.sg/soup-spoon-singapore-menu/,,2026-08-03,Public web menu static snapshot,8.70,fixed,,price_page
T007,Anna's x The Soup Spoon Union,Bottled Water,S$ 3.10,Soup Spoon Drinks 2023 Price,https://menuprices.sg/soup-spoon-singapore-menu/,,2026-08-03,Public web menu static snapshot,3.10,fixed,,price_page
T007,Anna's x The Soup Spoon Union,Home-Brewed Iced Lemon Tea,S$ 4.10,Soup Spoon Drinks 2023 Price,https://menuprices.sg/soup-spoon-singapore-menu/,,2026-08-03,Public web menu static snapshot,4.10,fixed,,price_page
T007,Anna's x The Soup Spoon Union,Home-Brewed Iced Hibiscus Tea,S$ 4.50,Soup Spoon Drinks 2023 Price,https://menuprices.sg/soup-spoon-singapore-menu/,,2026-08-03,Public web menu static snapshot,4.50,fixed,,price_page
T007,Anna's x The Soup Spoon Union,Fresh Orange Juice,S$ 5.90,Soup Spoon Drinks 2023 Price,https://menuprices.sg/soup-spoon-singapore-menu/,,2026-08-03,Public web menu static snapshot,5.90,fixed,,price_page
T007,Anna's x The Soup Spoon Union,Cloudy Apple Juice,S$ 5.90,Soup Spoon Drinks 2023 Price,https://menuprices.sg/soup-spoon-singapore-menu/,,2026-08-03,Public web menu static snapshot,5.90,fixed,,price_page
T007,Anna's x The Soup Spoon Union,Citrus Lime Juice,S$ 5.90,Soup Spoon Drinks 2023 Price,https://menuprices.sg/soup-spoon-singapore-menu/,,2026-08-03,Public web menu static snapshot,5.90,fixed,,price_page
T007,Anna's x The Soup Spoon Union,Sandwich Set,S$10.88,Soup Spoon Popular Menu,https://menuprices.sg/soup-spoon-singapore-menu/,,2026-08-03,Public web menu static snapshot,10.88,fixed,,price_page
T007,Anna's x The Soup Spoon Union,Flatbread Set,S$10.88,Soup Spoon Popular Menu,https://menuprices.sg/soup-spoon-singapore-menu/,,2026-08-03,Public web menu static snapshot,10.88,fixed,,price_page
T007,Anna's x The Soup Spoon Union,Salad Set,S$10.88,Soup Spoon Popular Menu,https://menuprices.sg/soup-spoon-singapore-menu/,,2026-08-03,Public web menu static snapshot,10.88,fixed,,price_page
T007,Anna's x The Soup Spoon Union,The Soup Spoon Party for 2,S$21.38,Soup Spoon Popular Menu,https://menuprices.sg/soup-spoon-singapore-menu/,,2026-08-03,Public web menu static snapshot,21.38,fixed,,price_page
T007,Anna's x The Soup Spoon Union,Tokyo Chicken Stew,S$8.25,Soup Spoon Popular Menu,https://menuprices.sg/soup-spoon-singapore-menu/,,2026-08-03,Public web menu static snapshot,8.25,fixed,,price_page
T007,Anna's x The Soup Spoon Union,Velvety Mushroom Stroganoff (GF),S$8.25,Soup Spoon Popular Menu,https://menuprices.sg/soup-spoon-singapore-menu/,,2026-08-03,Public web menu static snapshot,8.25,fixed,,price_page
T007,Anna's x The Soup Spoon Union,Caesar Salad,S$4.88,Soup Spoon Side Salad,https://menuprices.sg/soup-spoon-singapore-menu/,,2026-08-03,Public web menu static snapshot,4.88,fixed,,price_page
T007,Anna's x The Soup Spoon Union,Asian Tofu Salad,S$5.18,Soup Spoon Side Salad,https://menuprices.sg/soup-spoon-singapore-menu/,,2026-08-03,Public web menu static snapshot,5.18,fixed,,price_page
T007,Anna's x The Soup Spoon Union,Kale Salad,S$5.18,Soup Spoon Side Salad,https://menuprices.sg/soup-spoon-singapore-menu/,,2026-08-03,Public web menu static snapshot,5.18,fixed,,price_page
T007,Anna's x The Soup Spoon Union,Chilled Soba with Teriyaki Chicken Salad,S$5.40,Soup Spoon Side Salad,https://menuprices.sg/soup-spoon-singapore-menu/,,2026-08-03,Public web menu static snapshot,5.40,fixed,,price_page
T007,Anna's x The Soup Spoon Union,Caesar Salad with Herb Chicken Breast,S$6.38,Soup Spoon Side Salad,https://menuprices.sg/soup-spoon-singapore-menu/,,2026-08-03,Public web menu static snapshot,6.38,fixed,,price_page
T007,Anna's x The Soup Spoon Union,Kale Salad with Herb Chicken Breast,S$7.13,Soup Spoon Side Salad,https://menuprices.sg/soup-spoon-singapore-menu/,,2026-08-03,Public web menu static snapshot,7.13,fixed,,price_page
T007,Anna's x The Soup Spoon Union,Caesar Salad with Smoked Salmon,S$7.13,Soup Spoon Side Salad,https://menuprices.sg/soup-spoon-singapore-menu/,,2026-08-03,Public web menu static snapshot,7.13,fixed,,price_page
T007,Anna's x The Soup Spoon Union,Kale Salad with Smoked Salmon,S$7.88,Soup Spoon Side Salad,https://menuprices.sg/soup-spoon-singapore-menu/,,2026-08-03,Public web menu static snapshot,7.88,fixed,,price_page
T007,Anna's x The Soup Spoon Union,Tomato Cheese Toastie Sandwich,S$4.88,Soup Spoon Sandwiches,https://menuprices.sg/soup-spoon-singapore-menu/,,2026-08-03,Public web menu static snapshot,4.88,fixed,,price_page
T007,Anna's x The Soup Spoon Union,Teriyaki Chicken with Pineapple Sandwich,S6.00,Soup Spoon Sandwiches,https://menuprices.sg/soup-spoon-singapore-menu/,,2026-08-03,Public web menu static snapshot,6.00,fixed,,price_page
T007,Anna's x The Soup Spoon Union,Tuna Mayo Sandwich,S$5.63,Soup Spoon Sandwiches,https://menuprices.sg/soup-spoon-singapore-menu/,,2026-08-03,Public web menu static snapshot,5.63,fixed,,price_page
T007,Anna's x The Soup Spoon Union,Chicken Ham and Cheese Sandwich,S$5.63,Soup Spoon Sandwiches,https://menuprices.sg/soup-spoon-singapore-menu/,,2026-08-03,Public web menu static snapshot,5.63,fixed,,price_page
T007,Anna's x The Soup Spoon Union,Smoked Salmon Sandwich,S$7.13,Soup Spoon Sandwiches,https://menuprices.sg/soup-spoon-singapore-menu/,,2026-08-03,Public web menu static snapshot,7.13,fixed,,price_page
T007,Anna's x The Soup Spoon Union,Tangy Tomato with Basil Take Home Soup Pack,S$ 7.73,Soup Spoon Ready to Eat Chilled Soup Pack,https://menuprices.sg/soup-spoon-singapore-menu/,,2026-08-03,Public web menu static snapshot,7.73,fixed,,price_page
T007,Anna's x The Soup Spoon Union,Roasted Pumpkin Take Home Soup Pack,S$ 7.73,Soup Spoon Ready to Eat Chilled Soup Pack,https://menuprices.sg/soup-spoon-singapore-menu/,,2026-08-03,Public web menu static snapshot,7.73,fixed,,price_page
T007,Anna's x The Soup Spoon Union,Meatless Minestrone Take Home Soup Pack,S$ 7.73,Soup Spoon Ready to Eat Chilled Soup Pack,https://menuprices.sg/soup-spoon-singapore-menu/,,2026-08-03,Public web menu static snapshot,7.73,fixed,,price_page
T007,Anna's x The Soup Spoon Union,Velvety Mushroom Stroganoff Take Home Soup Pack,S$ 8.70,Soup Spoon Ready to Eat Chilled Soup Pack,https://menuprices.sg/soup-spoon-singapore-menu/,,2026-08-03,Public web menu static snapshot,8.70,fixed,,price_page
T007,Anna's x The Soup Spoon Union,Tokyo Chicken Stew Take Home Soup Pack,S$ 8.70,Soup Spoon Ready to Eat Chilled Soup Pack,https://menuprices.sg/soup-spoon-singapore-menu/,,2026-08-03,Public web menu static snapshot,8.70,fixed,,price_page
T007,Anna's x The Soup Spoon Union,Singaporean Chicken & Chicken Ragout Take Home Soup Pack,S$ 9.68,Soup Spoon Ready to Eat Chilled Soup Pack,https://menuprices.sg/soup-spoon-singapore-menu/,,2026-08-03,Public web menu static snapshot,9.68,fixed,,price_page
T007,Anna's x The Soup Spoon Union,Boston Clam Chowder Take Home Soup Pack,S$ 9.68,Soup Spoon Ready to Eat Chilled Soup Pack,https://menuprices.sg/soup-spoon-singapore-menu/,,2026-08-03,Public web menu static snapshot,9.68,fixed,,price_page
T007,Anna's x The Soup Spoon Union,Beef Goulash Take Home Soup Pack,S$ 9.68,Soup Spoon Ready to Eat Chilled Soup Pack,https://menuprices.sg/soup-spoon-singapore-menu/,,2026-08-03,Public web menu static snapshot,9.68,fixed,,price_page
T007,Anna's x The Soup Spoon Union,Black Pepper Crab Sauce,S$9.60,Soup Spoon Ready to Eat Chilled Soup Pack,https://menuprices.sg/soup-spoon-singapore-menu/,,2026-08-03,Public web menu static snapshot,9.60,fixed,,price_page
T007,Anna's x The Soup Spoon Union,Chilli Crab with Egg Sauce Pack,S$ 9.60,Soup Spoon Ready to Eat Chilled Soup Pack,https://menuprices.sg/soup-spoon-singapore-menu/,,2026-08-03,Public web menu static snapshot,9.60,fixed,,price_page
T007,Anna's x The Soup Spoon Union,Quorn Buttery Tikka Masala Take-home Soup Pack,S$10.65,Soup Spoon Ready to Eat Chilled Soup Pack,https://menuprices.sg/soup-spoon-singapore-menu/,,2026-08-03,Public web menu static snapshot,10.65,fixed,,price_page
T007,Anna's x The Soup Spoon Union,Budae Jjigae Take-home Soup Pack,S$10.65,Soup Spoon Ready to Eat Chilled Soup Pack,https://menuprices.sg/soup-spoon-singapore-menu/,,2026-08-03,Public web menu static snapshot,10.65,fixed,,price_page
T007,Anna's x The Soup Spoon Union,Sumo-style Nabe Take-home Pack,S$10.65,Soup Spoon Ready to Eat Chilled Soup Pack,https://menuprices.sg/soup-spoon-singapore-menu/,,2026-08-03,Public web menu static snapshot,10.65,fixed,,price_page
T007,Anna's x The Soup Spoon Union,Tangy Tomato With Basil,S$ 6.68,Soup Spoon A La Carte Soups,https://menuprices.sg/soup-spoon-singapore-menu/,,2026-08-03,Public web menu static snapshot,6.68,fixed,,price_page
T007,Anna's x The Soup Spoon Union,Roasted Pumpkin,S$ 6.68,Soup Spoon A La Carte Soups,https://menuprices.sg/soup-spoon-singapore-menu/,,2026-08-03,Public web menu static snapshot,6.68,fixed,,price_page
T007,Anna's x The Soup Spoon Union,Meatless Minestrone,S$ 7.43,Soup Spoon A La Carte Soups,https://menuprices.sg/soup-spoon-singapore-menu/,,2026-08-03,Public web menu static snapshot,7.43,fixed,,price_page
T007,Anna's x The Soup Spoon Union,Tokyo Chicken Stew,S$ 8.25,Soup Spoon A La Carte Soups,https://menuprices.sg/soup-spoon-singapore-menu/,,2026-08-03,Public web menu static snapshot,8.25,fixed,,price_page
T007,Anna's x The Soup Spoon Union,Velvety Mushroom Stroganoff,S$ 8.25,Soup Spoon A La Carte Soups,https://menuprices.sg/soup-spoon-singapore-menu/,,2026-08-03,Public web menu static snapshot,8.25,fixed,,price_page
T007,Anna's x The Soup Spoon Union,Singaporean Chicken and Mushroom Ragout,S$ 8.25,Soup Spoon A La Carte Soups,https://menuprices.sg/soup-spoon-singapore-menu/,,2026-08-03,Public web menu static snapshot,8.25,fixed,,price_page
T007,Anna's x The Soup Spoon Union,Boston Clam Chowder,S$ 8.77,Soup Spoon A La Carte Soups,https://menuprices.sg/soup-spoon-singapore-menu/,,2026-08-03,Public web menu static snapshot,8.77,fixed,,price_page
T007,Anna's x The Soup Spoon Union,Beef Goulash,S$ 8.77,Soup Spoon A La Carte Soups,https://menuprices.sg/soup-spoon-singapore-menu/,,2026-08-03,Public web menu static snapshot,8.77,fixed,,price_page
T007,Anna's x The Soup Spoon Union,Falafel with Hummus Flatbread,S$4.88,Soup Spoon Flatbread,https://menuprices.sg/soup-spoon-singapore-menu/,,2026-08-03,Public web menu static snapshot,4.88,fixed,,price_page
T007,Anna's x The Soup Spoon Union,Bulgogi Beef with Quinoa and Arugula Flatbread,S$5.18,Soup Spoon Flatbread,https://menuprices.sg/soup-spoon-singapore-menu/,,2026-08-03,Public web menu static snapshot,5.18,fixed,,price_page
T007,Anna's x The Soup Spoon Union,Sriracha Chicken Fillet Flatbread,S$5.18,Soup Spoon Flatbread,https://menuprices.sg/soup-spoon-singapore-menu/,,2026-08-03,Public web menu static snapshot,5.18,fixed,,price_page
T007,Anna's x The Soup Spoon Union,Herb Chicken Breast with Mushroom Flatbread,S$5.18,Soup Spoon Flatbread,https://menuprices.sg/soup-spoon-singapore-menu/,,2026-08-03,Public web menu static snapshot,5.18,fixed,,price_page
T007,Anna's x The Soup Spoon Union,Meat-free Hainanese-style Crispy Flatbread,S$5.18,Soup Spoon Flatbread,https://menuprices.sg/soup-spoon-singapore-menu/,,2026-08-03,Public web menu static snapshot,5.18,fixed,,price_page
T007,Anna's x The Soup Spoon Union,Steamed Corn,S$ 2.25,Soup Spoon Sides,https://menuprices.sg/soup-spoon-singapore-menu/,,2026-08-03,Public web menu static snapshot,2.25,fixed,,price_page
T007,Anna's x The Soup Spoon Union,Steamed Broccoli with Dukkha,S$ 2.25,Soup Spoon Sides,https://menuprices.sg/soup-spoon-singapore-menu/,,2026-08-03,Public web menu static snapshot,2.25,fixed,,price_page
T007,Anna's x The Soup Spoon Union,Red Rice,S$ 2.25,Soup Spoon Sides,https://menuprices.sg/soup-spoon-singapore-menu/,,2026-08-03,Public web menu static snapshot,2.25,fixed,,price_page
T007,Anna's x The Soup Spoon Union,Chilli Crab Wedges,S$ 5.63,Soup Spoon Sides,https://menuprices.sg/soup-spoon-singapore-menu/,,2026-08-03,Public web menu static snapshot,5.63,fixed,,price_page
T007,Anna's x The Soup Spoon Union,Spicy Wedges,S$ 4.13,Soup Spoon Sides,https://menuprices.sg/soup-spoon-singapore-menu/,,2026-08-03,Public web menu static snapshot,4.13,fixed,,price_page
T007,Anna's x The Soup Spoon Union,Garlicky Focaccia,S$ 3.68,Soup Spoon Sides,https://menuprices.sg/soup-spoon-singapore-menu/,,2026-08-03,Public web menu static snapshot,3.68,fixed,,price_page
T007,Anna's x The Soup Spoon Union,Quorn Meat-free Nuggets,S$4.13,Soup Spoon Sides,https://menuprices.sg/soup-spoon-singapore-menu/,,2026-08-03,Public web menu static snapshot,4.13,fixed,,price_page
T007,Anna's x The Soup Spoon Union,Cheesy Wedges,S$5.25,Soup Spoon Sides,https://menuprices.sg/soup-spoon-singapore-menu/,,2026-08-03,Public web menu static snapshot,5.25,fixed,,price_page
T007,Anna's x The Soup Spoon Union,Red Rice Set,S$9.38,Soup Spoon Souper Value Sets,https://menuprices.sg/soup-spoon-singapore-menu/,,2026-08-03,Public web menu static snapshot,9.38,fixed,,price_page
T007,Anna's x The Soup Spoon Union,Steamed Corn Set,S$9.38,Soup Spoon Souper Value Sets,https://menuprices.sg/soup-spoon-singapore-menu/,,2026-08-03,Public web menu static snapshot,9.38,fixed,,price_page
T007,Anna's x The Soup Spoon Union,Steamed Broccoli Set,S$9.37,Soup Spoon Souper Value Sets,https://menuprices.sg/soup-spoon-singapore-menu/,,2026-08-03,Public web menu static snapshot,9.37,fixed,,price_page
T007,Anna's x The Soup Spoon Union,Sandwich Set,S$10.88,Soup Spoon Souper Value Sets,https://menuprices.sg/soup-spoon-singapore-menu/,,2026-08-03,Public web menu static snapshot,10.88,fixed,,price_page
T007,Anna's x The Soup Spoon Union,Salad Set,S$10.88,Soup Spoon Souper Value Sets,https://menuprices.sg/soup-spoon-singapore-menu/,,2026-08-03,Public web menu static snapshot,10.88,fixed,,price_page
T007,Anna's x The Soup Spoon Union,Flatbread Set,S$10.88,Soup Spoon Souper Value Sets,https://menuprices.sg/soup-spoon-singapore-menu/,,2026-08-03,Public web menu static snapshot,10.88,fixed,,price_page
T007,Anna's x The Soup Spoon Union,Potpie Set,S$10.88,Soup Spoon Souper Value Sets,https://menuprices.sg/soup-spoon-singapore-menu/,,2026-08-03,Public web menu static snapshot,10.88,fixed,,price_page
T007,Anna's x The Soup Spoon Union,The Soup Spoon Party for 2,S$21.38,Soup Spoon Souper Value Sets,https://menuprices.sg/soup-spoon-singapore-menu/,,2026-08-03,Public web menu static snapshot,21.38,fixed,,price_page
T007,Anna's x The Soup Spoon Union,Bottled Water,S$ 2.06,Soup Spoon Beverages,https://menuprices.sg/soup-spoon-singapore-menu/,,2026-08-03,Public web menu static snapshot,2.06,fixed,,price_page
T007,Anna's x The Soup Spoon Union,Home Brewed Iced Lemon Tea,S$ 2.63,Soup Spoon Beverages,https://menuprices.sg/soup-spoon-singapore-menu/,,2026-08-03,Public web menu static snapshot,2.63,fixed,,price_page
T007,Anna's x The Soup Spoon Union,Home-Brewed Iced Hibiscus Tea,S$ 2.92,Soup Spoon Beverages,https://menuprices.sg/soup-spoon-singapore-menu/,,2026-08-03,Public web menu static snapshot,2.92,fixed,,price_page
T007,Anna's x The Soup Spoon Union,Fresh Orange Juice,S$ 3.75,Soup Spoon Beverages,https://menuprices.sg/soup-spoon-singapore-menu/,,2026-08-03,Public web menu static snapshot,3.75,fixed,,price_page
T007,Anna's x The Soup Spoon Union,Cloudy Apple Juice,S$3.75,Soup Spoon Beverages,https://menuprices.sg/soup-spoon-singapore-menu/,,2026-08-03,Public web menu static snapshot,3.75,fixed,,price_page
T007,Anna's x The Soup Spoon Union,Citrus Lime Juice,S$ 3.75,Soup Spoon Beverages,https://menuprices.sg/soup-spoon-singapore-menu/,,2026-08-03,Public web menu static snapshot,3.75,fixed,,price_page
T007,Anna's x The Soup Spoon Union,Chilli Crab SouperRice Set,S$11.93,Soup Spoon SouperRice Set,https://menuprices.sg/soup-spoon-singapore-menu/,,2026-08-03,Public web menu static snapshot,11.93,fixed,,price_page
T007,Anna's x The Soup Spoon Union,Ginger Scallion SouperRice Set,S$11.93,Soup Spoon SouperRice Set,https://menuprices.sg/soup-spoon-singapore-menu/,,2026-08-03,Public web menu static snapshot,11.93,fixed,,price_page
T023,Polar Cafe,Chicken Pie,S$ 3.90,Polar Puffs and Cakes Menu Price List Singapore,https://menuprices.sg/polar-puffs-cakes-menu/,,2026-08-03,Public web menu static snapshot,3.90,fixed,,price_page
T023,Polar Cafe,Curry Puff,S$ 3.30,Polar Puffs and Cakes Menu Price List Singapore,https://menuprices.sg/polar-puffs-cakes-menu/,,2026-08-03,Public web menu static snapshot,3.30,fixed,,price_page
T023,Polar Cafe,Chocolate Éclair,S$ 3.20,Polar Puffs and Cakes Menu Price List Singapore,https://menuprices.sg/polar-puffs-cakes-menu/,,2026-08-03,Public web menu static snapshot,3.20,fixed,,price_page
T023,Polar Cafe,Pandan Swiss Roll,S$ 12.80,Polar Puffs and Cakes Menu Price List Singapore,https://menuprices.sg/polar-puffs-cakes-menu/,,2026-08-03,Public web menu static snapshot,12.80,fixed,,price_page
T023,Polar Cafe,Chicken Sausage Puff,S$ 3.40,Polar Puffs and Cakes Menu Price List Singapore,https://menuprices.sg/polar-puffs-cakes-menu/,,2026-08-03,Public web menu static snapshot,3.40,fixed,,price_page
T023,Polar Cafe,Marble Butter Block,S$ 10.30,Polar Puffs and Cakes Menu Price List Singapore,https://menuprices.sg/polar-puffs-cakes-menu/,,2026-08-03,Public web menu static snapshot,10.30,fixed,,price_page
T023,Polar Cafe,Classic Baked Mooncakes Pure Lotus With Double Yolk,S$ 21.90,Polar Puffs and Cakes Menu Price List Singapore,https://menuprices.sg/polar-puffs-cakes-menu/,,2026-08-03,Public web menu static snapshot,21.90,fixed,,price_page
T023,Polar Cafe,Classic Baked Mooncakes White Lotus With Single Yolk,S$ 19.90,Polar Puffs and Cakes Menu Price List Singapore,https://menuprices.sg/polar-puffs-cakes-menu/,,2026-08-03,Public web menu static snapshot,19.90,fixed,,price_page
T023,Polar Cafe,Curry Puff,S$ 3.30,Polar Puffs and Cakes Menu Price List Singapore,https://menuprices.sg/polar-puffs-cakes-menu/,,2026-08-03,Public web menu static snapshot,3.30,fixed,,price_page
T023,Polar Cafe,Chicken Pie,S$ 3.90,Polar Puffs and Cakes Menu Price List Singapore,https://menuprices.sg/polar-puffs-cakes-menu/,,2026-08-03,Public web menu static snapshot,3.90,fixed,,price_page
T023,Polar Cafe,Chicken Sausage Puff,S$ 3.40,Polar Puffs and Cakes Menu Price List Singapore,https://menuprices.sg/polar-puffs-cakes-menu/,,2026-08-03,Public web menu static snapshot,3.40,fixed,,price_page
T023,Polar Cafe,Tuna Puff,S$ 3.60,Polar Puffs and Cakes Menu Price List Singapore,https://menuprices.sg/polar-puffs-cakes-menu/,,2026-08-03,Public web menu static snapshot,3.60,fixed,,price_page
T023,Polar Cafe,Curry Potato Puff,S$ 2.90,Polar Puffs and Cakes Menu Price List Singapore,https://menuprices.sg/polar-puffs-cakes-menu/,,2026-08-03,Public web menu static snapshot,2.90,fixed,,price_page
T023,Polar Cafe,Apple Lattic,S$ 3.90,Polar Puffs and Cakes Menu Price List Singapore,https://menuprices.sg/polar-puffs-cakes-menu/,,2026-08-03,Public web menu static snapshot,3.90,fixed,,price_page
T023,Polar Cafe,Black Pepper Chicken Puff,S$ 3.80,Polar Puffs and Cakes Menu Price List Singapore,https://menuprices.sg/polar-puffs-cakes-menu/,,2026-08-03,Public web menu static snapshot,3.80,fixed,,price_page
T023,Polar Cafe,Sugar Roll (without Sugar Coating),S$ 2.50,Polar Puffs and Cakes Menu Price List Singapore,https://menuprices.sg/polar-puffs-cakes-menu/,,2026-08-03,Public web menu static snapshot,2.50,fixed,,price_page
T023,Polar Cafe,Sugar Roll (with Sugar Coating),S$ 2.50,Polar Puffs and Cakes Menu Price List Singapore,https://menuprices.sg/polar-puffs-cakes-menu/,,2026-08-03,Public web menu static snapshot,2.50,fixed,,price_page
T023,Polar Cafe,Chocolate Roll,S$ 2.50,Polar Puffs and Cakes Menu Price List Singapore,https://menuprices.sg/polar-puffs-cakes-menu/,,2026-08-03,Public web menu static snapshot,2.50,fixed,,price_page
T023,Polar Cafe,Strawberry Roll,S$ 2.60,Polar Puffs and Cakes Menu Price List Singapore,https://menuprices.sg/polar-puffs-cakes-menu/,,2026-08-03,Public web menu static snapshot,2.60,fixed,,price_page
T023,Polar Cafe,Coffee Peanut Roll Slice,S$ 3.30,Polar Puffs and Cakes Menu Price List Singapore,https://menuprices.sg/polar-puffs-cakes-menu/,,2026-08-03,Public web menu static snapshot,3.30,fixed,,price_page
T023,Polar Cafe,Chocolate Rice Slice,S$ 3.30,Polar Puffs and Cakes Menu Price List Singapore,https://menuprices.sg/polar-puffs-cakes-menu/,,2026-08-03,Public web menu static snapshot,3.30,fixed,,price_page
T023,Polar Cafe,Ondeh Ondeh Roll,S$ 3.30,Polar Puffs and Cakes Menu Price List Singapore,https://menuprices.sg/polar-puffs-cakes-menu/,,2026-08-03,Public web menu static snapshot,3.30,fixed,,price_page
T023,Polar Cafe,Chocolate Éclair,S$ 3.20,Polar Puffs and Cakes Menu Price List Singapore,https://menuprices.sg/polar-puffs-cakes-menu/,,2026-08-03,Public web menu static snapshot,3.20,fixed,,price_page
T023,Polar Cafe,Pineapple Almond Tart,S$ 2.90,Polar Puffs and Cakes Menu Price List Singapore,https://menuprices.sg/polar-puffs-cakes-menu/,,2026-08-03,Public web menu static snapshot,2.90,fixed,,price_page
T023,Polar Cafe,Custard Puff,S$ 2.50,Polar Puffs and Cakes Menu Price List Singapore,https://menuprices.sg/polar-puffs-cakes-menu/,,2026-08-03,Public web menu static snapshot,2.50,fixed,,price_page
T023,Polar Cafe,Egg Tart,S$ 2.60,Polar Puffs and Cakes Menu Price List Singapore,https://menuprices.sg/polar-puffs-cakes-menu/,,2026-08-03,Public web menu static snapshot,2.60,fixed,,price_page
T023,Polar Cafe,Marble Butter Block,S$ 10.30,Polar Puffs and Cakes Menu Price List Singapore,https://menuprices.sg/polar-puffs-cakes-menu/,,2026-08-03,Public web menu static snapshot,10.30,fixed,,price_page
T023,Polar Cafe,Butter Block,S$ 10.30,Polar Puffs and Cakes Menu Price List Singapore,https://menuprices.sg/polar-puffs-cakes-menu/,,2026-08-03,Public web menu static snapshot,10.30,fixed,,price_page
T023,Polar Cafe,Walnut Choc Chip Butter Block,S$ 11.70,Polar Puffs and Cakes Menu Price List Singapore,https://menuprices.sg/polar-puffs-cakes-menu/,,2026-08-03,Public web menu static snapshot,11.70,fixed,,price_page
T023,Polar Cafe,Banana Walnut Block Cake,S$ 11.70,Polar Puffs and Cakes Menu Price List Singapore,https://menuprices.sg/polar-puffs-cakes-menu/,,2026-08-03,Public web menu static snapshot,11.70,fixed,,price_page
T023,Polar Cafe,Chocolate Swiss Roll,S$ 12.80,Polar Puffs and Cakes Menu Price List Singapore,https://menuprices.sg/polar-puffs-cakes-menu/,,2026-08-03,Public web menu static snapshot,12.80,fixed,,price_page
T023,Polar Cafe,Pandan Swiss Roll,S$ 12.80,Polar Puffs and Cakes Menu Price List Singapore,https://menuprices.sg/polar-puffs-cakes-menu/,,2026-08-03,Public web menu static snapshot,12.80,fixed,,price_page
T023,Polar Cafe,Strawberry Swiss Roll,S$ 12.80,Polar Puffs and Cakes Menu Price List Singapore,https://menuprices.sg/polar-puffs-cakes-menu/,,2026-08-03,Public web menu static snapshot,12.80,fixed,,price_page
T023,Polar Cafe,Golden Mango Roll (Whole),S$ 12.80,Polar Puffs and Cakes Menu Price List Singapore,https://menuprices.sg/polar-puffs-cakes-menu/,,2026-08-03,Public web menu static snapshot,12.80,fixed,,price_page
T023,Polar Cafe,Tropical Pink Guava Roll (Whole),S$ 12.80,Polar Puffs and Cakes Menu Price List Singapore,https://menuprices.sg/polar-puffs-cakes-menu/,,2026-08-03,Public web menu static snapshot,12.80,fixed,,price_page
T023,Polar Cafe,Lychee Rose Roll (Whole),S$ 12.80,Polar Puffs and Cakes Menu Price List Singapore,https://menuprices.sg/polar-puffs-cakes-menu/,,2026-08-03,Public web menu static snapshot,12.80,fixed,,price_page
T023,Polar Cafe,Brownie (Petite),S$ 32.30,Polar Puffs and Cakes Menu Price List Singapore,https://menuprices.sg/polar-puffs-cakes-menu/,,2026-08-03,Public web menu static snapshot,32.30,fixed,,price_page
T023,Polar Cafe,Cookies & Cream (Petite),S$ 29.70,Polar Puffs and Cakes Menu Price List Singapore,https://menuprices.sg/polar-puffs-cakes-menu/,,2026-08-03,Public web menu static snapshot,29.70,fixed,,price_page
T023,Polar Cafe,Black Forest (Regular),S$ 46.70,Polar Puffs and Cakes Menu Price List Singapore,https://menuprices.sg/polar-puffs-cakes-menu/,,2026-08-03,Public web menu static snapshot,46.70,fixed,,price_page
T023,Polar Cafe,Royal Chocolate Fudge (Regular),S$ 42.80,Polar Puffs and Cakes Menu Price List Singapore,https://menuprices.sg/polar-puffs-cakes-menu/,,2026-08-03,Public web menu static snapshot,42.80,fixed,,price_page
T023,Polar Cafe,Polar Mineral Water,S$ 2.60,Polar Puffs and Cakes Menu Price List Singapore,https://menuprices.sg/polar-puffs-cakes-menu/,,2026-08-03,Public web menu static snapshot,2.60,fixed,,price_page
T023,Polar Cafe,Chicken Pie,S$ 3.06,Polar Puffs and Cakes Popular Menu Prices 2022,https://menuprices.sg/polar-puffs-cakes-menu/,,2026-08-03,Public web menu static snapshot,3.06,fixed,,price_page
T023,Polar Cafe,Chocolate Eclair,S$ 2.43,Polar Puffs and Cakes Popular Menu Prices 2022,https://menuprices.sg/polar-puffs-cakes-menu/,,2026-08-03,Public web menu static snapshot,2.43,fixed,,price_page
T023,Polar Cafe,Pandan Swiss Roll,S$ 8.55,Polar Puffs and Cakes Popular Menu Prices 2022,https://menuprices.sg/polar-puffs-cakes-menu/,,2026-08-03,Public web menu static snapshot,8.55,fixed,,price_page
T023,Polar Cafe,Marble Butter Block Cake,S$ 8.28,Polar Puffs and Cakes Popular Menu Prices 2022,https://menuprices.sg/polar-puffs-cakes-menu/,,2026-08-03,Public web menu static snapshot,8.28,fixed,,price_page
T023,Polar Cafe,"White Lotus (Healthier Choice), Set Of 4",S$ 67.41,Polar Puffs and Cakes Mid-Autumn Festival!,https://menuprices.sg/polar-puffs-cakes-menu/,,2026-08-03,Public web menu static snapshot,67.41,fixed,,price_page
T023,Polar Cafe,"White Lotus Single Yolk, Set Of 4",S$ 71.01,Polar Puffs and Cakes Mid-Autumn Festival!,https://menuprices.sg/polar-puffs-cakes-menu/,,2026-08-03,Public web menu static snapshot,71.01,fixed,,price_page
T023,Polar Cafe,"Pure Lotus Double Yolk, Set Of 4",S$ 78.21,Polar Puffs and Cakes Mid-Autumn Festival!,https://menuprices.sg/polar-puffs-cakes-menu/,,2026-08-03,Public web menu static snapshot,78.21,fixed,,price_page
T023,Polar Cafe,Spiced Pumpkin Cheesecake,S$ 25.02,Polar Puffs and Cakes Seasonal Bakes,https://menuprices.sg/polar-puffs-cakes-menu/,,2026-08-03,Public web menu static snapshot,25.02,fixed,,price_page
T023,Polar Cafe,Chicken Sausage Roll,S$ 2.52,Polar Puffs and Cakes Pastries,https://menuprices.sg/polar-puffs-cakes-menu/,,2026-08-03,Public web menu static snapshot,2.52,fixed,,price_page
T023,Polar Cafe,Chicken Pie,S$ 3.06,Polar Puffs and Cakes Pastries,https://menuprices.sg/polar-puffs-cakes-menu/,,2026-08-03,Public web menu static snapshot,3.06,fixed,,price_page
T023,Polar Cafe,Sugar Roll (without Sugar Coating),S$ 1.62,Polar Puffs and Cakes Rolls and Slices,https://menuprices.sg/polar-puffs-cakes-menu/,,2026-08-03,Public web menu static snapshot,1.62,fixed,,price_page
T023,Polar Cafe,Gula Melaka Roll,S$ 2.16,Polar Puffs and Cakes Rolls and Slices,https://menuprices.sg/polar-puffs-cakes-menu/,,2026-08-03,Public web menu static snapshot,2.16,fixed,,price_page
T023,Polar Cafe,Custard Puff,S$ 1.98,Polar Puffs and Cakes (Puffs and Tarts),https://menuprices.sg/polar-puffs-cakes-menu/,,2026-08-03,Public web menu static snapshot,1.98,fixed,,price_page
T023,Polar Cafe,Chocolate Eclair,S$ 2.43,Polar Puffs and Cakes (Puffs and Tarts),https://menuprices.sg/polar-puffs-cakes-menu/,,2026-08-03,Public web menu static snapshot,2.43,fixed,,price_page
T023,Polar Cafe,Almond Pineapple Tart,S$ 2.16,Polar Puffs and Cakes (Puffs and Tarts),https://menuprices.sg/polar-puffs-cakes-menu/,,2026-08-03,Public web menu static snapshot,2.16,fixed,,price_page
T023,Polar Cafe,Chocolate Swiss Roll,S$ 8.55,Polar Puffs and Cakes Swiss Rolls,https://menuprices.sg/polar-puffs-cakes-menu/,,2026-08-03,Public web menu static snapshot,8.55,fixed,,price_page
T023,Polar Cafe,Pandan Swiss Roll,S$ 8.55,Polar Puffs and Cakes Swiss Rolls,https://menuprices.sg/polar-puffs-cakes-menu/,,2026-08-03,Public web menu static snapshot,8.55,fixed,,price_page
T023,Polar Cafe,Mosaic Roll,S$ 10.53,Polar Puffs and Cakes Swiss Rolls,https://menuprices.sg/polar-puffs-cakes-menu/,,2026-08-03,Public web menu static snapshot,10.53,fixed,,price_page
T023,Polar Cafe,Blackforest (Regular),S$ 35.55,Polar Puffs and Cakes (Whole Cakes),https://menuprices.sg/polar-puffs-cakes-menu/,,2026-08-03,Public web menu static snapshot,35.55,fixed,,price_page
T023,Polar Cafe,Tiramisu (Small),S$ 25.20,Polar Puffs and Cakes (Whole Cakes),https://menuprices.sg/polar-puffs-cakes-menu/,,2026-08-03,Public web menu static snapshot,25.20,fixed,,price_page
T023,Polar Cafe,Cookies & Cream (Small),S$ 25.20,Polar Puffs and Cakes (Whole Cakes),https://menuprices.sg/polar-puffs-cakes-menu/,,2026-08-03,Public web menu static snapshot,25.20,fixed,,price_page
T023,Polar Cafe,Royal Chocolate (Regular),S$ 34.65,Polar Puffs and Cakes (Whole Cakes),https://menuprices.sg/polar-puffs-cakes-menu/,,2026-08-03,Public web menu static snapshot,34.65,fixed,,price_page
T023,Polar Cafe,Wholegrain Sugar Roll,S$ 1.89,Polar Puffs and Cakes Wholegrain,https://menuprices.sg/polar-puffs-cakes-menu/,,2026-08-03,Public web menu static snapshot,1.89,fixed,,price_page
T023,Polar Cafe,Wholegrain Chocolate Roll,S$ 1.89,Polar Puffs and Cakes Wholegrain,https://menuprices.sg/polar-puffs-cakes-menu/,,2026-08-03,Public web menu static snapshot,1.89,fixed,,price_page
T023,Polar Cafe,Wholegrain Strawberry Roll,S$ 1.89,Polar Puffs and Cakes Wholegrain,https://menuprices.sg/polar-puffs-cakes-menu/,,2026-08-03,Public web menu static snapshot,1.89,fixed,,price_page
T023,Polar Cafe,Three Layer Sponge Cake,S$ 8.28,Polar Puffs and Cakes (Block Cakes),https://menuprices.sg/polar-puffs-cakes-menu/,,2026-08-03,Public web menu static snapshot,8.28,fixed,,price_page
T023,Polar Cafe,Marble Butter Block Cake,S$ 8.28,Polar Puffs and Cakes (Block Cakes),https://menuprices.sg/polar-puffs-cakes-menu/,,2026-08-03,Public web menu static snapshot,8.28,fixed,,price_page
T023,Polar Cafe,Walnut Chocolate Chip Butter Block Cake,S$ 9.45,Polar Puffs and Cakes (Block Cakes),https://menuprices.sg/polar-puffs-cakes-menu/,,2026-08-03,Public web menu static snapshot,9.45,fixed,,price_page
T023,Polar Cafe,Fruit Cake Block Cake,S$ 9.45,Polar Puffs and Cakes (Block Cakes),https://menuprices.sg/polar-puffs-cakes-menu/,,2026-08-03,Public web menu static snapshot,9.45,fixed,,price_page
T015,Crave Nasi Lemak,Nasi Lemak Royale,S$9.50,Crave Nasi Lemak Popular,https://menuprices.sg/crave-nasi-lemak-singapore-menu/,,2026-08-03,Public web menu static snapshot,9.50,fixed,,price_page
T015,Crave Nasi Lemak,Nasi Lemak with Chicken Wing,S$7.10,Crave Nasi Lemak Popular,https://menuprices.sg/crave-nasi-lemak-singapore-menu/,,2026-08-03,Public web menu static snapshot,7.10,fixed,,price_page
T015,Crave Nasi Lemak,Nasi Lemak with Fish Fillet,S$7.10,Crave Nasi Lemak Popular,https://menuprices.sg/crave-nasi-lemak-singapore-menu/,,2026-08-03,Public web menu static snapshot,7.10,fixed,,price_page
T015,Crave Nasi Lemak,Nasi Lemak with Chicken Cutlet,S$7.80,Crave Nasi Lemak Popular,https://menuprices.sg/crave-nasi-lemak-singapore-menu/,,2026-08-03,Public web menu static snapshot,7.80,fixed,,price_page
T015,Crave Nasi Lemak,Buddy Meal A: 2 X Nasi Lemak + Bergedil + 2 Drinks (U.P 22),S$20.70,Crave Nasi Lemak Popular,https://menuprices.sg/crave-nasi-lemak-singapore-menu/,,2026-08-03,Public web menu static snapshot,20.70,fixed,,price_page
T015,Crave Nasi Lemak,Nasi Lemak with Selar Fish,S$7.10,Crave Nasi Lemak Popular,https://menuprices.sg/crave-nasi-lemak-singapore-menu/,,2026-08-03,Public web menu static snapshot,7.10,fixed,,price_page
T015,Crave Nasi Lemak,HAHA Nasi Lemak With DOUBLE Chicken Wings (U.P 9.40),S$8.80,Crave Nasi Lemak HAHA CNY Bundles,https://menuprices.sg/crave-nasi-lemak-singapore-menu/,,2026-08-03,Public web menu static snapshot,8.80,fixed,,price_page
T015,Crave Nasi Lemak,HAHA 2 Pax Bundle: 2x HAHA Nasi Lemak With DOUBLE Chicken Wings + HAHA Snack Box (U.P. 25.60),S$22.80,Crave Nasi Lemak HAHA CNY Bundles,https://menuprices.sg/crave-nasi-lemak-singapore-menu/,,2026-08-03,Public web menu static snapshot,22.80,fixed,,price_page
T015,Crave Nasi Lemak,HAPPY 4 Pax Bundle: HAHA Bucket + 4x Nasi Lemak (U.P. 47.60),S$40.80,Crave Nasi Lemak HAHA CNY Bundles,https://menuprices.sg/crave-nasi-lemak-singapore-menu/,,2026-08-03,Public web menu static snapshot,40.80,fixed,,price_page
T015,Crave Nasi Lemak,HAHA Snack Box,S$6.80,Crave Nasi Lemak HAHA CNY Bundles,https://menuprices.sg/crave-nasi-lemak-singapore-menu/,,2026-08-03,Public web menu static snapshot,6.80,fixed,,price_page
T015,Crave Nasi Lemak,Buddy Meal A: 2 X Nasi Lemak + Bergedil + 2 Drinks (U.P 22),S$20.70,Crave Nasi Lemak 2 Pax Buddy Meals,https://menuprices.sg/crave-nasi-lemak-singapore-menu/,,2026-08-03,Public web menu static snapshot,20.70,fixed,,price_page
T015,Crave Nasi Lemak,Buddy Meal B: 5pcs Chicken + 3pcs Bergedil + 2x Nasi Lemak + 2 Drinks (U.P 28.50),S$23.90,Crave Nasi Lemak 2 Pax Buddy Meals,https://menuprices.sg/crave-nasi-lemak-singapore-menu/,,2026-08-03,Public web menu static snapshot,23.90,fixed,,price_page
T015,Crave Nasi Lemak,Family Meal A: 9pcs Chicken + 5pcs Bergedil + 4x Nasi Lemak + 4 Drinks (U.P 53.50),S$45.90,Crave Nasi Lemak 4-5 Pax Family Meals,https://menuprices.sg/crave-nasi-lemak-singapore-menu/,,2026-08-03,Public web menu static snapshot,45.90,fixed,,price_page
T015,Crave Nasi Lemak,Nasi Lemak with Chicken Otah Meatloaf,S$6.60,Crave Nasi Lemak Delights,https://menuprices.sg/crave-nasi-lemak-singapore-menu/,,2026-08-03,Public web menu static snapshot,6.60,fixed,,price_page
T015,Crave Nasi Lemak,Nasi Lemak with Selar Fish,S$7.10,Crave Nasi Lemak Delights,https://menuprices.sg/crave-nasi-lemak-singapore-menu/,,2026-08-03,Public web menu static snapshot,7.10,fixed,,price_page
T015,Crave Nasi Lemak,Nasi Lemak with Fish Fillet,S$7.10,Crave Nasi Lemak Delights,https://menuprices.sg/crave-nasi-lemak-singapore-menu/,,2026-08-03,Public web menu static snapshot,7.10,fixed,,price_page
T015,Crave Nasi Lemak,Nasi Lemak with Chicken Wing,S$7.10,Crave Nasi Lemak Delights,https://menuprices.sg/crave-nasi-lemak-singapore-menu/,,2026-08-03,Public web menu static snapshot,7.10,fixed,,price_page
T015,Crave Nasi Lemak,Nasi Lemak With Tempura Chicken Strip,S$7.10,Crave Nasi Lemak Delights,https://menuprices.sg/crave-nasi-lemak-singapore-menu/,,2026-08-03,Public web menu static snapshot,7.10,fixed,,price_page
T015,Crave Nasi Lemak,Nasi Lemak with Chicken Cutlet,S$7.80,Crave Nasi Lemak Delights,https://menuprices.sg/crave-nasi-lemak-singapore-menu/,,2026-08-03,Public web menu static snapshot,7.80,fixed,,price_page
T015,Crave Nasi Lemak,Nasi Lemak Royale,S$9.50,Crave Nasi Lemak Delights,https://menuprices.sg/crave-nasi-lemak-singapore-menu/,,2026-08-03,Public web menu static snapshot,9.50,fixed,,price_page
T015,Crave Nasi Lemak,Nasi Lemak with Curry Chicken,S$9.50,Crave Nasi Lemak Delights,https://menuprices.sg/crave-nasi-lemak-singapore-menu/,,2026-08-03,Public web menu static snapshot,9.50,fixed,,price_page
T015,Crave Nasi Lemak,Sambal Long Beans,S$1.50,Crave Nasi Lemak Sides,https://menuprices.sg/crave-nasi-lemak-singapore-menu/,,2026-08-03,Public web menu static snapshot,1.50,fixed,,price_page
T015,Crave Nasi Lemak,Tempura Chicken Strip,S$2.40,Crave Nasi Lemak Sides,https://menuprices.sg/crave-nasi-lemak-singapore-menu/,,2026-08-03,Public web menu static snapshot,2.40,fixed,,price_page
T015,Crave Nasi Lemak,Bergedil,S$1.50,Crave Nasi Lemak Sides,https://menuprices.sg/crave-nasi-lemak-singapore-menu/,,2026-08-03,Public web menu static snapshot,1.50,fixed,,price_page
T015,Crave Nasi Lemak,Fish Fillet,S$2.30,Crave Nasi Lemak Sides,https://menuprices.sg/crave-nasi-lemak-singapore-menu/,,2026-08-03,Public web menu static snapshot,2.30,fixed,,price_page
T015,Crave Nasi Lemak,Chicken Otah Meatloaf,S$2.20,Crave Nasi Lemak Sides,https://menuprices.sg/crave-nasi-lemak-singapore-menu/,,2026-08-03,Public web menu static snapshot,2.20,fixed,,price_page
T015,Crave Nasi Lemak,Chicken Wing,S$2.30,Crave Nasi Lemak Sides,https://menuprices.sg/crave-nasi-lemak-singapore-menu/,,2026-08-03,Public web menu static snapshot,2.30,fixed,,price_page
T015,Crave Nasi Lemak,Selar Fish,S$2.30,Crave Nasi Lemak Sides,https://menuprices.sg/crave-nasi-lemak-singapore-menu/,,2026-08-03,Public web menu static snapshot,2.30,fixed,,price_page
T015,Crave Nasi Lemak,Chicken Cutlet,S$3.00,Crave Nasi Lemak Sides,https://menuprices.sg/crave-nasi-lemak-singapore-menu/,,2026-08-03,Public web menu static snapshot,3.00,fixed,,price_page
T015,Crave Nasi Lemak,Add Sambal Chilli,S$0.60,Crave Nasi Lemak Sides,https://menuprices.sg/crave-nasi-lemak-singapore-menu/,,2026-08-03,Public web menu static snapshot,0.60,fixed,,price_page
T015,Crave Nasi Lemak,Iced Bandung,S$3.00,Crave Nasi Lemak Beverages,https://menuprices.sg/crave-nasi-lemak-singapore-menu/,,2026-08-03,Public web menu static snapshot,3.00,fixed,,price_page
T015,Crave Nasi Lemak,Iced Calamansi,S$3.00,Crave Nasi Lemak Beverages,https://menuprices.sg/crave-nasi-lemak-singapore-menu/,,2026-08-03,Public web menu static snapshot,3.00,fixed,,price_page
T040,Hawkers' Street,,,,https://www.foodpanda.sg/restaurant/vp5a/the-neighbourwok-hawkers-street-at-the-clementi-mall,,2026-08-03,needs_manual_review: no structured priced rows extracted,,,,foodpanda_indexed
T040,Hawkers' Street,Lala Satay Bee Hoon (Small) 拉拉沙爹米粉 (小）,S$ 9.90,NEW!,https://www.foodpanda.sg/restaurant/uced/old-teochew-hawkers-street-at-the-clementi-mall,,2026-08-03,Public web menu static snapshot,9.90,fixed,,foodpanda_indexed
T040,Hawkers' Street,Lala Satay Bee Hoon (Big) 拉拉沙爹米粉 (大）,S$ 12.60,NEW!,https://www.foodpanda.sg/restaurant/uced/old-teochew-hawkers-street-at-the-clementi-mall,,2026-08-03,Public web menu static snapshot,12.60,fixed,,foodpanda_indexed
T040,Hawkers' Street,Singapore Laksa 新加坡叻沙,S$ 9.90,NEW!,https://www.foodpanda.sg/restaurant/uced/old-teochew-hawkers-street-at-the-clementi-mall,,2026-08-03,Public web menu static snapshot,9.90,fixed,,foodpanda_indexed
T040,Hawkers' Street,Mee Siam (Small) 米暹 (小),S$ 7.20,Mains,https://www.foodpanda.sg/restaurant/uced/old-teochew-hawkers-street-at-the-clementi-mall,,2026-08-03,Public web menu static snapshot,7.20,fixed,,foodpanda_indexed
T040,Hawkers' Street,Mee Rebus 马来卤面,S$ 7.20,Mains,https://www.foodpanda.sg/restaurant/uced/old-teochew-hawkers-street-at-the-clementi-mall,,2026-08-03,Public web menu static snapshot,7.20,fixed,,foodpanda_indexed
T040,Hawkers' Street,,,,https://www.foodpanda.sg/restaurant/ts1f/pangs-hakka-ytf-hawkers-street-at-the-clementi-mall,,2026-08-03,needs_manual_review: no structured priced rows extracted,,,,foodpanda_indexed
T041,Toasties,Italian Trio,S$7.70,Toasties article menu mentions,https://www.misstamchiak.com/321-clementi/,,2026-08-03,Public web menu static snapshot,7.70,fixed,,article_price_mentions
T041,Toasties,Italian Trio Set Meal,S$10.70,Toasties article menu mentions,https://www.misstamchiak.com/321-clementi/,,2026-08-03,Public web menu static snapshot,10.70,fixed,,article_price_mentions
T041,Toasties,Chicken Katsu,S$7.40,Toasties article menu mentions,https://www.misstamchiak.com/321-clementi/,,2026-08-03,Public web menu static snapshot,7.40,fixed,,article_price_mentions
T041,Toasties,Chicken Katsu Set Meal,S$10.40,Toasties article menu mentions,https://www.misstamchiak.com/321-clementi/,,2026-08-03,Public web menu static snapshot,10.40,fixed,,article_price_mentions
T041,Toasties,Satay Sandwich,S$8.90,Toasties article menu mentions,https://www.misstamchiak.com/321-clementi/,,2026-08-03,Public web menu static snapshot,8.90,fixed,,article_price_mentions
T044,Charcoal Thai,King Durian Steamboat Add-on,S$14.95,Charcoal Thai article menu mentions,https://www.misstamchiak.com/321-clementi/,,2026-08-03,Public web menu static snapshot,14.95,fixed,,article_price_mentions
T044,Charcoal Thai,Mookata Set,S$39.95,Charcoal Thai article menu mentions,https://www.misstamchiak.com/321-clementi/,,2026-08-03,Public web menu static snapshot,39.95,fixed,,article_price_mentions
T044,Charcoal Thai,Thai Beauty Collagen Set,S$48.95,Charcoal Thai article menu mentions,https://www.misstamchiak.com/321-clementi/,,2026-08-03,Public web menu static snapshot,48.95,fixed,,article_price_mentions
T044,Charcoal Thai,Mookata + Thai Beauty Collagen Set,S$57.95,Charcoal Thai article menu mentions,https://www.misstamchiak.com/321-clementi/,,2026-08-03,Public web menu static snapshot,57.95,fixed,,article_price_mentions
T044,Charcoal Thai,Rich Cheese Mookata Add-on,S$14.95,Charcoal Thai article menu mentions,https://www.misstamchiak.com/321-clementi/,,2026-08-03,Public web menu static snapshot,14.95,fixed,,article_price_mentions
T044,Charcoal Thai,Mookata Buffet Weekday Lunch,S$15.95,Charcoal Thai buffet,https://www.misstamchiak.com/321-clementi/,,2026-08-03,Public web menu static snapshot,15.95,fixed,,article_price_mentions
T044,Charcoal Thai,Mookata Buffet Weekday Dinner,S$20.95,Charcoal Thai buffet,https://www.misstamchiak.com/321-clementi/,,2026-08-03,Public web menu static snapshot,20.95,fixed,,article_price_mentions
T044,Charcoal Thai,Mookata Buffet Weekend Lunch,S$20.95,Charcoal Thai buffet,https://www.misstamchiak.com/321-clementi/,,2026-08-03,Public web menu static snapshot,20.95,fixed,,article_price_mentions
T044,Charcoal Thai,Mookata Buffet Weekend Dinner,S$23.95,Charcoal Thai buffet,https://www.misstamchiak.com/321-clementi/,,2026-08-03,Public web menu static snapshot,23.95,fixed,,article_price_mentions
T044,Charcoal Thai,Student Mookata Buffet Weekday Lunch,S$13.95,Charcoal Thai buffet,https://www.misstamchiak.com/321-clementi/,,2026-08-03,Public web menu static snapshot,13.95,fixed,,article_price_mentions
T044,Charcoal Thai,Student Mookata Buffet Weekday Dinner,S$18.95,Charcoal Thai buffet,https://www.misstamchiak.com/321-clementi/,,2026-08-03,Public web menu static snapshot,18.95,fixed,,article_price_mentions
T045,Vons Chicken,Golden Wings Soy Garlic 4pcs,S$5.40,Vons Chicken article menu mentions,https://danielfooddiary.com/2015/11/25/vonschicken/,,2026-08-03,Public web menu static snapshot,5.40,fixed,,article_price_mentions
T045,Vons Chicken,Wings & Drums 4pcs,S$5.40,Vons Chicken article menu mentions,https://danielfooddiary.com/2015/11/25/vonschicken/,,2026-08-03,Public web menu static snapshot,5.40,fixed,,article_price_mentions
T045,Vons Chicken,Boneless Chicken 5pcs,S$5.90,Vons Chicken article menu mentions,https://danielfooddiary.com/2015/11/25/vonschicken/,,2026-08-03,Public web menu static snapshot,5.90,fixed,,article_price_mentions
T045,Vons Chicken,Drumsticks 2pcs,S$7.20,Vons Chicken article menu mentions,https://danielfooddiary.com/2015/11/25/vonschicken/,,2026-08-03,Public web menu static snapshot,7.20,fixed,,article_price_mentions
T045,Vons Chicken,Set Meal Add-on,S$2.50,Vons Chicken article menu mentions,https://danielfooddiary.com/2015/11/25/vonschicken/,,2026-08-03,Public web menu static snapshot,2.50,fixed,,article_price_mentions
T045,Vons Chicken,Student Meal,S$4.90,Vons Chicken article menu mentions,https://danielfooddiary.com/2015/11/25/vonschicken/,,2026-08-03,Public web menu static snapshot,4.90,fixed,,article_price_mentions
T045,Vons Chicken,Drink Add-on,S$1.50,Vons Chicken article menu mentions,https://danielfooddiary.com/2015/11/25/vonschicken/,,2026-08-03,Public web menu static snapshot,1.50,fixed,,article_price_mentions
T034,Ramen Ichiro,5-Pc Cha Shu Ramen Set with Gyoza and Houji Tea,S$12.90,Ramen Ichiro article menu mentions,https://danielfooddiary.com/2021/09/21/theclementimall/,,2026-08-03,Public web menu static snapshot,12.90,fixed,,article_price_mentions
T034,Ramen Ichiro,Chicken Karaage Tsukemen Set with Gyoza and Houji Tea,S$12.90,Ramen Ichiro article menu mentions,https://danielfooddiary.com/2021/09/21/theclementimall/,,2026-08-03,Public web menu static snapshot,12.90,fixed,,article_price_mentions
T034,Ramen Ichiro,Cha Shu Ramen,S$10.90,Ramen Ichiro article menu mentions,https://danielfooddiary.com/2021/09/21/theclementimall/,,2026-08-03,Public web menu static snapshot,10.90,fixed,,article_price_mentions
T034,Ramen Ichiro,Yakibuta Pot Pie Tsukemen,S$13.90,Ramen Ichiro article menu mentions,https://danielfooddiary.com/2021/09/21/theclementimall/,,2026-08-03,Public web menu static snapshot,13.90,fixed,,article_price_mentions
T040,Hawkers' Street,Fried Hokkien Prawn Mee,S$6.90,Article price mentions,https://sethlui.com/hawkers-street-clementi-singapore-oct-2025/,,2026-08-03,Public web menu static snapshot,6.90,fixed,,article_price_mentions
T040,Hawkers' Street,Fried Hokkien Big Prawn Mee,S$13.90,Article price mentions,https://sethlui.com/hawkers-street-clementi-singapore-oct-2025/,,2026-08-03,Public web menu static snapshot,13.90,fixed,,article_price_mentions
T040,Hawkers' Street,Classic Penang Lor Bak,S$6.50,Article price mentions,https://sethlui.com/hawkers-street-clementi-singapore-oct-2025/,,2026-08-03,Public web menu static snapshot,6.50,fixed,,article_price_mentions
T040,Hawkers' Street,Signature Curry Rice,S$8.90,Article price mentions,https://sethlui.com/hawkers-street-clementi-singapore-oct-2025/,,2026-08-03,Public web menu static snapshot,8.90,fixed,,article_price_mentions
T040,Hawkers' Street,Curry Chicken Wing Curry Rice,S$5.90,Article price mentions,https://sethlui.com/hawkers-street-clementi-singapore-oct-2025/,,2026-08-03,Public web menu static snapshot,5.90,fixed,,article_price_mentions
T040,Hawkers' Street,Chicken Chop Curry Rice,S$6.30,Article price mentions,https://sethlui.com/hawkers-street-clementi-singapore-oct-2025/,,2026-08-03,Public web menu static snapshot,6.30,fixed,,article_price_mentions
T040,Hawkers' Street,Handmade Prawn Roll,S$3,Article price mentions,https://sethlui.com/hawkers-street-clementi-singapore-oct-2025/,,2026-08-03,Public web menu static snapshot,3,fixed,,article_price_mentions
T040,Hawkers' Street,Beef Hor Fun,S$7.90,Article price mentions,https://sethlui.com/hawkers-street-clementi-singapore-oct-2025/,,2026-08-03,Public web menu static snapshot,7.90,fixed,,article_price_mentions
T040,Hawkers' Street,Sliced Fish Hor Fun,S$7.90,Article price mentions,https://sethlui.com/hawkers-street-clementi-singapore-oct-2025/,,2026-08-03,Public web menu static snapshot,7.90,fixed,,article_price_mentions
T040,Hawkers' Street,Assorted Mui Fan,S$6.90,Article price mentions,https://sethlui.com/hawkers-street-clementi-singapore-oct-2025/,,2026-08-03,Public web menu static snapshot,6.90,fixed,,article_price_mentions
T040,Hawkers' Street,Amongst the dishes available include the Assorted Hor Fun,S$6.90,Article price mentions,https://www.littledayout.com/hawkers-street-clementi-mall-food-court/,,2026-08-03,Public web menu static snapshot,6.90,fixed,,article_price_mentions
T040,Hawkers' Street,Sliced Fish Hor Fun,S$7.90,Article price mentions,https://www.littledayout.com/hawkers-street-clementi-mall-food-court/,,2026-08-03,Public web menu static snapshot,7.90,fixed,,article_price_mentions
T040,Hawkers' Street,Assorted Bee Hoon,S$6.90,Article price mentions,https://www.littledayout.com/hawkers-street-clementi-mall-food-court/,,2026-08-03,Public web menu static snapshot,6.90,fixed,,article_price_mentions
T040,Hawkers' Street,You can also get other dishes such as Ginger Onion Pork Rice,S$6.90,Article price mentions,https://www.littledayout.com/hawkers-street-clementi-mall-food-court/,,2026-08-03,Public web menu static snapshot,6.90,fixed,,article_price_mentions
T040,Hawkers' Street,Lala Assorted White Bee Hoon,S$7.90,Article price mentions,https://www.littledayout.com/hawkers-street-clementi-mall-food-court/,,2026-08-03,Public web menu static snapshot,7.90,fixed,,article_price_mentions
T040,Hawkers' Street,Chicken Chop Spanish Fried Rice,S$10.90,Article price mentions,https://www.littledayout.com/hawkers-street-clementi-mall-food-court/,,2026-08-03,Public web menu static snapshot,10.90,fixed,,article_price_mentions
T040,Hawkers' Street,There are also pasta dishes such as Chicken Sausage Spaghetti,S$8.90,Article price mentions,https://www.littledayout.com/hawkers-street-clementi-mall-food-court/,,2026-08-03,Public web menu static snapshot,8.90,fixed,,article_price_mentions
T040,Hawkers' Street,Lixin’s Signature Noodle,S$8.60,Article price mentions,https://www.littledayout.com/hawkers-street-clementi-mall-food-court/,,2026-08-03,Public web menu static snapshot,8.60,fixed,,article_price_mentions
T040,Hawkers' Street,The Fried Hokkien Prawn is available in small,S$6.90,Article price mentions,https://www.littledayout.com/hawkers-street-clementi-mall-food-court/,,2026-08-03,Public web menu static snapshot,6.90,fixed,,article_price_mentions
T040,Hawkers' Street,Mee Siam,S$4.90,Article price mentions,https://www.littledayout.com/hawkers-street-clementi-mall-food-court/,,2026-08-03,Public web menu static snapshot,4.90,fixed,,article_price_mentions
T040,Hawkers' Street,Lontong,S$4.90,Article price mentions,https://www.littledayout.com/hawkers-street-clementi-mall-food-court/,,2026-08-03,Public web menu static snapshot,4.90,fixed,,article_price_mentions
T040,Hawkers' Street,Mee Rebus,S$4.90,Article price mentions,https://www.littledayout.com/hawkers-street-clementi-mall-food-court/,,2026-08-03,Public web menu static snapshot,4.90,fixed,,article_price_mentions
T020,Masta Kafe,Half Chicken,S$11.90,Article price mentions,https://thefoodchapter.blogspot.com/2016/07/confinement-food-national-university.html,,2026-08-03,Public web menu static snapshot,11.90,fixed,,article_price_mentions
T026,Syed Cafe,Butter Naan,S$3.25,Popular,https://www.foodpanda.sg/restaurant/ch6o/syed-cafe-nuh,,2026-08-03,Public web menu static snapshot,3.25,fixed,,foodpanda_indexed
T026,Syed Cafe,Maggi Goreng,S$5.85,Popular,https://www.foodpanda.sg/restaurant/ch6o/syed-cafe-nuh,,2026-08-03,Public web menu static snapshot,5.85,fixed,,foodpanda_indexed
T026,Syed Cafe,Chicken Tikka,S$9.75,Popular,https://www.foodpanda.sg/restaurant/ch6o/syed-cafe-nuh,,2026-08-03,Public web menu static snapshot,9.75,fixed,,foodpanda_indexed
T026,Syed Cafe,Chicken Tikka Briyani,S$11.70,Popular,https://www.foodpanda.sg/restaurant/ch6o/syed-cafe-nuh,,2026-08-03,Public web menu static snapshot,11.70,fixed,,foodpanda_indexed
T026,Syed Cafe,Cheese Naan,S$3.64,Popular,https://www.foodpanda.sg/restaurant/ch6o/syed-cafe-nuh,,2026-08-03,Public web menu static snapshot,3.64,fixed,,foodpanda_indexed
T026,Syed Cafe,Dragon Chicken,S$8.45,Popular,https://www.foodpanda.sg/restaurant/ch6o/syed-cafe-nuh,,2026-08-03,Public web menu static snapshot,8.45,fixed,,foodpanda_indexed
T026,Syed Cafe,Gobi 65,S$6.50,Review-liked dishes,https://www.foodpanda.sg/restaurant/ch6o/syed-cafe-nuh,,2026-08-03,Public web menu static snapshot,6.50,fixed,,foodpanda_indexed
T026,Syed Cafe,Chicken 65,S$8.45,Review-liked dishes,https://www.foodpanda.sg/restaurant/ch6o/syed-cafe-nuh,,2026-08-03,Public web menu static snapshot,8.45,fixed,,foodpanda_indexed
T026,Syed Cafe,Mutton Rogan Josh,S$11.05,Review-liked dishes,https://www.foodpanda.sg/restaurant/ch6o/syed-cafe-nuh,,2026-08-03,Public web menu static snapshot,11.05,fixed,,foodpanda_indexed
T026,Syed Cafe,Iced Milo Dinosaur,S$5.20,Review-liked dishes,https://www.foodpanda.sg/restaurant/ch6o/syed-cafe-nuh,,2026-08-03,Public web menu static snapshot,5.20,fixed,,foodpanda_indexed
T026,Syed Cafe,Chicken Combo,S$15.47,Review-liked dishes,https://www.foodpanda.sg/restaurant/ch6o/syed-cafe-nuh,,2026-08-03,Public web menu static snapshot,15.47,fixed,,foodpanda_indexed
T026,Syed Cafe,Mee Hong Kong,S$10.40,Review-liked dishes,https://www.foodpanda.sg/restaurant/ch6o/syed-cafe-nuh,,2026-08-03,Public web menu static snapshot,10.40,fixed,,foodpanda_indexed
T026,Syed Cafe,Dragon Paneer Dry,S$6.50,Review-liked dishes,https://www.foodpanda.sg/restaurant/ch6o/syed-cafe-nuh,,2026-08-03,Public web menu static snapshot,6.50,fixed,,foodpanda_indexed
T026,Syed Cafe,Paneer Butter Masala,S$10.14,Review-liked dishes,https://www.foodpanda.sg/restaurant/ch6o/syed-cafe-nuh,,2026-08-03,Public web menu static snapshot,10.14,fixed,,foodpanda_indexed
T026,Syed Cafe,Nasi Goreng Kampung,S$9.75,Review-liked dishes,https://www.foodpanda.sg/restaurant/ch6o/syed-cafe-nuh,,2026-08-03,Public web menu static snapshot,9.75,fixed,,foodpanda_indexed
T026,Syed Cafe,Garlic Combo,S$16.25,Review-liked dishes,https://www.foodpanda.sg/restaurant/ch6o/syed-cafe-nuh,,2026-08-03,Public web menu static snapshot,16.25,fixed,,foodpanda_indexed
T026,Syed Cafe,Tea Halia,S$2.21,Review-liked dishes,https://www.foodpanda.sg/restaurant/ch6o/syed-cafe-nuh,,2026-08-03,Public web menu static snapshot,2.21,fixed,,foodpanda_indexed
T026,Syed Cafe,Tea C Halia,S$2.34,Review-liked dishes,https://www.foodpanda.sg/restaurant/ch6o/syed-cafe-nuh,,2026-08-03,Public web menu static snapshot,2.34,fixed,,foodpanda_indexed
T026,Syed Cafe,Palak Paneer,S$9.75,Review-liked dishes,https://www.foodpanda.sg/restaurant/ch6o/syed-cafe-nuh,,2026-08-03,Public web menu static snapshot,9.75,fixed,,foodpanda_indexed
T026,Syed Cafe,Cheese Combo,S$16.25,Review-liked dishes,https://www.foodpanda.sg/restaurant/ch6o/syed-cafe-nuh,,2026-08-03,Public web menu static snapshot,16.25,fixed,,foodpanda_indexed
T026,Syed Cafe,Jeera Aloo,S$8.84,Review-liked dishes,https://www.foodpanda.sg/restaurant/ch6o/syed-cafe-nuh,,2026-08-03,Public web menu static snapshot,8.84,fixed,,foodpanda_indexed
T026,Syed Cafe,Chapati Keema Set,S$13.65,Review-liked dishes,https://www.foodpanda.sg/restaurant/ch6o/syed-cafe-nuh,,2026-08-03,Public web menu static snapshot,13.65,fixed,,foodpanda_indexed
T026,Syed Cafe,Cheese Garlic Naan,S$4.29,Review-liked dishes,https://www.foodpanda.sg/restaurant/ch6o/syed-cafe-nuh,,2026-08-03,Public web menu static snapshot,4.29,fixed,,foodpanda_indexed
T026,Syed Cafe,Tea O,S$2.21,Review-liked dishes,https://www.foodpanda.sg/restaurant/ch6o/syed-cafe-nuh,,2026-08-03,Public web menu static snapshot,2.21,fixed,,foodpanda_indexed
T026,Syed Cafe,Garlic Butter Naan,S$3.64,Review-liked dishes,https://www.foodpanda.sg/restaurant/ch6o/syed-cafe-nuh,,2026-08-03,Public web menu static snapshot,3.64,fixed,,foodpanda_indexed
T026,Syed Cafe,Tandoori Roti,S$2.99,Review-liked dishes,https://www.foodpanda.sg/restaurant/ch6o/syed-cafe-nuh,,2026-08-03,Public web menu static snapshot,2.99,fixed,,foodpanda_indexed
T026,Syed Cafe,Watermelon Yakult,S$5.85,Popular,https://www.foodpanda.sg/restaurant/ch6o/syed-cafe-nuh,,2026-08-03,Public web menu static snapshot,5.85,fixed,,foodpanda_indexed
T010,Bistro Box,Signature Ayam Penyet,S$15.13,Signature Mains,https://www.foodpanda.sg/restaurant/p0a6/bistro-box-by-uncle-penyet-thomson-plaza,,2026-08-03,Public web menu static snapshot,15.13,starting_price,,foodpanda_indexed
T010,Bistro Box,Signature Ayam Panggang Boneless,S$15.13,Signature Mains,https://www.foodpanda.sg/restaurant/p0a6/bistro-box-by-uncle-penyet-thomson-plaza,,2026-08-03,Public web menu static snapshot,15.13,starting_price,,foodpanda_indexed
T010,Bistro Box,Ikan Dory Penyet,S$15.13,Signature Mains,https://www.foodpanda.sg/restaurant/p0a6/bistro-box-by-uncle-penyet-thomson-plaza,,2026-08-03,Public web menu static snapshot,15.13,starting_price,,foodpanda_indexed
T010,Bistro Box,Ikan Bawal Penyet,S$17.68,Signature Mains,https://www.foodpanda.sg/restaurant/p0a6/bistro-box-by-uncle-penyet-thomson-plaza,,2026-08-03,Public web menu static snapshot,17.68,starting_price,,foodpanda_indexed
T010,Bistro Box,Beef Rendang,S$17.68,Signature Mains,https://www.foodpanda.sg/restaurant/p0a6/bistro-box-by-uncle-penyet-thomson-plaza,,2026-08-03,Public web menu static snapshot,17.68,starting_price,,foodpanda_indexed
T010,Bistro Box,Bebek Penyet,S$17.68,Signature Mains,https://www.foodpanda.sg/restaurant/p0a6/bistro-box-by-uncle-penyet-thomson-plaza,,2026-08-03,Public web menu static snapshot,17.68,starting_price,,foodpanda_indexed
T010,Bistro Box,Set A - Nasi Lemak W Chicken Wing,S$9.18,Breakfast Delights,https://www.foodpanda.sg/restaurant/p0a6/bistro-box-by-uncle-penyet-thomson-plaza,,2026-08-03,Public web menu static snapshot,9.18,starting_price,,foodpanda_indexed
T010,Bistro Box,Scrambled Egg with Chicken Luncheon Meat Sandwich,S$15.13,Breakfast Delights,https://www.foodpanda.sg/restaurant/p0a6/bistro-box-by-uncle-penyet-thomson-plaza,,2026-08-03,Public web menu static snapshot,15.13,starting_price,,foodpanda_indexed
T010,Bistro Box,Big Breakfast,S$15.98,Breakfast Delights,https://www.foodpanda.sg/restaurant/p0a6/bistro-box-by-uncle-penyet-thomson-plaza,,2026-08-03,Public web menu static snapshot,15.98,starting_price,,foodpanda_indexed
T010,Bistro Box,Fried Rice with Prawns,S$11.73,Fried Rice,https://www.foodpanda.sg/restaurant/p0a6/bistro-box-by-uncle-penyet-thomson-plaza,,2026-08-03,Public web menu static snapshot,11.73,fixed,,foodpanda_indexed
T010,Bistro Box,Fried Rice with Silverfish,S$11.73,Fried Rice,https://www.foodpanda.sg/restaurant/p0a6/bistro-box-by-uncle-penyet-thomson-plaza,,2026-08-03,Public web menu static snapshot,11.73,fixed,,foodpanda_indexed
T010,Bistro Box,Signature Mala Beef Fried Rice,S$13.43,Fried Rice,https://www.foodpanda.sg/restaurant/p0a6/bistro-box-by-uncle-penyet-thomson-plaza,,2026-08-03,Public web menu static snapshot,13.43,fixed,,foodpanda_indexed
T010,Bistro Box,Fried Rice with Grilled Spring Chicken,S$17.68,Fried Rice,https://www.foodpanda.sg/restaurant/p0a6/bistro-box-by-uncle-penyet-thomson-plaza,,2026-08-03,Public web menu static snapshot,17.68,fixed,,foodpanda_indexed
T010,Bistro Box,Fried Rice with Shrimp Paste Chicken Cutlet,S$17.68,Fried Rice,https://www.foodpanda.sg/restaurant/p0a6/bistro-box-by-uncle-penyet-thomson-plaza,,2026-08-03,Public web menu static snapshot,17.68,fixed,,foodpanda_indexed
T010,Bistro Box,Signature Seafood Mee Goreng,S$13.43,Noodles,https://www.foodpanda.sg/restaurant/p0a6/bistro-box-by-uncle-penyet-thomson-plaza,,2026-08-03,Public web menu static snapshot,13.43,starting_price,,foodpanda_indexed
T010,Bistro Box,Chicken Baked Rice,S$15.13,Baked Rice,https://www.foodpanda.sg/restaurant/p0a6/bistro-box-by-uncle-penyet-thomson-plaza,,2026-08-03,Public web menu static snapshot,15.13,starting_price,,foodpanda_indexed
T010,Bistro Box,Curry Chicken Baked Rice,S$15.98,Baked Rice,https://www.foodpanda.sg/restaurant/p0a6/bistro-box-by-uncle-penyet-thomson-plaza,,2026-08-03,Public web menu static snapshot,15.98,starting_price,,foodpanda_indexed
T010,Bistro Box,Mushroom Baked Rice,S$15.13,Baked Rice,https://www.foodpanda.sg/restaurant/p0a6/bistro-box-by-uncle-penyet-thomson-plaza,,2026-08-03,Public web menu static snapshot,15.13,starting_price,,foodpanda_indexed
T010,Bistro Box,Salmon Baked Rice,S$17.68,Baked Rice,https://www.foodpanda.sg/restaurant/p0a6/bistro-box-by-uncle-penyet-thomson-plaza,,2026-08-03,Public web menu static snapshot,17.68,starting_price,,foodpanda_indexed
T010,Bistro Box,Baked Cheesy Nasi Lemak with Grilled Spring Chicken,S$17.68,Baked Cheesy Nasi Lemak,https://www.foodpanda.sg/restaurant/p0a6/bistro-box-by-uncle-penyet-thomson-plaza,,2026-08-03,Public web menu static snapshot,17.68,starting_price,,foodpanda_indexed
T010,Bistro Box,Baked Cheesy Nasi Lemak with Shrimp Paste Chicken,S$17.68,Baked Cheesy Nasi Lemak,https://www.foodpanda.sg/restaurant/p0a6/bistro-box-by-uncle-penyet-thomson-plaza,,2026-08-03,Public web menu static snapshot,17.68,starting_price,,foodpanda_indexed
T010,Bistro Box,Signature Truffle Fries with Parmesan Cheese,S$11.73,Sides,https://www.foodpanda.sg/restaurant/p0a6/bistro-box-by-uncle-penyet-thomson-plaza,,2026-08-03,Public web menu static snapshot,11.73,fixed,,foodpanda_indexed
T010,Bistro Box,Chicken Luncheon Fries,S$11.73,Sides,https://www.foodpanda.sg/restaurant/p0a6/bistro-box-by-uncle-penyet-thomson-plaza,,2026-08-03,Public web menu static snapshot,11.73,fixed,,foodpanda_indexed
T010,Bistro Box,French Fries,S$10.88,Sides,https://www.foodpanda.sg/restaurant/p0a6/bistro-box-by-uncle-penyet-thomson-plaza,,2026-08-03,Public web menu static snapshot,10.88,fixed,,foodpanda_indexed
T010,Bistro Box,Fried Chicken Wings (2pc),S$6.63,Sides,https://www.foodpanda.sg/restaurant/p0a6/bistro-box-by-uncle-penyet-thomson-plaza,,2026-08-03,Public web menu static snapshot,6.63,fixed,,foodpanda_indexed
T010,Bistro Box,Golden Chicken Cheese Balls (5pc),S$5.78,Sides,https://www.foodpanda.sg/restaurant/p0a6/bistro-box-by-uncle-penyet-thomson-plaza,,2026-08-03,Public web menu static snapshot,5.78,fixed,,foodpanda_indexed
T010,Bistro Box,Golden Chicken Nuggets (6pc),S$5.78,Sides,https://www.foodpanda.sg/restaurant/p0a6/bistro-box-by-uncle-penyet-thomson-plaza,,2026-08-03,Public web menu static snapshot,5.78,fixed,,foodpanda_indexed
T010,Bistro Box,Coke,S$2.55,Beverages,https://www.foodpanda.sg/restaurant/p0a6/bistro-box-by-uncle-penyet-thomson-plaza,,2026-08-03,Public web menu static snapshot,2.55,fixed,,foodpanda_indexed
T010,Bistro Box,Green Tea,S$2.55,Beverages,https://www.foodpanda.sg/restaurant/p0a6/bistro-box-by-uncle-penyet-thomson-plaza,,2026-08-03,Public web menu static snapshot,2.55,fixed,,foodpanda_indexed
T010,Bistro Box,Mineral Water,S$2.55,Beverages,https://www.foodpanda.sg/restaurant/p0a6/bistro-box-by-uncle-penyet-thomson-plaza,,2026-08-03,Public web menu static snapshot,2.55,fixed,,foodpanda_indexed
