fineder_restaurant_id,restaurant_name,address,postal_code,cuisine,michelin_stars,google_rating,licensee_name,licence_number,premises_address,grade,demerit_points,suspension_start_date,suspension_end_date,match_method,match_confidence
16,Rhubarb Le Restaurant,"3 Duxton Hill, Singapore 089589",089589,Contemporary|European|French,1,4.6,RHUBARB LE RESTAURANT PTE. LTD.,CE04581L000,3 DUXTON HILL SINGAPORE 089589,A,na,na,na,name_substring,high_or_medium_review_required
4,Lei Garden Restaurant,"#01-24 Chijmes, 30 Victoria Street, Singapore",,Asian|Chinese,1,4.3,LEI GARDEN RESTAURANT PTE LTD,W96120A000,30 VICTORIA STREET #01-24 CHIJMES SINGAPORE 187996,B,na,na,na,name_substring,high_or_medium_review_required
14,Reve,"39 Kreta Ayer Road, #01-01, Singapore 089002",089002,Asian|European|French|Fusion|Japanese,1,4.7,CHEAN KIOW CHAI,W97309N000,11 KENG CHEOW STREET #01-05/06 REVERSIDE PIAZZA SINGAPORE 059608,A,na,na,na,name_substring,high_or_medium_review_required
14,Reve,"39 Kreta Ayer Road, #01-01, Singapore 089002",089002,Asian|European|French|Fusion|Japanese,1,4.7,MOMIJI RESTAURANTS PTE. LTD.,CE06I89L000,55 NEWTON ROAD #02-02 REVENUE HOUSE (PART OF) SINGAPORE 307987,A,na,na,na,name_substring,high_or_medium_review_required
14,Reve,"39 Kreta Ayer Road, #01-01, Singapore 089002",089002,Asian|European|French|Fusion|Japanese,1,4.7,SUKI SUSHI PTE LTD,CE06I81E000,55 NEWTON ROAD #02-02 (PART OF) REVENUE HOUSE SINGAPORE 307987,na,na,na,na,name_substring,high_or_medium_review_required
14,Reve,"39 Kreta Ayer Road, #01-01, Singapore 089002",089002,Asian|European|French|Fusion|Japanese,1,4.7,EYAM BTE OTHMAN,CE06I81E008,55 NEWTON ROAD #02-02 (PART OF) REVENUE HOUSE SINGAPORE 307987,A,na,na,na,name_substring,high_or_medium_review_required
14,Reve,"39 Kreta Ayer Road, #01-01, Singapore 089002",089002,Asian|European|French|Fusion|Japanese,1,4.7,THE LITTLE FAT PIG PTE. LTD.,CE06I81E007,55 NEWTON ROAD #02-02 (PART OF) REVENUE HOUSE SINGAPORE 307987,A,na,na,na,name_substring,high_or_medium_review_required
14,Reve,"39 Kreta Ayer Road, #01-01, Singapore 089002",089002,Asian|European|French|Fusion|Japanese,1,4.7,NG POH ENG,CE06I81E006,55 NEWTON ROAD #02-02 (PART OF) REVENUE HOUSE SINGAPORE 307987,A,na,na,na,name_substring,high_or_medium_review_required
14,Reve,"39 Kreta Ayer Road, #01-01, Singapore 089002",089002,Asian|European|French|Fusion|Japanese,1,4.7,SEIKH UKIL,CE06I81E005,55 NEWTON ROAD #02-02 (PART OF) REVENUE HOUSE SINGAPORE 307987,B,na,na,na,name_substring,high_or_medium_review_required
14,Reve,"39 Kreta Ayer Road, #01-01, Singapore 089002",089002,Asian|European|French|Fusion|Japanese,1,4.7,LU BOXING,CE06I81E004,55 NEWTON ROAD #02-02 (PART OF) REVENUE HOUSE SINGAPORE 307987,B,na,na,na,name_substring,high_or_medium_review_required
14,Reve,"39 Kreta Ayer Road, #01-01, Singapore 089002",089002,Asian|European|French|Fusion|Japanese,1,4.7,CHIN SIEW ENG,CE06I81E003,55 NEWTON ROAD #02-02 (PART OF) REVENUE HOUSE SINGAPORE 307987,A,na,na,na,name_substring,high_or_medium_review_required
14,Reve,"39 Kreta Ayer Road, #01-01, Singapore 089002",089002,Asian|European|French|Fusion|Japanese,1,4.7,TAN BOON KENG,CE06I81E002,55 NEWTON ROAD #02-02 (PART OF) REVENUE HOUSE SINGAPORE 307987,B,na,na,na,name_substring,high_or_medium_review_required
14,Reve,"39 Kreta Ayer Road, #01-01, Singapore 089002",089002,Asian|European|French|Fusion|Japanese,1,4.7,SUKI SUSHI PTE LTD,CE06I81E001,55 NEWTON ROAD #02-02 (PART OF) REVENUE HOUSE SINGAPORE 307987,A,na,na,na,name_substring,high_or_medium_review_required
32,Shoukouwa,"1 Fullerton Road, #02-02A One Fullerton, Singapore 049213",049213,Asian|Japanese|Omakase,2,4.6,SHOUKOUWA RESTAURANT PTE. LTD.,CE16369L000,1 FULLERTON ROAD #02-02A ONE FULLERTON SINGAPORE 049213,A,na,na,na,name_substring,high_or_medium_review_required
50,Iggy's,"581 Orchard Rd, Voco Orchard Singapore, Singapore 238883",238883,Contemporary|European,1,4.2,IGGY'S PTE LTD,CE10E81B000,581 ORCHARD ROAD #03 HILTON INTERNATIONAL SINGAPORE SINGAPORE 238883,A,na,na,na,name_substring,high_or_medium_review_required
39,Béni,"333A Orchard Road, #02-37 Mandarin Gallery, Singapore 238897",238897,French|Fusion|Japanese,1,4.5,CLUB NINE ENTERTAINMENT PTE. LTD.,CE08E49N000,1 SOPHIA ROAD #03-50 PEACE CENTRE SINGAPORE 228149,na,na,na,na,name_substring,high_or_medium_review_required
90,Ahāra,"20 Teck Lim Rd, Singapore 088391",088391,Asian|Fusion|Indian|Japanese,0,5.0,DIANA DEBORAH RAJA GOPAL,CE12228B000,25E LORONG LIPUT HOLLAND VILLAGE SINGAPORE 277736,na,na,na,na,name_substring,high_or_medium_review_required
90,Ahāra,"20 Teck Lim Rd, Singapore 088391",088391,Asian|Fusion|Indian|Japanese,0,5.0,SHARIPAH RAGUAN BTE SYED MAHDAR,S99039L005,10 COMPASSVALE LANE SENG KANG SECONDARY SCHOOL SINGAPORE 545090,A,na,na,na,name_substring,high_or_medium_review_required
5,Labyrinth,"Esplanade Mall, 8 Raffles Avenue #02-23, Singapore 039802",039802,Asian|Fusion|Singaporean,1,4.6,LABYRINTH FOOD PTE LTD,W02380V000,8 RAFFLES AVENUE #02-23 ESPLANADE MALL SINGAPORE 039802,A,na,na,na,name_substring,high_or_medium_review_required
145,Mikuni,"Floor 3, Fairmont Singapore, 80 Bras Basah Rd, Singapore 189560",189560,Japanese|Omakase,0,4.1,RC HOTELS (PTE.) LTD,W85152B000,2 STAMFORD ROAD #03-00 (MIKUNI) SINGAPORE 178882,A,na,na,na,name_substring,high_or_medium_review_required
54,Willow,"39 Hongkong St, Singapore 059678",059678,Asian|Contemporary,1,4.8,HAPPY WILLOW PTE. LTD.,SW12C64E000,1 FUSIONOPOLIS WAY PART OF #B1-06. CONNEXIS SINGAPORE 138632,A,na,na,na,name_substring,high_or_medium_review_required
54,Willow,"39 Hongkong St, Singapore 059678",059678,Asian|Contemporary,1,4.8,HAPPY WILLOW (ONE KM) PTE. LTD.,SE14946P000,11 TANJONG KATONG ROAD #02-01 ONE KM SINGAPORE 437157,A,na,na,na,name_substring,high_or_medium_review_required
36,Odette,"1 St Andrew’s Road #01-04, Singapore 178957",178957,European|French,3,4.7,ODETTE RESTAURANT PTE. LTD.,CE15G87C000,1 ST. ANDREW''S ROAD #01-04 SUPREME COURT SINGAPORE 178957,A,na,na,na,name_substring,high_or_medium_review_required
12,Oshino,"Unit #01-11 Raffles Hotel Shopping Arcade, 328 North Bridge Road, Singapore 188719",188719,Asian|Japanese|Omakase,1,3.9,YOSHINOYA (S) PTE LTD,W98398P000,68 ORCHARD ROAD #B1-08 PLAZA SINGAPURA SINGAPORE 238839,A,na,na,na,name_substring,high_or_medium_review_required
12,Oshino,"Unit #01-11 Raffles Hotel Shopping Arcade, 328 North Bridge Road, Singapore 188719",188719,Asian|Japanese|Omakase,1,3.9,YOSHINOYA (S) PTE LTD,SE13126N000,311 NEW UPPER CHANGI ROAD #B2-30 BEDOK MALL SINGAPORE 467360,A,na,na,na,name_substring,high_or_medium_review_required
12,Oshino,"Unit #01-11 Raffles Hotel Shopping Arcade, 328 North Bridge Road, Singapore 188719",188719,Asian|Japanese|Omakase,1,3.9,YOSHINOYA (S) PTE LTD,SE10701V000,23 SERANGOON CENTRAL #B1-36/37 NEX SINGAPORE 556083,A,na,na,na,name_substring,high_or_medium_review_required
12,Oshino,"Unit #01-11 Raffles Hotel Shopping Arcade, 328 North Bridge Road, Singapore 188719",188719,Asian|Japanese|Omakase,1,3.9,YOSHINOYA (S) PTE LTD,S01031E000,205 HOUGANG STREET 21 #01-133 HEARTLAND MALL- KOVAN SINGAPORE 530205,A,na,na,na,name_substring,high_or_medium_review_required
12,Oshino,"Unit #01-11 Raffles Hotel Shopping Arcade, 328 North Bridge Road, Singapore 188719",188719,Asian|Japanese|Omakase,1,3.9,YOSHINOYA (S) PTE LTD,E03157K000,80 MARINE PARADE ROAD #01-K9 PARKWAY PARADE SINGAPORE 449269,A,na,na,na,name_substring,high_or_medium_review_required
12,Oshino,"Unit #01-11 Raffles Hotel Shopping Arcade, 328 North Bridge Road, Singapore 188719",188719,Asian|Japanese|Omakase,1,3.9,YOSHINOYA (S) PTE LTD,CE07D29N000,230 VICTORIA STREET #B1-10 BUGIS JUNCTION SINGAPORE 188024,A,na,na,na,name_substring,high_or_medium_review_required
12,Oshino,"Unit #01-11 Raffles Hotel Shopping Arcade, 328 North Bridge Road, Singapore 188719",188719,Asian|Japanese|Omakase,1,3.9,YOSHINOYA (S) PTE LTD,CE04252X000,9 BISHAN PLACE #01-38 JUNCTION 8 SHOPPING CENTRE SINGAPORE 579837,A,na,na,na,name_substring,high_or_medium_review_required
12,Oshino,"Unit #01-11 Raffles Hotel Shopping Arcade, 328 North Bridge Road, Singapore 188719",188719,Asian|Japanese|Omakase,1,3.9,YOSHINOYA (S) PTE LTD,C03012A000,1 MARITIME SQUARE #02-72/73 HARBOURFRONT CENTRE SINGAPORE 099253,A,na,na,na,name_substring,high_or_medium_review_required
12,Oshino,"Unit #01-11 Raffles Hotel Shopping Arcade, 328 North Bridge Road, Singapore 188719",188719,Asian|Japanese|Omakase,1,3.9,YOSHINOYA (S) PTE LTD,W93099E013,391A ORCHARD ROAD NGEE ANN CITY TOWER A (BASEMENT) SINGAPORE 238873,A,na,na,na,name_substring,high_or_medium_review_required
55,OSO Ristorante,"100 Peck Seah St, #27th Floor Oasia Hotel Downtown, Singapore 079333",079333,European|Italian|Mediterranean,0,4.4,OSO RISTORANTE PTE. LTD.,CE08H85K000,44/46/48 BUKIT PASOH ROAD 2ND STOREY SINGAPORE 089857,A,na,na,na,name_substring,high_or_medium_review_required
58,Ishi,"InterContinental Singapore, Robertson Quay, 1 Nanson Road, #02-06, Singapore 238909",238909,Asian|Japanese|Omakase,0,4.7,RCMS PROPERTIES PTE LTD,W95169X000,7 RAFFLES AVENUE (BANQUET FINISHING KITCHEN) RITZ CARLTON MILLENIA SINGAPORE (2ND FLR) SINGAPORE 039799,A,na,na,na,name_substring,high_or_medium_review_required
58,Ishi,"InterContinental Singapore, Robertson Quay, 1 Nanson Road, #02-06, Singapore 238909",238909,Asian|Japanese|Omakase,0,4.7,SHIRAISHI FOOD ENTERPRISES PTE LTD,W96220P000,7 RAFFLES AVENUE #03-01/03 THE RITZ CARLTON SINGAPORE 039799,A,na,na,na,name_substring,high_or_medium_review_required
58,Ishi,"InterContinental Singapore, Robertson Quay, 1 Nanson Road, #02-06, Singapore 238909",238909,Asian|Japanese|Omakase,0,4.7,OISHI SUSHI PTE. LTD.,W02353C000,200 VICTORIA STREET #02-54 PARCO BUGIS JUNCTION SINGAPORE 188021,A,na,na,na,name_substring,high_or_medium_review_required
58,Ishi,"InterContinental Singapore, Robertson Quay, 1 Nanson Road, #02-06, Singapore 238909",238909,Asian|Japanese|Omakase,0,4.7,MITSUBISHI CHEMICAL INFONICS PTE LTD,SW13W59C000,103 PIONEER ROAD (1ST STOREY) SINGAPORE 639582,A,na,na,na,name_substring,high_or_medium_review_required
58,Ishi,"InterContinental Singapore, Robertson Quay, 1 Nanson Road, #02-06, Singapore 238909",238909,Asian|Japanese|Omakase,0,4.7,NISHI MAISON PTE. LTD.,SW13208J000,3 GATEWAY DRIVE #04-06 WESTGATE SINGAPORE 608532,A,na,na,na,name_substring,high_or_medium_review_required
58,Ishi,"InterContinental Singapore, Robertson Quay, 1 Nanson Road, #02-06, Singapore 238909",238909,Asian|Japanese|Omakase,0,4.7,TAN PEISHI,SE15824C000,116 CHANGI ROAD #01-21 WIS@CHANGI SINGAPORE 419718,na,na,na,na,name_substring,high_or_medium_review_required
58,Ishi,"InterContinental Singapore, Robertson Quay, 1 Nanson Road, #02-06, Singapore 238909",238909,Asian|Japanese|Omakase,0,4.7,TIMES PUBLISHING LIMITED,S78027C000,1 NEW INDUSTRIAL ROAD TIMES CENTRE SINGAPORE 536196,B,na,na,na,name_substring,high_or_medium_review_required
58,Ishi,"InterContinental Singapore, Robertson Quay, 1 Nanson Road, #02-06, Singapore 238909",238909,Asian|Japanese|Omakase,0,4.7,OISHI SUSHI PTE. LTD.,NW09194C000,930 YISHUN AVENUE 2 #02-58/61 NORTHPOINT SINGAPORE 769098,A,na,na,na,name_substring,high_or_medium_review_required
58,Ishi,"InterContinental Singapore, Robertson Quay, 1 Nanson Road, #02-06, Singapore 238909",238909,Asian|Japanese|Omakase,0,4.7,OISHI HOLDINGS PTE. LTD.,CE14Q83C000,190 LORONG 6 TOA PAYOH #01-560 (PART OF) RIGHT UNIT SINGAPORE 310190,A,na,na,na,name_substring,high_or_medium_review_required
58,Ishi,"InterContinental Singapore, Robertson Quay, 1 Nanson Road, #02-06, Singapore 238909",238909,Asian|Japanese|Omakase,0,4.7,"TOH PEI SZE, BETSY (ZHUO PEISHI)",CE14Q08C000,470 NORTH BRIDGE ROAD #05-06 BUGIS CUBE SINGAPORE 188735,A,na,na,na,name_substring,high_or_medium_review_required
58,Ishi,"InterContinental Singapore, Robertson Quay, 1 Nanson Road, #02-06, Singapore 238909",238909,Asian|Japanese|Omakase,0,4.7,NISHI MAISON PTE. LTD.,CE07F49P000,370 ALEXANDRA ROAD #01-12 ANCHORPOINT SHOPPING CENTRE SINGAPORE 159953,A,na,na,na,name_substring,high_or_medium_review_required
58,Ishi,"InterContinental Singapore, Robertson Quay, 1 Nanson Road, #02-06, Singapore 238909",238909,Asian|Japanese|Omakase,0,4.7,ONG SWEE SZE (WENG RUISHI),CE12656N003,100 TRAS STREET #04-04/05 100 AM SINGAPORE 079027,A,na,na,na,name_substring,high_or_medium_review_required
58,Ishi,"InterContinental Singapore, Robertson Quay, 1 Nanson Road, #02-06, Singapore 238909",238909,Asian|Japanese|Omakase,0,4.7,RISHISHA BEGAM NOOR TAJUDEEN,C77102K003,BLK 37 TEBAN GARDENS ROAD #01-302 SINGAPORE 600037,B,na,na,na,name_substring,high_or_medium_review_required
93,Rang Mahal,"7 Raffles Blvd, Level 3 Pan Pacific, Singapore 039595",039595,Asian|Indian,0,4.1,RANG MAHAL PTE LTD,W86131C000,7 RAFFLES BOULEVARD PAN PACIFIC HOTEL (LEVEL 3) SINGAPORE 039595,A,na,na,na,name_substring,high_or_medium_review_required
93,Rang Mahal,"7 Raffles Blvd, Level 3 Pan Pacific, Singapore 039595",039595,Asian|Indian,0,4.1,RANG MAHAL PTE LTD,CE07622C000,41 SEAH STREET 1ST STOREY NAUMI HOTEL SINGAPORE 188396,A,na,na,na,name_substring,high_or_medium_review_required
33,Les Amis,"1 Scotts Rd, #01 - 16 Shaw Centre, Singapore 228208",228208,European|French,3,4.6,LES AMIS HOLDINGS PTE. LTD.?,W99016X000,1 CLUNY ROAD (GATEWAY COMPLEX) SINGAPORE BOTANIC GARDENS SINGAPORE 259569,A,na,na,na,name_substring,high_or_medium_review_required
33,Les Amis,"1 Scotts Rd, #01 - 16 Shaw Centre, Singapore 228208",228208,European|French,3,4.6,LES AMIS HOLDINGS PTE. LTD.?,W94340N000,1 SCOTTS ROAD #01-16/17/18 & #02-14/15/16 SHAW CENTRE SINGAPORE 228208,A,na,na,na,name_substring,high_or_medium_review_required
33,Les Amis,"1 Scotts Rd, #01 - 16 Shaw Centre, Singapore 228208",228208,European|French,3,4.6,LES AMIS HOLDINGS PTE. LTD.?,W54009J000,56 ZION ROAD SINGAPORE 247781,A,na,na,na,name_substring,high_or_medium_review_required
33,Les Amis,"1 Scotts Rd, #01 - 16 Shaw Centre, Singapore 228208",228208,European|French,3,4.6,LES AMIS HOLDINGS PTE. LTD.?,W03283L000,1 SCOTTS ROAD #01-12/13 SHAW CENTRE SINGAPORE 228208,A,na,na,na,name_substring,high_or_medium_review_required
33,Les Amis,"1 Scotts Rd, #01 - 16 Shaw Centre, Singapore 228208",228208,European|French,3,4.6,LES AMIS HOLDINGS PTE. LTD.?,CE14L99X000,1 FARRER PARK STATION ROAD #01-08/12 CONNEXION SINGAPORE 217562,A,na,na,na,name_substring,high_or_medium_review_required
33,Les Amis,"1 Scotts Rd, #01 - 16 Shaw Centre, Singapore 228208",228208,European|French,3,4.6,LES AMIS HOLDINGS PTE. LTD.?,CE14K40X000,1 SCOTTS ROAD #02-10/11 SHAW CENTRE SINGAPORE 228208,A,na,na,na,name_substring,high_or_medium_review_required
33,Les Amis,"1 Scotts Rd, #01 - 16 Shaw Centre, Singapore 228208",228208,European|French,3,4.6,LES AMIS HOLDINGS PTE. LTD.?,CE09507N000,1 SCOTTS ROAD #01-14 SHAW CENTRE SINGAPORE 228208,A,na,na,na,name_substring,high_or_medium_review_required
30,Saint Pierre,"1 Fullerton Road, #02-02B One Fullerton, Singapore 049213",049213,European|French,2,4.7,SAINT PIERRE MARKET PTE. LTD.,W03389P000,391 ORCHARD ROAD #02-11 NGEE ANN CITY SINGAPORE 238872,A,na,na,na,name_substring,high_or_medium_review_required
30,Saint Pierre,"1 Fullerton Road, #02-02B One Fullerton, Singapore 049213",049213,European|French,2,4.7,SAINT PIERRE PTE LTD,CE16292V000,1 FULLERTON ROAD #02-02B ONE FULLERTON SINGAPORE 049213,A,na,na,na,name_substring,high_or_medium_review_required
82,Ocean Restaurant,"8 Sentosa Gateway, B1M, B1-455 & 456 Equarius Hotel, 098269",098269,Contemporary|European,0,4.1,RESORTS WORLD AT SENTOSA PTE. LTD.,SW12G33X000,22 SENTOSA GATEWAY #B1-455/456 MARINE LIFE PARK RWS(OCEAN RESTAURANT) SINGAPORE 098136,A,na,na,na,name_substring,high_or_medium_review_required
82,Ocean Restaurant,"8 Sentosa Gateway, B1M, B1-455 & 456 Equarius Hotel, 098269",098269,Contemporary|European,0,4.1,GOLD OCEAN RESTAURANTS PTE. LTD,SW10469P000,26 SENTOSA GATEWAY #B1-215 TO #B1-218 THE FORUM RESORTS WORLD SENTOSA SINGAPORE 098138,B,na,na,na,name_substring,high_or_medium_review_required
40,Candlenut,"Block 17A Dempsey Road, Singapore 249676",249676,Asian|Fusion|Peranakan|Singaporean|Straits,1,4.4,CANDLENUT KITCHEN PTE. LTD.,CE13R12N000,331 NEW BRIDGE ROAD #01-03 DORSETT RESIDENCES SINGAPORE 088764,A,na,na,na,name_substring,high_or_medium_review_required
120,Jade,"1 Fullerton Square, The Fullerton Hotel, Singapore 049178",049178,Asian|Cantonese|Chinese,0,4.4,CRYSTAL JADE KITCHEN (GREAT WORLD) PTE LTD,W97414N000,1 KIM SENG PROMENADE #03-30 GREAT WORLD CITY SINGAPORE 239403,A,na,na,na,name_substring,high_or_medium_review_required
120,Jade,"1 Fullerton Square, The Fullerton Hotel, Singapore 049178",049178,Asian|Cantonese|Chinese,0,4.4,CRYSTAL JADE PALACE RESTAURANT PTE LTD?,W93134L000,391 ORCHARD ROAD #04-19 TAKASHIMAYA SHOPPING CENTRE SINGAPORE 238872,A,na,na,na,name_substring,high_or_medium_review_required
120,Jade,"1 Fullerton Square, The Fullerton Hotel, Singapore 049178",049178,Asian|Cantonese|Chinese,0,4.4,CRYSTAL JADE(LA MIAN XIAO LONG BAO) PTE LTD,W93094P000,391 ORCHARD ROAD #04-27 NGEE ANN CITY SINGAPORE 238872,A,na,na,na,name_substring,high_or_medium_review_required
120,Jade,"1 Fullerton Square, The Fullerton Hotel, Singapore 049178",049178,Asian|Cantonese|Chinese,0,4.4,CRYSTAL JADE LA MIAN XIAO LONG BAO (HV) PTE LTD,W87172C000,241/241A HOLLAND AVENUE HOLLAND VILLAGE SINGAPORE 278976,A,na,na,na,name_substring,high_or_medium_review_required
120,Jade,"1 Fullerton Square, The Fullerton Hotel, Singapore 049178",049178,Asian|Cantonese|Chinese,0,4.4,CRYSTAL JADE GOLDEN PALACE RESTAURANT PTE LTD,W02322X000,290 ORCHARD ROAD #05-22 THE PARAGON SINGAPORE 238859,A,na,na,na,name_substring,high_or_medium_review_required
120,Jade,"1 Fullerton Square, The Fullerton Hotel, Singapore 049178",049178,Asian|Cantonese|Chinese,0,4.4,CRYSTAL JADE KITCHEN (C.M.) PTE. LTD.,SW11302J000,3155 COMMONWEALTH AVE WEST #03-54/55 THE CLEMENTI MALL SINGAPORE 129588,A,na,na,na,name_substring,high_or_medium_review_required
120,Jade,"1 Fullerton Square, The Fullerton Hotel, Singapore 049178",049178,Asian|Cantonese|Chinese,0,4.4,CRYSTAL JADE JIANG NAN (V.C.) PTE. LTD.,SW10274L000,1 HARBOURFRONT WALK #01-52 VIVO CITY SINGAPORE 098585,A,na,na,na,name_substring,high_or_medium_review_required
120,Jade,"1 Fullerton Square, The Fullerton Hotel, Singapore 049178",049178,Asian|Cantonese|Chinese,0,4.4,CRYSTAL JADE DINING IN PTE. LTD.,SW06681X000,1 HARBOURFRONT WALK #01-112 VIVOCITY SINGAPORE 098585,A,na,na,na,name_substring,high_or_medium_review_required
120,Jade,"1 Fullerton Square, The Fullerton Hotel, Singapore 049178",049178,Asian|Cantonese|Chinese,0,4.4,CRYSTAL JADE KITCHEN (ORCHARD) PTE LTD,CE12E83C000,391 ORCHARD ROAD #B2-38 NGEE ANN CITY SINGAPORE 238872,A,na,na,na,name_substring,high_or_medium_review_required
120,Jade,"1 Fullerton Square, The Fullerton Hotel, Singapore 049178",049178,Asian|Cantonese|Chinese,0,4.4,CRYSTAL JADE LA MIAN XIAO LONG BAO (BUGIS) PTE LTD,CE07G38P000,230 VICTORIA STREET #B1-04A BUGIS JUNCTION SINGAPORE 188024,A,na,na,na,name_substring,high_or_medium_review_required
120,Jade,"1 Fullerton Square, The Fullerton Hotel, Singapore 049178",049178,Asian|Cantonese|Chinese,0,4.4,CRYSTAL JADE STEAMBOAT KITCHEN (P.S.) PTE LTD,W99109K000,68 ORCHARD ROAD #02-32 SINGAPORE 238839,A,na,na,na,name_substring,high_or_medium_review_required
120,Jade,"1 Fullerton Square, The Fullerton Hotel, Singapore 049178",049178,Asian|Cantonese|Chinese,0,4.4,KECK SENG HOTEL PTE LTD?,W98439K000,382 HAVELOCK ROAD (1ST LEVEL) RIVER VIEW HOTEL (JADE LOUNGE) SINGAPORE 169629,na,na,na,na,name_substring,high_or_medium_review_required
120,Jade,"1 Fullerton Square, The Fullerton Hotel, Singapore 049178",049178,Asian|Cantonese|Chinese,0,4.4,CRYSTAL JADE SHANGHAI RESTAURANT PTE LTD,W97374X000,1 KIM SENG PROMENADE #02-43 GREAT WORLD CITY SINGAPORE 239403,A,na,na,na,name_substring,high_or_medium_review_required
120,Jade,"1 Fullerton Square, The Fullerton Hotel, Singapore 049178",049178,Asian|Cantonese|Chinese,0,4.4,CRYSTAL JADE SEAFOOD KITCHEN PTE LTD,W96375V000,2/2A LORONG MAMBONG HOLLAND VILLAGE SINGAPORE 277671,A,na,na,na,name_substring,high_or_medium_review_required
120,Jade,"1 Fullerton Square, The Fullerton Hotel, Singapore 049178",049178,Asian|Cantonese|Chinese,0,4.4,JADE PALACE SEAFOOD RESTAURANT PTE LTD?,W87139X000,0583 ORCHARD ROAD #B1-13/14 FORUM SHOPPING MALL SINGAPORE 238884,A,na,na,na,name_substring,high_or_medium_review_required
120,Jade,"1 Fullerton Square, The Fullerton Hotel, Singapore 049178",049178,Asian|Cantonese|Chinese,0,4.4,JADE TEA SINGAPORE PTE. LTD.,W02055X000,1 CLAYMORE DRIVE #02-01 ORCHARD TOWERS SINGAPORE 229594,na,na,na,na,name_substring,high_or_medium_review_required
120,Jade,"1 Fullerton Square, The Fullerton Hotel, Singapore 049178",049178,Asian|Cantonese|Chinese,0,4.4,CRYSTAL JADE DINING PLACE (WG) PTE. LTD.,SW13182P000,3 GATEWAY DRIVE #04-42 WESTGATE SINGAPORE 608532,A,na,na,na,name_substring,high_or_medium_review_required
120,Jade,"1 Fullerton Square, The Fullerton Hotel, Singapore 049178",049178,Asian|Cantonese|Chinese,0,4.4,CRYSTAL JADE LA MIAN XIAO LONG BAO (JURONG POINT) PTE LTD,SW08A02J000,63 JURONG WEST CENTRAL 3 #03-96 to #03-104 SINGAPORE 648331,A,6,na,na,name_substring,high_or_medium_review_required
120,Jade,"1 Fullerton Square, The Fullerton Hotel, Singapore 049178",049178,Asian|Cantonese|Chinese,0,4.4,CRYSTAL JADE MY BREAD (BDM) PTE. LTD.,SE13194L000,311 NEW UPPER CHANGI ROAD #B2-K6 BEDOK MALL SINGAPORE 467360,na,na,na,na,name_substring,high_or_medium_review_required
120,Jade,"1 Fullerton Square, The Fullerton Hotel, Singapore 049178",049178,Asian|Cantonese|Chinese,0,4.4,CRYSTAL JADE HONG KONG CAFE (L.S.) PTE LTD,SE10722K000,23 SERANGOON CENTRAL #B2-45-C2 NEX SINGAPORE 556083,A,na,na,na,name_substring,high_or_medium_review_required
120,Jade,"1 Fullerton Square, The Fullerton Hotel, Singapore 049178",049178,Asian|Cantonese|Chinese,0,4.4,CRYSTAL JADE KITCHEN (T M) PTE LTD,S95135K000,4 TAMPINES CENTRAL 5 #B1-11 TAMPINES MALL SINGAPORE 529510,A,na,na,na,name_substring,high_or_medium_review_required
120,Jade,"1 Fullerton Square, The Fullerton Hotel, Singapore 049178",049178,Asian|Cantonese|Chinese,0,4.4,CRYSTAL JADE LA MIAN XIAO LONG BAO (TOA PAYOH) PTE. LTD.,S02130P000,470 LORONG 6 TOA PAYOH #01-70 SINGAPORE 310470,A,na,na,na,name_substring,high_or_medium_review_required
120,Jade,"1 Fullerton Square, The Fullerton Hotel, Singapore 049178",049178,Asian|Cantonese|Chinese,0,4.4,CRYSTAL JADE KITCHEN (CAUSEWAY POINT) PTE LTD,NW12H42A000,1 WOODLANDS SQUARE #05-10 CAUSEWAY POINT SINGAPORE 738099,A,na,na,na,name_substring,high_or_medium_review_required
120,Jade,"1 Fullerton Square, The Fullerton Hotel, Singapore 049178",049178,Asian|Cantonese|Chinese,0,4.4,CRYSTAL JADE MY BREAD (TBP) PTE. LTD.,NW11552K000,1 WOODLANDS SQUARE #B1-K21 CAUSEWAY POINT SINGAPORE 738099,na,na,na,na,name_substring,high_or_medium_review_required
120,Jade,"1 Fullerton Square, The Fullerton Hotel, Singapore 049178",049178,Asian|Cantonese|Chinese,0,4.4,JADEITE PTE. LTD.,CE14R12E000,470 NORTH BRIDGE ROAD #03-21 BUGIS CUBE SINGAPORE 188735,A,na,na,na,name_substring,high_or_medium_review_required
120,Jade,"1 Fullerton Square, The Fullerton Hotel, Singapore 049178",049178,Asian|Cantonese|Chinese,0,4.4,CRYSTAL JADE KOREAN GINSENG CHICKEN & BBQ RESTAURANT PTE. LTD.,CE14773L000,391 ORCHARD ROAD #B2-36A NGEE ANN CITY SINGAPORE 238872,A,na,na,na,name_substring,high_or_medium_review_required
120,Jade,"1 Fullerton Square, The Fullerton Hotel, Singapore 049178",049178,Asian|Cantonese|Chinese,0,4.4,CRYSTAL JADE STEAMBOAT RESTAURANT (Z. S.) PTE. LTD.,CE13W80C000,20 AH HOOD ROAD #01-18 SINGAPORE 329984,A,na,na,na,name_substring,high_or_medium_review_required
120,Jade,"1 Fullerton Square, The Fullerton Hotel, Singapore 049178",049178,Asian|Cantonese|Chinese,0,4.4,CRYSTAL JADE MY BREAD (TBP) PTE. LTD.,CE13356B000,3 TEMASEK BOULEVARD #B1-114 SUNTEC CITY MALL (PART OF UNIT 114) SINGAPORE 038983,na,na,na,na,name_substring,high_or_medium_review_required
120,Jade,"1 Fullerton Square, The Fullerton Hotel, Singapore 049178",049178,Asian|Cantonese|Chinese,0,4.4,CRYSTAL JADE KITCHEN (S.C.) PTE LTD,CE13285V000,3 TEMASEK BOULEVARD SUNTEC CITY MALL (#B1-112/113/114/164) SINGAPORE 038983,A,na,na,na,name_substring,high_or_medium_review_required
120,Jade,"1 Fullerton Square, The Fullerton Hotel, Singapore 049178",049178,Asian|Cantonese|Chinese,0,4.4,CRYSTAL JADE MBFC PTE. LTD.,CE10H62L000,8A MARINA BOULEVARD #02-01 SINGAPORE 018984,A,na,na,na,name_substring,high_or_medium_review_required
120,Jade,"1 Fullerton Square, The Fullerton Hotel, Singapore 049178",049178,Asian|Cantonese|Chinese,0,4.4,CRYSTAL JADE SHANGHAI RESTAURANT PTE LTD,CE08E76J000,1 KIM SENG PROMENADE #02-K1 GREAT WORLD CITY SINGAPORE 237994,A,na,na,na,name_substring,high_or_medium_review_required
120,Jade,"1 Fullerton Square, The Fullerton Hotel, Singapore 049178",049178,Asian|Cantonese|Chinese,0,4.4,CLUB JADE ENTERTAINMENT PTE. LTD.,CE07X72V000,1 SOPHIA ROAD #06-38 PEACE CENTRE SINGAPORE 228149,na,na,na,na,name_substring,high_or_medium_review_required
120,Jade,"1 Fullerton Square, The Fullerton Hotel, Singapore 049178",049178,Asian|Cantonese|Chinese,0,4.4,SAROJADEVI D/O RAJAGOPAL,J85014C009,800 CORPORATION ROAD JURONG JUNIOR COLLEGE SINGAPORE 649809,B,na,na,na,name_substring,high_or_medium_review_required
120,Jade,"1 Fullerton Square, The Fullerton Hotel, Singapore 049178",049178,Asian|Cantonese|Chinese,0,4.4,SAMANTHA JADE C PADILLA,J01057E008,31 TECK WHYE CRESCENT TECK WHYE SECONDARY SCHOOL SINGAPORE 688848,A,na,na,na,name_substring,high_or_medium_review_required
118,Cassia,"1 The Knolls, Capella Singapore, Sentosa Island, 098297",098297,Asian|Cantonese|Chinese,0,4.7,KING COFFEE HOUSE PTE. LTD.,SW11565K000,23 PENJURU WALK #02-81 CASSIA AT PENJURU SINGAPORE 608537,na,na,na,na,name_substring,high_or_medium_review_required
118,Cassia,"1 The Knolls, Capella Singapore, Sentosa Island, 098297",098297,Asian|Cantonese|Chinese,0,4.7,MILLENIA HOTEL PRIVATE LIMITED,SW09070N000,1 THE KNOLLS SENTOSA ISLAND CAPELLA SINGAPORE 3RD/4TH STY (CASSIA) SINGAPORE 098297,A,na,na,na,name_substring,high_or_medium_review_required
118,Cassia,"1 The Knolls, Capella Singapore, Sentosa Island, 098297",098297,Asian|Cantonese|Chinese,0,4.7,SWEET PACIFIC PTE. LTD.,SE14412A000,32 CASSIA CRESCENT #01-50 SINGAPORE 390032,na,na,na,na,name_substring,high_or_medium_review_required
118,Cassia,"1 The Knolls, Capella Singapore, Sentosa Island, 098297",098297,Asian|Cantonese|Chinese,0,4.7,ROBOYES CAFE PTE. LTD.,E81060E000,34 CASSIA CRESCENT #01-82 SINGAPORE 390034,A,na,na,na,name_substring,high_or_medium_review_required
118,Cassia,"1 The Knolls, Capella Singapore, Sentosa Island, 098297",098297,Asian|Cantonese|Chinese,0,4.7,NG KWEE HUAT,E81045C000,34 CASSIA CRESCENT #01-86 SINGAPORE 390034,na,na,na,na,name_substring,high_or_medium_review_required
118,Cassia,"1 The Knolls, Capella Singapore, Sentosa Island, 098297",098297,Asian|Cantonese|Chinese,0,4.7,BREW MAISON PTE. LTD.,CE14050B000,383 BUKIT TIMAH ROAD ##01-09B ALOCASSIA APARTMENTS SINGAPORE 259727,A,na,na,na,name_substring,high_or_medium_review_required
118,Cassia,"1 The Knolls, Capella Singapore, Sentosa Island, 098297",098297,Asian|Cantonese|Chinese,0,4.7,MCDONALD'S RESTAURANTS PTE. LTD.,CE10D21K000,383 BUKIT TIMAH ROAD #01-9C&K1 ALOCASSIA APARTMENTS SINGAPORE 259727,A,na,na,na,name_substring,high_or_medium_review_required
118,Cassia,"1 The Knolls, Capella Singapore, Sentosa Island, 098297",098297,Asian|Cantonese|Chinese,0,4.7,BOLDWIN AGAPE PTE LTD,CE10425L000,383 BUKIT TIMAH ROAD #01-05 ALOCASSIA APARTMENTS SINGAPORE 259727,A,na,na,na,name_substring,high_or_medium_review_required
118,Cassia,"1 The Knolls, Capella Singapore, Sentosa Island, 098297",098297,Asian|Cantonese|Chinese,0,4.7,AP COMPANY INTERNATIONAL SINGAPORE PTE. LTD.,CE09I25V000,383 BUKIT TIMAH ROAD #01-01 ALOCASSIA APARTMENTS SINGAPORE 259727,na,na,na,na,name_substring,high_or_medium_review_required
118,Cassia,"1 The Knolls, Capella Singapore, Sentosa Island, 098297",098297,Asian|Cantonese|Chinese,0,4.7,EN JAPANESE DINING BAR @ BUKIT TIMAH PTE. LTD.,CE09I25V000,383 BUKIT TIMAH ROAD #01-01 ALOCASSIA APARTMENTS SINGAPORE 259727,A,na,na,na,name_substring,high_or_medium_review_required
118,Cassia,"1 The Knolls, Capella Singapore, Sentosa Island, 098297",098297,Asian|Cantonese|Chinese,0,4.7,AL BORGO PTE. LTD.,CE09G10B000,383 BUKIT TIMAH ROAD #01-02 ALOCASSIA APARTMENTS SINGAPORE 259727,A,na,na,na,name_substring,high_or_medium_review_required
118,Cassia,"1 The Knolls, Capella Singapore, Sentosa Island, 098297",098297,Asian|Cantonese|Chinese,0,4.7,KING COFFEE HOUSE PTE. LTD.,SW11565K007,23 PENJURU WALK #02-81 CASSIA AT PENJURU SINGAPORE 608537,B,na,na,na,name_substring,high_or_medium_review_required
118,Cassia,"1 The Knolls, Capella Singapore, Sentosa Island, 098297",098297,Asian|Cantonese|Chinese,0,4.7,MR DRINKS CORNER PTE. LTD.,SW11565K006,23 PENJURU WALK #02-81 CASSIA AT PENJURU SINGAPORE 608537,na,na,na,na,name_substring,high_or_medium_review_required
118,Cassia,"1 The Knolls, Capella Singapore, Sentosa Island, 098297",098297,Asian|Cantonese|Chinese,0,4.7,KING COFFEE HOUSE PTE. LTD.,SW11565K003,23 PENJURU WALK #02-81 CASSIA AT PENJURU SINGAPORE 608537,B,na,na,na,name_substring,high_or_medium_review_required
118,Cassia,"1 The Knolls, Capella Singapore, Sentosa Island, 098297",098297,Asian|Cantonese|Chinese,0,4.7,KING COFFEE HOUSE PTE. LTD.,SW11565K002,23 PENJURU WALK #02-81 CASSIA AT PENJURU SINGAPORE 608537,B,na,na,na,name_substring,high_or_medium_review_required
118,Cassia,"1 The Knolls, Capella Singapore, Sentosa Island, 098297",098297,Asian|Cantonese|Chinese,0,4.7,KING COFFEE HOUSE PTE. LTD.,SW11565K001,23 PENJURU WALK #02-81 CASSIA AT PENJURU SINGAPORE 608537,B,na,na,na,name_substring,high_or_medium_review_required
118,Cassia,"1 The Knolls, Capella Singapore, Sentosa Island, 098297",098297,Asian|Cantonese|Chinese,0,4.7,WU XUEYUN,E81045C009,34 CASSIA CRESCENT #01-86 SINGAPORE 390034,na,na,na,na,name_substring,high_or_medium_review_required
118,Cassia,"1 The Knolls, Capella Singapore, Sentosa Island, 098297",098297,Asian|Cantonese|Chinese,0,4.7,TANG CHAY HIANG,E81045C007,34 CASSIA CRESCENT #01-86 SINGAPORE 390034,B,na,na,na,name_substring,high_or_medium_review_required
118,Cassia,"1 The Knolls, Capella Singapore, Sentosa Island, 098297",098297,Asian|Cantonese|Chinese,0,4.7,PANG KIM CHENG,E81045C006,34 CASSIA CRESCENT #01-86 SINGAPORE 390034,B,na,na,na,name_substring,high_or_medium_review_required
118,Cassia,"1 The Knolls, Capella Singapore, Sentosa Island, 098297",098297,Asian|Cantonese|Chinese,0,4.7,NG KWEE HUAT,E81045C005,34 CASSIA CRESCENT #01-86 SINGAPORE 390034,B,na,na,na,name_substring,high_or_medium_review_required
118,Cassia,"1 The Knolls, Capella Singapore, Sentosa Island, 098297",098297,Asian|Cantonese|Chinese,0,4.7,LOW KWAI FONG,E81045C004,34 CASSIA CRESCENT #01-86 SINGAPORE 390034,B,na,na,na,name_substring,high_or_medium_review_required
118,Cassia,"1 The Knolls, Capella Singapore, Sentosa Island, 098297",098297,Asian|Cantonese|Chinese,0,4.7,Tan Hock Guan,E81045C003,34 CASSIA CRESCENT #01-86 SINGAPORE 390034,B,na,na,na,name_substring,high_or_medium_review_required
118,Cassia,"1 The Knolls, Capella Singapore, Sentosa Island, 098297",098297,Asian|Cantonese|Chinese,0,4.7,NG KWEE HUAT,E81045C002,34 CASSIA CRESCENT #01-86 SINGAPORE 390034,B,na,na,na,name_substring,high_or_medium_review_required
118,Cassia,"1 The Knolls, Capella Singapore, Sentosa Island, 098297",098297,Asian|Cantonese|Chinese,0,4.7,LIM BEE WAH,E81045C001,34 CASSIA CRESCENT #01-86 SINGAPORE 390034,A,na,na,na,name_substring,high_or_medium_review_required
139,Crystal Jade Golden Palace,"290 Orchard Rd, #05 - 22, Paragon Shopping Centre, Singapore 238859",238859,Asian|Chinese,0,4.4,CRYSTAL JADE GOLDEN PALACE RESTAURANT PTE LTD,W02322X000,290 ORCHARD ROAD #05-22 THE PARAGON SINGAPORE 238859,A,na,na,na,name_substring,high_or_medium_review_required
47,Cure,"21 Keong Saik Road, Singapore 089128",089128,European|Irish,1,4.7,ROXY HOTELS PTE. LTD.,E00136A000,50 EAST COAST ROAD #02-00 GRAND MERCURE ROXY HOTEL SINGAPORE 428769,na,na,na,na,name_substring,high_or_medium_review_required
47,Cure,"21 Keong Saik Road, Singapore 089128",089128,European|Irish,1,4.7,ROXY HOTELS PTE. LTD.,E00105N000,50 EAST COAST ROAD #04-00 GRAND MERCURE ROXY HOTEL SINGAPORE 428769,A,na,na,na,name_substring,high_or_medium_review_required
47,Cure,"21 Keong Saik Road, Singapore 089128",089128,European|Irish,1,4.7,ROXY HOTELS PTE. LTD.,E00104P000,50 EAST COAST ROAD #03-00 GRAND MERCURE ROXY HOTEL SINGAPORE 428769,A,na,na,na,name_substring,high_or_medium_review_required
47,Cure,"21 Keong Saik Road, Singapore 089128",089128,European|Irish,1,4.7,ROXY HOTELS PTE. LTD.,E00103X000,50 EAST COAST ROAD #02-00 GRAND MERCURE ROXY HOTEL SINGAPORE 428769,A,na,na,na,name_substring,high_or_medium_review_required
47,Cure,"21 Keong Saik Road, Singapore 089128",089128,European|Irish,1,4.7,122 MIDDLE INVESTMENT PTE. LTD.,CE16234X000,122 MIDDLE ROAD MERCURE SINGAPORE BUGIS (LEVEL 1) SINGAPORE 188973,na,na,na,na,name_substring,high_or_medium_review_required
47,Cure,"21 Keong Saik Road, Singapore 089128",089128,European|Irish,1,4.7,QSM GLOBAL PTE. LTD.,CE16121L000,122 MIDDLE ROAD #03-01 MERCURE HOTEL SINGAPORE 188973,na,na,na,na,name_substring,high_or_medium_review_required
47,Cure,"21 Keong Saik Road, Singapore 089128",089128,European|Irish,1,4.7,EPICUREAN CONCEPTS MARINA SQUARE PTE. LTD.,CE15E80J000,6 RAFFLES BOULEVARD #01-26 MARINA SQUARE SINGAPORE 039594,A,na,na,na,name_substring,high_or_medium_review_required
47,Cure,"21 Keong Saik Road, Singapore 089128",089128,European|Irish,1,4.7,EPICUREAN CONCEPTS MARINA SQUARE PTE. LTD.,CE15E79P000,6 RAFFLES BOULEVARD #01-23 MARINA SQUARE SINGAPORE 039594,A,na,na,na,name_substring,high_or_medium_review_required
47,Cure,"21 Keong Saik Road, Singapore 089128",089128,European|Irish,1,4.7,EPICUREAN CONCEPTS MARINA SQUARE PTE. LTD.,CE15E77V000,6 RAFFLES BOULEVARD #01-15 MARINA SQUARE SINGAPORE 039594,A,na,na,na,name_substring,high_or_medium_review_required
47,Cure,"21 Keong Saik Road, Singapore 089128",089128,European|Irish,1,4.7,EPICUREAN CONCEPTS MARINA SQUARE PTE. LTD.,CE15E76A000,6 RAFFLES BOULEVARD #01-25 MARINA SQUARE SINGAPORE 039594,A,na,na,na,name_substring,high_or_medium_review_required
47,Cure,"21 Keong Saik Road, Singapore 089128",089128,European|Irish,1,4.7,EPICUREAN CONCEPTS MARINA SQUARE PTE. LTD.,CE15E75B000,6 RAFFLES BOULEVARD #01-09 MARINA SQUARE SINGAPORE 039594,A,na,na,na,name_substring,high_or_medium_review_required
47,Cure,"21 Keong Saik Road, Singapore 089128",089128,European|Irish,1,4.7,EPICUREAN CONCEPTS MARINA SQUARE PTE. LTD.,CE15E74C000,6 RAFFLES BOULEVARD #01-11 MARINA SQUARE SINGAPORE 039594,A,na,na,na,name_substring,high_or_medium_review_required
47,Cure,"21 Keong Saik Road, Singapore 089128",089128,European|Irish,1,4.7,EPICUREAN CONCEPTS MARINA SQUARE PTE. LTD.,CE15E73E000,6 RAFFLES BOULEVARD #01-28 MARINA SQUARE SINGAPORE 039594,A,na,na,na,name_substring,high_or_medium_review_required
47,Cure,"21 Keong Saik Road, Singapore 089128",089128,European|Irish,1,4.7,CURE RESTAURANT PTE LTD,CE12B98J000,21 KEONG SAIK ROAD SINGAPORE 089128,A,na,na,na,name_substring,high_or_medium_review_required
21,Summer Pavilion,"The Ritz-Carlton, Millenia Singapore, 7 Raffles Avenue, Singapore, 039799 Singapore",039799,Asian|Cantonese|Chinese,1,4.6,RCMS PROPERTIES PTE LTD,W95161L000,7 RAFFLES AVENUE (SUMMER PAVILION) RITZ CARLTON MILLENIA SINGAPORE (3RD FLR) SINGAPORE 039799,A,na,na,na,name_substring,high_or_medium_review_required
67,Fleur de Sel,"64 Tras Street #01-01, Singapore 079003",079003,European|French,0,4.5,FLEUR DE SEL LE RESTAURANT PTE. LTD.,CE13032N000,64 TRAS STREET #01-01 SINGAPORE 079003,A,na,na,na,name_substring,high_or_medium_review_required
22,Ginza Sushi Ichi,"Singapore Marriott Tang Plaza Hotel, 320 Orchard Road, Singapore 238865",238865,Asian|Japanese|Omakase,1,4.5,GINZA SUSHI ICHI PTE. LTD.,CE15849V000,320 ORCHARD ROAD #01-04 MARRIOTT HOTEL SINGAPORE SINGAPORE 238865,A,na,na,na,name_substring,high_or_medium_review_required
130,Lolla,"22 Ann Siang Rd, Singapore 069702",069702,Mediterranean,0,4.4,LOLLA2 PTE. LTD.,CE15291J000,1A KEONG SAIK ROAD RESTAURANT 4 SINGAPORE 089109,A,na,na,na,name_substring,high_or_medium_review_required
130,Lolla,"22 Ann Siang Rd, Singapore 069702",069702,Mediterranean,0,4.4,LOLLA PTE. LTD.,CE12898C000,22 ANN SIANG ROAD SINGAPORE 069702,A,na,na,na,name_substring,high_or_medium_review_required
100,Hashida Singapore,"77 Amoy St, Singapore 069896",069896,Asian|Japanese|Omakase,0,4.8,HASHIDA SINGAPORE PTE. LTD.,CE13N47P000,333A ORCHARD ROAD #02-37 SINGAPORE 238897,A,na,na,na,name_substring,high_or_medium_review_required
141,Takayama,"6A Shenton Way, #01-09/10, OUE Downtown Gallery, Singapore 068815",068815,Asian|Japanese,0,4.7,KIYONORI TAKAYAMA,W98177P006,3 YORK HILL OUTRAM SECONDARY SCHOOL SINGAPORE 168622,A,na,na,na,name_substring,high_or_medium_review_required
141,Takayama,"6A Shenton Way, #01-09/10, OUE Downtown Gallery, Singapore 068815",068815,Asian|Japanese,0,4.7,KIYONORI TAKAYAMA,CE04339E008,190 DUNEARN ROAD SINGAPORE CHINESE GIRLS' SCHOOL SINGAPORE 309437,A,na,na,na,name_substring,high_or_medium_review_required
1,Burnt Ends,"7 Dempsey Road, #01-04, Singapore 249671",249671,Australian|Barbecue,1,4.5,BURNT ENDS RESTAURANT PTE. LTD.,CE13Q04V000,167/169 TELOK AYER STREET SINGAPORE 068618,A,na,na,na,name_substring,high_or_medium_review_required
1,Burnt Ends,"7 Dempsey Road, #01-04, Singapore 249671",249671,Australian|Barbecue,1,4.5,BURNT ENDS RESTAURANT PTE. LTD.,CE05188N000,20 TECK LIM ROAD SINGAPORE 088391,A,na,na,na,name_substring,high_or_medium_review_required
96,Caviar,"390 Orchard Rd Palais Renaissance, B1, #07, 238871",238871,Asian|European|Fusion|Japanese,0,4.7,P BISTRO PRIVATE LIMITED,CE14N47J000,390 ORCHARD ROAD #B1-06 PALAIS RENAISSANCE SINGAPORE 238871,A,na,na,na,postal_code,medium_needs_shop_unit_review
96,Caviar,"390 Orchard Rd Palais Renaissance, B1, #07, 238871",238871,Asian|European|Fusion|Japanese,0,4.7,THREE BOND JING HUA PTE. LTD.,CE14I29V000,390 ORCHARD ROAD #B1-04/05 PALAIS RENAISSANCE SINGAPORE 238871,A,na,na,na,postal_code,medium_needs_shop_unit_review
96,Caviar,"390 Orchard Rd Palais Renaissance, B1, #07, 238871",238871,Asian|European|Fusion|Japanese,0,4.7,TABLE CONCEPTS PTE. LTD.,CE14E64P000,390 ORCHARD ROAD #B1-02/2A PALAIS RENAISSANCE SINGAPORE 238871,A,na,na,na,postal_code,medium_needs_shop_unit_review
96,Caviar,"390 Orchard Rd Palais Renaissance, B1, #07, 238871",238871,Asian|European|Fusion|Japanese,0,4.7,JEDA INVESTMENT HOLDINGS PTE. LTD.,CE13Y65L000,390 ORCHARD ROAD #01-07 PALAIS RENAISSANCE SINGAPORE 238871,A,na,na,na,postal_code,medium_needs_shop_unit_review
96,Caviar,"390 Orchard Rd Palais Renaissance, B1, #07, 238871",238871,Asian|European|Fusion|Japanese,0,4.7,PSGOURMET PTE. LTD.,CE08707K000,390 ORCHARD ROAD #02-09A PALAIS RENAISSANCE SINGAPORE 238871,A,na,na,na,postal_code,medium_needs_shop_unit_review
69,Ristorante Takada,"Alexis Condominium, 356 Alexandra Road #01-07, Singapore 159948",159948,Asian|European|Fusion|Italian|Japanese|Omakase,0,4.6,THE EDIBLE COMPANY PTE. LTD,CE15168L000,354 ALEXANDRA ROAD #01-09 SINGAPORE 159948,A,na,na,na,postal_code,medium_needs_shop_unit_review
69,Ristorante Takada,"Alexis Condominium, 356 Alexandra Road #01-07, Singapore 159948",159948,Asian|European|Fusion|Italian|Japanese|Omakase,0,4.6,TOKYO ITALIAN PTE LTD,CE12H19B000,354/356 ALEXANDRA ROAD #01-07 ALEXIS SINGAPORE 159948,A,na,na,na,postal_code,medium_needs_shop_unit_review
16,Rhubarb Le Restaurant,"3 Duxton Hill, Singapore 089589",089589,Contemporary|European|French,1,4.6,RHUBARB LE RESTAURANT PTE. LTD.,CE04581L000,3 DUXTON HILL SINGAPORE 089589,A,na,na,na,postal_code,medium_needs_shop_unit_review
41,Chef Kang's,"25 Mackenzie Road,  Singapore 228681",228681,Asian|Cantonese|Chinese|Singaporean,1,4.4,POUW KIA ENG,CE11I08K000,25/27/29 MACKENZIE ROAD SINGAPORE 228681,A,na,na,na,postal_code,medium_needs_shop_unit_review
14,Reve,"39 Kreta Ayer Road, #01-01, Singapore 089002",089002,Asian|European|French|Fusion|Japanese,1,4.7,FITTHREE PTE LTD,CE10023X000,39 KRETA AYER ROAD SINGAPORE 089002,na,na,na,na,postal_code,medium_needs_shop_unit_review
150,Restaurant Matera,"3 Fullerton Rd, #02-01/02/03 The Fullerton Waterboat House, Singapore 049215",049215,Asian|European|Fusion|Italian,0,4.6,BOATHOUSE PTE. LTD.,W03531X000,3 FULLERTON ROAD #03-01 WATERBOAT HOUSE SINGAPORE 049215,A,na,na,na,postal_code,medium_needs_shop_unit_review
150,Restaurant Matera,"3 Fullerton Rd, #02-01/02/03 The Fullerton Waterboat House, Singapore 049215",049215,Asian|European|Fusion|Italian,0,4.6,CANDY BOULEVARD PTE LTD,W03464E000,3 FULLERTON ROAD #01-04 THE FULLERTON WATERBOAT HOUSE SINGAPORE 049215,A,na,na,na,postal_code,medium_needs_shop_unit_review
150,Restaurant Matera,"3 Fullerton Rd, #02-01/02/03 The Fullerton Waterboat House, Singapore 049215",049215,Asian|European|Fusion|Italian,0,4.6,STARBUCKS COFFEE SINGAPORE PTE. LTD.,W03340E000,3 FULLERTON ROAD THE FULLERTON WATERBOAT HOUSE (#02-01/02/03) SINGAPORE 049215,A,na,na,na,postal_code,medium_needs_shop_unit_review
150,Restaurant Matera,"3 Fullerton Rd, #02-01/02/03 The Fullerton Waterboat House, Singapore 049215",049215,Asian|European|Fusion|Italian,0,4.6,FOOD JUNCTION SINGAPORE PTE LTD,CE07D01P000,3 FULLERTON ROAD #01-05 SINGAPORE 049215,A,na,na,na,postal_code,medium_needs_shop_unit_review
119,Cherry Garden (Temporarily Closed),"5 Raffles Ave., Singapore 039797",039797,Asian|Cantonese|Chinese,0,4.4,MARINA BAY HOTEL PRIVATE LIMITED?,W87018X000,5 RAFFLES AVENUE #05-00 ORIENTAL HOTEL (BANQUET) SINGAPORE 039797,A,na,na,na,postal_code,medium_needs_shop_unit_review
119,Cherry Garden (Temporarily Closed),"5 Raffles Ave., Singapore 039797",039797,Asian|Cantonese|Chinese,0,4.4,MARINA BAY HOTEL PRIVATE LIMITED?,W86117A000,5 RAFFLES AVENUE ORIENTAL HOTEL (1ST STOREY) SINGAPORE 039797,A,na,na,na,postal_code,medium_needs_shop_unit_review
119,Cherry Garden (Temporarily Closed),"5 Raffles Ave., Singapore 039797",039797,Asian|Cantonese|Chinese,0,4.4,MARINA BAY HOTEL PRIVATE LIMITED?,W99049A000,5 RAFFLES AVENUE MARINA SQUARE THE ORIENTAL SINGAPORE 039797,na,na,na,na,postal_code,medium_needs_shop_unit_review
119,Cherry Garden (Temporarily Closed),"5 Raffles Ave., Singapore 039797",039797,Asian|Cantonese|Chinese,0,4.4,MARINA BAY HOTEL PRIVATE LIMITED?,W93163B000,5 RAFFLES AVENUE ORIENTAL SINGAPORE HOTEL 19TH & 20TH FLR SINGAPORE 039797,A,na,na,na,postal_code,medium_needs_shop_unit_review
119,Cherry Garden (Temporarily Closed),"5 Raffles Ave., Singapore 039797",039797,Asian|Cantonese|Chinese,0,4.4,MARINA BAY HOTEL PRIVATE LIMITED?,W87017V000,5 RAFFLES AVENUE ORIENTAL HOTEL (5TH FLR) SINGAPORE 039797,na,na,na,na,postal_code,medium_needs_shop_unit_review
119,Cherry Garden (Temporarily Closed),"5 Raffles Ave., Singapore 039797",039797,Asian|Cantonese|Chinese,0,4.4,MARINA BAY HOTEL PRIVATE LIMITED?,W86118V000,5 RAFFLES AVENUE ORIENTAL HOTEL (BASEMENT) SINGAPORE 039797,na,na,na,na,postal_code,medium_needs_shop_unit_review
119,Cherry Garden (Temporarily Closed),"5 Raffles Ave., Singapore 039797",039797,Asian|Cantonese|Chinese,0,4.4,MORTON'S OF CHICAGO (SINGAPORE) PTE LTD,W86116B000,5 RAFFLES AVENUE #04-05-00 MANDARIN ORIENTAL SINGAPORE SINGAPORE 039797,na,na,na,na,postal_code,medium_needs_shop_unit_review
119,Cherry Garden (Temporarily Closed),"5 Raffles Ave., Singapore 039797",039797,Asian|Cantonese|Chinese,0,4.4,MARINA BAY HOTEL PRIVATE LIMITED?,W86112K000,5 RAFFLES AVENUE #05-00 ORIENTAL HOTEL (POOL-BAR) SINGAPORE 039797,A,na,na,na,postal_code,medium_needs_shop_unit_review
119,Cherry Garden (Temporarily Closed),"5 Raffles Ave., Singapore 039797",039797,Asian|Cantonese|Chinese,0,4.4,MARINA BAY HOTEL PRIVATE LIMITED?,W86111L000,5 RAFFLES AVENUE #05-00 ORIENTAL HOTEL (CHERRY GARDEN) SINGAPORE 039797,A,na,na,na,postal_code,medium_needs_shop_unit_review
119,Cherry Garden (Temporarily Closed),"5 Raffles Ave., Singapore 039797",039797,Asian|Cantonese|Chinese,0,4.4,MORTON'S OF CHICAGO (SINGAPORE) PTE LTD,W86110N000,5 RAFFLES AVENUE #04-00 MADARINE ORIENTAL SINGAPORE SINGAPORE 039797,A,na,na,na,postal_code,medium_needs_shop_unit_review
119,Cherry Garden (Temporarily Closed),"5 Raffles Ave., Singapore 039797",039797,Asian|Cantonese|Chinese,0,4.4,MARINA BAY HOTEL PRIVATE LIMITED?,W86109A000,5 RAFFLES AVENUE #04-00 ORIENTAL HOTEL(CAFE PALM) SINGAPORE 039797,A,na,na,na,postal_code,medium_needs_shop_unit_review
119,Cherry Garden (Temporarily Closed),"5 Raffles Ave., Singapore 039797",039797,Asian|Cantonese|Chinese,0,4.4,WASABI PTE. LTD.,W02281B000,5 RAFFLES AVENUE #04-00 MANDARIN ORIENTAL HOTEL SINGAPORE 039797,A,na,na,na,postal_code,medium_needs_shop_unit_review
20,Summer Palace (Temporarily Closed),"1 Cuscaden Road, Level 3, Singapore 249715",249715,Asian|Cantonese|Chinese,1,4.5,REGENT INTERNATIONAL HOTELS (S) PTE LTD,W82189K000,1 CUSCADEN ROAD REGENT HOTEL SINGAPORE SINGAPORE 249715,A,na,na,na,postal_code,medium_needs_shop_unit_review
20,Summer Palace (Temporarily Closed),"1 Cuscaden Road, Level 3, Singapore 249715",249715,Asian|Cantonese|Chinese,1,4.5,REGENT INTERNATIONAL HOTELS (S) PTE LTD,W91184B000,1 CUSCADEN ROAD REGENT HOTEL SINGAPORE SINGAPORE 249715,A,na,na,na,postal_code,medium_needs_shop_unit_review
20,Summer Palace (Temporarily Closed),"1 Cuscaden Road, Level 3, Singapore 249715",249715,Asian|Cantonese|Chinese,1,4.5,REGENT INTERNATIONAL HOTELS (S) PTE LTD,W82190J000,1 CUSCADEN ROAD REGENT HOTEL SINGAPORE SINGAPORE 249715,A,na,na,na,postal_code,medium_needs_shop_unit_review
20,Summer Palace (Temporarily Closed),"1 Cuscaden Road, Level 3, Singapore 249715",249715,Asian|Cantonese|Chinese,1,4.5,REGENT INTERNATIONAL HOTELS (S) PTE LTD,W82186A000,1 CUSCADEN ROAD REGENT HOTEL SINGAPORE SINGAPORE 249715,A,na,na,na,postal_code,medium_needs_shop_unit_review
20,Summer Palace (Temporarily Closed),"1 Cuscaden Road, Level 3, Singapore 249715",249715,Asian|Cantonese|Chinese,1,4.5,REGENT INTERNATIONAL HOTELS (S) PTE LTD,W82185B000,1 CUSCADEN ROAD REGENT HOTEL SINGAPORE SINGAPORE 249715,A,na,na,na,postal_code,medium_needs_shop_unit_review
20,Summer Palace (Temporarily Closed),"1 Cuscaden Road, Level 3, Singapore 249715",249715,Asian|Cantonese|Chinese,1,4.5,REGENT INTERNATIONAL HOTELS (S) PTE LTD,W82184C000,1 CUSCADEN ROAD REGENT HOTEL SINGAPORE SINGAPORE 249715,na,na,na,na,postal_code,medium_needs_shop_unit_review
20,Summer Palace (Temporarily Closed),"1 Cuscaden Road, Level 3, Singapore 249715",249715,Asian|Cantonese|Chinese,1,4.5,REGENT INTERNATIONAL HOTELS (S) PTE LTD,CE07S46K000,1 CUSCADEN ROAD REGENT HOTEL SINGAPORE SINGAPORE 249715,na,na,na,na,postal_code,medium_needs_shop_unit_review
20,Summer Palace (Temporarily Closed),"1 Cuscaden Road, Level 3, Singapore 249715",249715,Asian|Cantonese|Chinese,1,4.5,SEOUL RESTAURANTS PTE. LTD.,CE04405V000,1 CUSCADEN ROAD #03-02 REGENT HOTEL SINGAPORE SINGAPORE 249715,A,na,na,na,postal_code,medium_needs_shop_unit_review
20,Summer Palace (Temporarily Closed),"1 Cuscaden Road, Level 3, Singapore 249715",249715,Asian|Cantonese|Chinese,1,4.5,SSY PTE LTD,CE04176J000,1 CUSCADEN ROAD #03-01 REGENT HOTEL SINGAPORE SINGAPORE 249715,A,na,na,na,postal_code,medium_needs_shop_unit_review
122,Imperial Treasure Fine Teochew Cuisine - Ion Orchard,"ION Orchard, #03-05, 2 Orchard Turn, Singapore 238801",238801,Asian|Chinese|Teochew,1,4.1,NARA CUISINE PTE. LTD.,CE09653X000,2 ORCHARD TURN #B3-21 ION ORCHARD SINGAPORE 238801,A,na,na,na,postal_code,medium_needs_shop_unit_review
122,Imperial Treasure Fine Teochew Cuisine - Ion Orchard,"ION Orchard, #03-05, 2 Orchard Turn, Singapore 238801",238801,Asian|Chinese|Teochew,1,4.1,GUSTOPIA GROUP PTE LTD,CE09535E000,2 ORCHARD TURN #01-15 ION ORCHARD SINGAPORE 238801,A,na,na,na,postal_code,medium_needs_shop_unit_review
122,Imperial Treasure Fine Teochew Cuisine - Ion Orchard,"ION Orchard, #03-05, 2 Orchard Turn, Singapore 238801",238801,Asian|Chinese|Teochew,1,4.1,NAVA 1872 PTE. LTD.,CE16423L000,2 ORCHARD TURN #B4-07 ION ORCHARD SINGAPORE 238801,A,na,na,na,postal_code,medium_needs_shop_unit_review
122,Imperial Treasure Fine Teochew Cuisine - Ion Orchard,"ION Orchard, #03-05, 2 Orchard Turn, Singapore 238801",238801,Asian|Chinese|Teochew,1,4.1,LOVELIFE VENTURES PTE. LTD.,CE15K03V000,2 ORCHARD TURN #B4-45/46 SINGAPORE 238801,A,na,na,na,postal_code,medium_needs_shop_unit_review
122,Imperial Treasure Fine Teochew Cuisine - Ion Orchard,"ION Orchard, #03-05, 2 Orchard Turn, Singapore 238801",238801,Asian|Chinese|Teochew,1,4.1,PLAIN VANILLA VENTURES PTE. LTD.,CE15C53C000,2 ORCHARD TURN #B1-06 ION ORCHARD SINGAPORE 238801,A,na,na,na,postal_code,medium_needs_shop_unit_review
122,Imperial Treasure Fine Teochew Cuisine - Ion Orchard,"ION Orchard, #03-05, 2 Orchard Turn, Singapore 238801",238801,Asian|Chinese|Teochew,1,4.1,ISLAND CREAMERY PTE. LTD.,CE15B42P000,2 ORCHARD TURN #B3-K1 SINGAPORE 238801,A,na,na,na,postal_code,medium_needs_shop_unit_review
122,Imperial Treasure Fine Teochew Cuisine - Ion Orchard,"ION Orchard, #03-05, 2 Orchard Turn, Singapore 238801",238801,Asian|Chinese|Teochew,1,4.1,STAR EXPRESS MERCHANDISING PTE. LTD.,CE14A63V000,2 ORCHARD TURN #B1-13 ION ORCHARD SINGAPORE 238801,A,na,na,na,postal_code,medium_needs_shop_unit_review
122,Imperial Treasure Fine Teochew Cuisine - Ion Orchard,"ION Orchard, #03-05, 2 Orchard Turn, Singapore 238801",238801,Asian|Chinese|Teochew,1,4.1,MULTI CONCEPTS LINK (SINGAPORE) PTE. LTD.,CE13645L000,2 ORCHARD TURN #B3-15/16 ION ORCHARD SINGAPORE 238801,A,na,na,na,postal_code,medium_needs_shop_unit_review
122,Imperial Treasure Fine Teochew Cuisine - Ion Orchard,"ION Orchard, #03-05, 2 Orchard Turn, Singapore 238801",238801,Asian|Chinese|Teochew,1,4.1,BREADTALK PTE LTD,CE13395K000,2 ORCHARD TURN #B4-08/09 ION ORCHARD SINGAPORE 238801,A,na,na,na,postal_code,medium_needs_shop_unit_review
122,Imperial Treasure Fine Teochew Cuisine - Ion Orchard,"ION Orchard, #03-05, 2 Orchard Turn, Singapore 238801",238801,Asian|Chinese|Teochew,1,4.1,WJT CUISINES PTE. LTD.,CE12K91L000,2 ORCHARD TURN #B4-56 ION ORCHARD SINGAPORE 238801,A,na,na,na,postal_code,medium_needs_shop_unit_review
122,Imperial Treasure Fine Teochew Cuisine - Ion Orchard,"ION Orchard, #03-05, 2 Orchard Turn, Singapore 238801",238801,Asian|Chinese|Teochew,1,4.1,CENTURY MILES INTL PTE LTD,CE12I67B000,2 ORCHARD TURN #B4-63 ION ORCHARD SINGAPORE 238801,A,na,na,na,postal_code,medium_needs_shop_unit_review
122,Imperial Treasure Fine Teochew Cuisine - Ion Orchard,"ION Orchard, #03-05, 2 Orchard Turn, Singapore 238801",238801,Asian|Chinese|Teochew,1,4.1,IVAN CHUA MIN LIP (CAI MINGLI),CE12I49E000,2 ORCHARD TURN #B4-69 ION ORCHARD SINGAPORE 238801,A,na,na,na,postal_code,medium_needs_shop_unit_review
122,Imperial Treasure Fine Teochew Cuisine - Ion Orchard,"ION Orchard, #03-05, 2 Orchard Turn, Singapore 238801",238801,Asian|Chinese|Teochew,1,4.1,GOLDEN DONUTS PTE. LTD.,CE12I12K000,2 ORCHARD TURN #B4-60 SINGAPORE 238801,A,na,na,na,postal_code,medium_needs_shop_unit_review
122,Imperial Treasure Fine Teochew Cuisine - Ion Orchard,"ION Orchard, #03-05, 2 Orchard Turn, Singapore 238801",238801,Asian|Chinese|Teochew,1,4.1,IDEAL FOODS (S) PTE. LTD.,CE12H09E000,2 ORCHARD TURN #B4-62 ION ORCHARD SINGAPORE 238801,A,na,na,na,postal_code,medium_needs_shop_unit_review
122,Imperial Treasure Fine Teochew Cuisine - Ion Orchard,"ION Orchard, #03-05, 2 Orchard Turn, Singapore 238801",238801,Asian|Chinese|Teochew,1,4.1,PEZZO SINGAPORE PTE. LTD.,CE12G30X000,2 ORCHARD TURN #B4-51 ION ORCHARD SINGAPORE 238801,A,na,na,na,postal_code,medium_needs_shop_unit_review
122,Imperial Treasure Fine Teochew Cuisine - Ion Orchard,"ION Orchard, #03-05, 2 Orchard Turn, Singapore 238801",238801,Asian|Chinese|Teochew,1,4.1,LOVELIFE VENTURES PTE. LTD.,CE12G26K000,2 ORCHARD TURN #B4-65 ION ORCHARD SINGAPORE 238801,A,na,na,na,postal_code,medium_needs_shop_unit_review
122,Imperial Treasure Fine Teochew Cuisine - Ion Orchard,"ION Orchard, #03-05, 2 Orchard Turn, Singapore 238801",238801,Asian|Chinese|Teochew,1,4.1,MONSTER CURRY PTE. LTD.,CE12F85P000,2 ORCHARD TURN #B4-52 ION ORCHARD SINGAPORE 238801,A,na,na,na,postal_code,medium_needs_shop_unit_review
122,Imperial Treasure Fine Teochew Cuisine - Ion Orchard,"ION Orchard, #03-05, 2 Orchard Turn, Singapore 238801",238801,Asian|Chinese|Teochew,1,4.1,OEDO FOOD SERVICES PTE LTD,CE12F80C000,2 ORCHARD TURN #B4-53 ION ORCHARD SINGAPORE 238801,A,na,na,na,postal_code,medium_needs_shop_unit_review
122,Imperial Treasure Fine Teochew Cuisine - Ion Orchard,"ION Orchard, #03-05, 2 Orchard Turn, Singapore 238801",238801,Asian|Chinese|Teochew,1,4.1,HK WONTON PTE. LTD.,CE12F58A000,2 ORCHARD TURN #B4-54 SINGAPORE 238801,A,na,na,na,postal_code,medium_needs_shop_unit_review
122,Imperial Treasure Fine Teochew Cuisine - Ion Orchard,"ION Orchard, #03-05, 2 Orchard Turn, Singapore 238801",238801,Asian|Chinese|Teochew,1,4.1,YCP RETAILING SEA PTE. LTD.,CE12F44L000,2 ORCHARD TURN #B4-57 SINGAPORE 238801,A,na,na,na,postal_code,medium_needs_shop_unit_review
122,Imperial Treasure Fine Teochew Cuisine - Ion Orchard,"ION Orchard, #03-05, 2 Orchard Turn, Singapore 238801",238801,Asian|Chinese|Teochew,1,4.1,CRAVE FOODS PTE. LTD.,CE12238V000,2 ORCHARD TURN #B4-58/59 ION ORCHARD SINGAPORE 238801,A,na,na,na,postal_code,medium_needs_shop_unit_review
122,Imperial Treasure Fine Teochew Cuisine - Ion Orchard,"ION Orchard, #03-05, 2 Orchard Turn, Singapore 238801",238801,Asian|Chinese|Teochew,1,4.1,GIMME4FINGERS ION PTE. LTD.,CE11O09P000,2 ORCHARD TURN #B4-06 ION ORCHARD SINGAPORE 238801,A,na,na,na,postal_code,medium_needs_shop_unit_review
122,Imperial Treasure Fine Teochew Cuisine - Ion Orchard,"ION Orchard, #03-05, 2 Orchard Turn, Singapore 238801",238801,Asian|Chinese|Teochew,1,4.1,MIGOTO FOOD WORKS PTE LTD,CE11L37C000,2 ORCHARD TURN #04-11A & #05-01 ION ORCHARD SINGAPORE 238801,A,na,na,na,postal_code,medium_needs_shop_unit_review
122,Imperial Treasure Fine Teochew Cuisine - Ion Orchard,"ION Orchard, #03-05, 2 Orchard Turn, Singapore 238801",238801,Asian|Chinese|Teochew,1,4.1,PARADISE DYNASTY PTE. LTD.,CE11K45K000,2 ORCHARD TURN #04-12A ION ORCHARD SINGAPORE 238801,A,na,na,na,postal_code,medium_needs_shop_unit_review
122,Imperial Treasure Fine Teochew Cuisine - Ion Orchard,"ION Orchard, #03-05, 2 Orchard Turn, Singapore 238801",238801,Asian|Chinese|Teochew,1,4.1,PINEDALE TRADING PTE LTD,CE10I06A000,2 ORCHARD TURN #04-27/32 ION ORCHARD SINGAPORE 238801,A,na,na,na,postal_code,medium_needs_shop_unit_review
122,Imperial Treasure Fine Teochew Cuisine - Ion Orchard,"ION Orchard, #03-05, 2 Orchard Turn, Singapore 238801",238801,Asian|Chinese|Teochew,1,4.1,SALT SINGAPORE PTE. LTD.,CE10E40V000,2 ORCHARD TURN #55-01 ION ORCHARD SINGAPORE 238801,A,na,na,na,postal_code,medium_needs_shop_unit_review
122,Imperial Treasure Fine Teochew Cuisine - Ion Orchard,"ION Orchard, #03-05, 2 Orchard Turn, Singapore 238801",238801,Asian|Chinese|Teochew,1,4.1,AWFULLY CHOCOLATE PTE LTD,CE10C23L000,2 ORCHARD TURN #B4-50 ION ORCHARD SINGAPORE 238801,na,na,na,na,postal_code,medium_needs_shop_unit_review
122,Imperial Treasure Fine Teochew Cuisine - Ion Orchard,"ION Orchard, #03-05, 2 Orchard Turn, Singapore 238801",238801,Asian|Chinese|Teochew,1,4.1,PU TIEN RESTAURANT PTE LTD,CE10A83A000,2 ORCHARD TURN #04-12 ION ORCHARD SINGAPORE 238801,A,na,na,na,postal_code,medium_needs_shop_unit_review
122,Imperial Treasure Fine Teochew Cuisine - Ion Orchard,"ION Orchard, #03-05, 2 Orchard Turn, Singapore 238801",238801,Asian|Chinese|Teochew,1,4.1,KOI CAFE GROUP (S) PTE. LTD.,CE10707V000,2 ORCHARD TURN #B4-35 ION ORCHARD SINGAPORE 238801,A,na,na,na,postal_code,medium_needs_shop_unit_review
122,Imperial Treasure Fine Teochew Cuisine - Ion Orchard,"ION Orchard, #03-05, 2 Orchard Turn, Singapore 238801",238801,Asian|Chinese|Teochew,1,4.1,BAKE CONFECTIONERY PTE LTD,CE09O37V000,2 ORCHARD TURN #B4-33 ION ORCHARD SINGAPORE 238801,na,na,na,na,postal_code,medium_needs_shop_unit_review
122,Imperial Treasure Fine Teochew Cuisine - Ion Orchard,"ION Orchard, #03-05, 2 Orchard Turn, Singapore 238801",238801,Asian|Chinese|Teochew,1,4.1,THE BAKERY DEPOT PTE LTD,CE09H28V000,2 ORCHARD TURN #B4-55 ION ORCHARD SINGAPORE 238801,A,na,na,na,postal_code,medium_needs_shop_unit_review
122,Imperial Treasure Fine Teochew Cuisine - Ion Orchard,"ION Orchard, #03-05, 2 Orchard Turn, Singapore 238801",238801,Asian|Chinese|Teochew,1,4.1,SAVEUR PTE LTD,CE09E79P000,2 ORCHARD TURN #04-11 ION ORCHARD SINGAPORE 238801,A,na,na,na,postal_code,medium_needs_shop_unit_review
122,Imperial Treasure Fine Teochew Cuisine - Ion Orchard,"ION Orchard, #03-05, 2 Orchard Turn, Singapore 238801",238801,Asian|Chinese|Teochew,1,4.1,VONS DESSERT PTE. LTD.,CE09D70X000,2 ORCHARD TURN #B4-34 ION ORCHARD SINGAPORE 238801,A,na,na,na,postal_code,medium_needs_shop_unit_review
122,Imperial Treasure Fine Teochew Cuisine - Ion Orchard,"ION Orchard, #03-05, 2 Orchard Turn, Singapore 238801",238801,Asian|Chinese|Teochew,1,4.1,MARMALADE PTE LTD,CE09C80V000,2 ORCHARD TURN #03-28/34 ION ORCHARD SINGAPORE 238801,A,na,na,na,postal_code,medium_needs_shop_unit_review
122,Imperial Treasure Fine Teochew Cuisine - Ion Orchard,"ION Orchard, #03-05, 2 Orchard Turn, Singapore 238801",238801,Asian|Chinese|Teochew,1,4.1,YA KUN CAFE PTE. LTD.,CE09C52E000,2 ORCHARD TURN #B4-71/72 ION ORCHARD SINGAPORE 238801,A,na,na,na,postal_code,medium_needs_shop_unit_review
122,Imperial Treasure Fine Teochew Cuisine - Ion Orchard,"ION Orchard, #03-05, 2 Orchard Turn, Singapore 238801",238801,Asian|Chinese|Teochew,1,4.1,LIM CHEE GUAN PTE LTD,CE09C26K000,2 ORCHARD TURN #B4-37 ION ORCHARD SINGAPORE 238801,na,na,na,na,postal_code,medium_needs_shop_unit_review
122,Imperial Treasure Fine Teochew Cuisine - Ion Orchard,"ION Orchard, #03-05, 2 Orchard Turn, Singapore 238801",238801,Asian|Chinese|Teochew,1,4.1,THE SOUP SPOON PTE LTD,CE09B75V000,2 ORCHARD TURN #B4-67/68 ION ORCHARD SINGAPORE 238801,A,na,na,na,postal_code,medium_needs_shop_unit_review
122,Imperial Treasure Fine Teochew Cuisine - Ion Orchard,"ION Orchard, #03-05, 2 Orchard Turn, Singapore 238801",238801,Asian|Chinese|Teochew,1,4.1,IMPERIAL TREASURE NOODLE HOUSE PTE. LTD.,CE09B70J000,2 ORCHARD TURN #B3-17 ION ORCHARD SINGAPORE 238801,A,na,na,na,postal_code,medium_needs_shop_unit_review
122,Imperial Treasure Fine Teochew Cuisine - Ion Orchard,"ION Orchard, #03-05, 2 Orchard Turn, Singapore 238801",238801,Asian|Chinese|Teochew,1,4.1,RITZ ISLAND PTE. LTD.,CE09B69P000,2 ORCHARD TURN #B4-70 ION ORCHARD SINGAPORE 238801,A,na,na,na,postal_code,medium_needs_shop_unit_review
122,Imperial Treasure Fine Teochew Cuisine - Ion Orchard,"ION Orchard, #03-05, 2 Orchard Turn, Singapore 238801",238801,Asian|Chinese|Teochew,1,4.1,FEI SIONG FOOD MANAGEMENT (JV) PTE LTD,CE09B38J000,2 ORCHARD TURN #B4-66 ION ORCHARD SINGAPORE 238801,A,na,na,na,postal_code,medium_needs_shop_unit_review
122,Imperial Treasure Fine Teochew Cuisine - Ion Orchard,"ION Orchard, #03-05, 2 Orchard Turn, Singapore 238801",238801,Asian|Chinese|Teochew,1,4.1,KDM GROUP PTE. LTD.,CE09B30B000,2 ORCHARD TURN #B3-22 ION ORCHARD SINGAPORE 238801,A,na,na,na,postal_code,medium_needs_shop_unit_review
122,Imperial Treasure Fine Teochew Cuisine - Ion Orchard,"ION Orchard, #03-05, 2 Orchard Turn, Singapore 238801",238801,Asian|Chinese|Teochew,1,4.1,BREADTALK PTE LTD,CE09B21C000,2 ORCHARD TURN #B4-03/04 ION ORCHARD(MR3) SINGAPORE 238801,A,na,na,na,postal_code,medium_needs_shop_unit_review
122,Imperial Treasure Fine Teochew Cuisine - Ion Orchard,"ION Orchard, #03-05, 2 Orchard Turn, Singapore 238801",238801,Asian|Chinese|Teochew,1,4.1,KATRINA HOLDINGS PTE LTD,CE09B12E000,2 ORCHARD TURN #B3-24 ION ORCHARD SINGAPORE 238801,A,na,na,na,postal_code,medium_needs_shop_unit_review
122,Imperial Treasure Fine Teochew Cuisine - Ion Orchard,"ION Orchard, #03-05, 2 Orchard Turn, Singapore 238801",238801,Asian|Chinese|Teochew,1,4.1,FARREL FOODIE PTE. LTD.,CE09B05C000,2 ORCHARD TURN #B4-61 ION ORCHARD SINGAPORE 238801,A,na,na,na,postal_code,medium_needs_shop_unit_review
122,Imperial Treasure Fine Teochew Cuisine - Ion Orchard,"ION Orchard, #03-05, 2 Orchard Turn, Singapore 238801",238801,Asian|Chinese|Teochew,1,4.1,BENGAWAN SOLO PTE LTD,CE09B03J000,2 ORCHARD TURN #B4-38 ION ORCHARD SINGAPORE 238801,A,na,na,na,postal_code,medium_needs_shop_unit_review
122,Imperial Treasure Fine Teochew Cuisine - Ion Orchard,"ION Orchard, #03-05, 2 Orchard Turn, Singapore 238801",238801,Asian|Chinese|Teochew,1,4.1,ABR HOLDINGS LIMITED,CE09A95X000,2 ORCHARD TURN #B1-31 ION ORCHARD SINGAPORE 238801,A,na,na,na,postal_code,medium_needs_shop_unit_review
122,Imperial Treasure Fine Teochew Cuisine - Ion Orchard,"ION Orchard, #03-05, 2 Orchard Turn, Singapore 238801",238801,Asian|Chinese|Teochew,1,4.1,ORIGINAL HOCK LAM STREET BEEF KWAY TEOW PTE. LTD.,CE09A93A000,2 ORCHARD TURN #B3-18 ION ORCHARD SINGAPORE 238801,A,na,na,na,postal_code,medium_needs_shop_unit_review
122,Imperial Treasure Fine Teochew Cuisine - Ion Orchard,"ION Orchard, #03-05, 2 Orchard Turn, Singapore 238801",238801,Asian|Chinese|Teochew,1,4.1,TEN & HAN TRADING PTE LTD,CE09A86V000,2 ORCHARD TURN #B4-36 ION ORCHARD SINGAPORE 238801,A,na,na,na,postal_code,medium_needs_shop_unit_review
122,Imperial Treasure Fine Teochew Cuisine - Ion Orchard,"ION Orchard, #03-05, 2 Orchard Turn, Singapore 238801",238801,Asian|Chinese|Teochew,1,4.1,IMPERIAL TREASURE STEAMBOAT PTE. LTD.,CE09A67C000,2 ORCHARD TURN #04-09/10 ION ORCHARD SINGAPORE 238801,A,na,na,na,postal_code,medium_needs_shop_unit_review
122,Imperial Treasure Fine Teochew Cuisine - Ion Orchard,"ION Orchard, #03-05, 2 Orchard Turn, Singapore 238801",238801,Asian|Chinese|Teochew,1,4.1,SIMPLY WRAPPS ION PTE. LTD.,CE09A34A000,2 ORCHARD TURN #B4-30 ION ORCHARD SINGAPORE 238801,A,na,na,na,postal_code,medium_needs_shop_unit_review
122,Imperial Treasure Fine Teochew Cuisine - Ion Orchard,"ION Orchard, #03-05, 2 Orchard Turn, Singapore 238801",238801,Asian|Chinese|Teochew,1,4.1,SHINISE INTERNATIONAL PTE. LTD.,CE09A08C000,2 ORCHARD TURN #B4-39/42 ION ORCHARD SINGAPORE 238801,A,na,na,na,postal_code,medium_needs_shop_unit_review
122,Imperial Treasure Fine Teochew Cuisine - Ion Orchard,"ION Orchard, #03-05, 2 Orchard Turn, Singapore 238801",238801,Asian|Chinese|Teochew,1,4.1,SARIKA CONNOISSUER CAF? PTE LTD,CE09997V000,2 ORCHARD TURN #B2-49 ION ORCHARD SINGAPORE 238801,A,na,na,na,postal_code,medium_needs_shop_unit_review
122,Imperial Treasure Fine Teochew Cuisine - Ion Orchard,"ION Orchard, #03-05, 2 Orchard Turn, Singapore 238801",238801,Asian|Chinese|Teochew,1,4.1,THE COFFEE BEAN & TEA LEAF (SINGAPORE) PTE LTD,CE09996A000,2 ORCHARD TURN #B1-12 ION ORCHARD SINGAPORE 238801,A,na,na,na,postal_code,medium_needs_shop_unit_review
122,Imperial Treasure Fine Teochew Cuisine - Ion Orchard,"ION Orchard, #03-05, 2 Orchard Turn, Singapore 238801",238801,Asian|Chinese|Teochew,1,4.1,STARBUCKS COFFEE SINGAPORE PTE. LTD.,CE09985E000,2 ORCHARD TURN #B3-59 ION ORCHARD SINGAPORE 238801,A,na,na,na,postal_code,medium_needs_shop_unit_review
122,Imperial Treasure Fine Teochew Cuisine - Ion Orchard,"ION Orchard, #03-05, 2 Orchard Turn, Singapore 238801",238801,Asian|Chinese|Teochew,1,4.1,SHABESTAN PTE. LTD.,CE09981N000,2 ORCHARD TURN #B4-64 ION ORCHARD SINGAPORE 238801,A,na,na,na,postal_code,medium_needs_shop_unit_review
122,Imperial Treasure Fine Teochew Cuisine - Ion Orchard,"ION Orchard, #03-05, 2 Orchard Turn, Singapore 238801",238801,Asian|Chinese|Teochew,1,4.1,TWG TEA COMPANY PTE. LTD.,CE09925J000,2 ORCHARD TURN #02-20 ION ORCHARD SINGAPORE 238801,A,na,na,na,postal_code,medium_needs_shop_unit_review
122,Imperial Treasure Fine Teochew Cuisine - Ion Orchard,"ION Orchard, #03-05, 2 Orchard Turn, Singapore 238801",238801,Asian|Chinese|Teochew,1,4.1,D&N SINGAPORE PTE. LTD.,CE09891P000,2 ORCHARD TURN #B3-25/26 ION ORCHARD SINGAPORE 238801,A,na,na,na,postal_code,medium_needs_shop_unit_review
122,Imperial Treasure Fine Teochew Cuisine - Ion Orchard,"ION Orchard, #03-05, 2 Orchard Turn, Singapore 238801",238801,Asian|Chinese|Teochew,1,4.1,MSJ GOURMET GROUP PTE. LTD.,CE09830V000,2 ORCHARD TURN #B3-19 ION ORCHARD SINGAPORE 238801,A,na,na,na,postal_code,medium_needs_shop_unit_review
122,Imperial Treasure Fine Teochew Cuisine - Ion Orchard,"ION Orchard, #03-05, 2 Orchard Turn, Singapore 238801",238801,Asian|Chinese|Teochew,1,4.1,ITACHO PTE. LTD.,CE09828J000,2 ORCHARD TURN #B3-20 ION ORCHARD SINGAPORE 238801,A,na,na,na,postal_code,medium_needs_shop_unit_review
122,Imperial Treasure Fine Teochew Cuisine - Ion Orchard,"ION Orchard, #03-05, 2 Orchard Turn, Singapore 238801",238801,Asian|Chinese|Teochew,1,4.1,LUK YU RESTAURANT & TEAHOUSE PTE. LTD.,CE09724A000,2 ORCHARD TURN #B4-03/04 (#B4-03A) ION ORCHARD SINGAPORE 238801,A,na,na,na,postal_code,medium_needs_shop_unit_review
122,Imperial Treasure Fine Teochew Cuisine - Ion Orchard,"ION Orchard, #03-05, 2 Orchard Turn, Singapore 238801",238801,Asian|Chinese|Teochew,1,4.1,WATAMI FOOD SERVICE SINGAPORE PTE. LTD.,CE09675E000,2 ORCHARD TURN #B3-23 ION ORCHARD SINGAPORE 238801,A,na,na,na,postal_code,medium_needs_shop_unit_review
122,Imperial Treasure Fine Teochew Cuisine - Ion Orchard,"ION Orchard, #03-05, 2 Orchard Turn, Singapore 238801",238801,Asian|Chinese|Teochew,1,4.1,TASTE PARADISE @ ION PTE. LTD.,CE09656L000,2 ORCHARD TURN #04-07 ION ORCHARD SINGAPORE 238801,A,na,na,na,postal_code,medium_needs_shop_unit_review
122,Imperial Treasure Fine Teochew Cuisine - Ion Orchard,"ION Orchard, #03-05, 2 Orchard Turn, Singapore 238801",238801,Asian|Chinese|Teochew,1,4.1,FOOD REPUBLIC PTE. LTD.,CE09266K000,2 ORCHARD TURN #B4-03/04 ION ORCHARD SINGAPORE 238801,na,na,na,na,postal_code,medium_needs_shop_unit_review
122,Imperial Treasure Fine Teochew Cuisine - Ion Orchard,"ION Orchard, #03-05, 2 Orchard Turn, Singapore 238801",238801,Asian|Chinese|Teochew,1,4.1,FOOD REPUBLIC PTE. LTD.,CE09266K025,2 ORCHARD TURN #B4-03/04 ION ORCHARD SINGAPORE 238801,na,na,na,na,postal_code,medium_needs_shop_unit_review
122,Imperial Treasure Fine Teochew Cuisine - Ion Orchard,"ION Orchard, #03-05, 2 Orchard Turn, Singapore 238801",238801,Asian|Chinese|Teochew,1,4.1,XI DE LI (ION) PTE. LTD.,CE09266K023,2 ORCHARD TURN #B4-03/04 ION ORCHARD SINGAPORE 238801,na,na,na,na,postal_code,medium_needs_shop_unit_review
122,Imperial Treasure Fine Teochew Cuisine - Ion Orchard,"ION Orchard, #03-05, 2 Orchard Turn, Singapore 238801",238801,Asian|Chinese|Teochew,1,4.1,QIU LIAN BAN MEE PTE LTD,CE09266K022,2 ORCHARD TURN #B4-03/04 ION ORCHARD SINGAPORE 238801,na,na,na,na,postal_code,medium_needs_shop_unit_review
122,Imperial Treasure Fine Teochew Cuisine - Ion Orchard,"ION Orchard, #03-05, 2 Orchard Turn, Singapore 238801",238801,Asian|Chinese|Teochew,1,4.1,FOOD REPUBLIC PTE. LTD.,CE09266K021,2 ORCHARD TURN #B4-03/04 ION ORCHARD SINGAPORE 238801,na,na,na,na,postal_code,medium_needs_shop_unit_review
122,Imperial Treasure Fine Teochew Cuisine - Ion Orchard,"ION Orchard, #03-05, 2 Orchard Turn, Singapore 238801",238801,Asian|Chinese|Teochew,1,4.1,YONG LI F&B PTE. LTD.,CE09266K020,2 ORCHARD TURN #B4-03/04 ION ORCHARD SINGAPORE 238801,na,na,na,na,postal_code,medium_needs_shop_unit_review
122,Imperial Treasure Fine Teochew Cuisine - Ion Orchard,"ION Orchard, #03-05, 2 Orchard Turn, Singapore 238801",238801,Asian|Chinese|Teochew,1,4.1,LAM'S (SINGAPORE) CULINARY ENTERPRISE PTE. LTD.,CE09266K019,2 ORCHARD TURN #B4-03/04 ION ORCHARD SINGAPORE 238801,na,na,na,na,postal_code,medium_needs_shop_unit_review
122,Imperial Treasure Fine Teochew Cuisine - Ion Orchard,"ION Orchard, #03-05, 2 Orchard Turn, Singapore 238801",238801,Asian|Chinese|Teochew,1,4.1,BANGKOK GEM PTE. LTD.,CE09266K018,2 ORCHARD TURN #B4-03/04 ION ORCHARD SINGAPORE 238801,na,na,na,na,postal_code,medium_needs_shop_unit_review
122,Imperial Treasure Fine Teochew Cuisine - Ion Orchard,"ION Orchard, #03-05, 2 Orchard Turn, Singapore 238801",238801,Asian|Chinese|Teochew,1,4.1,SUHA FOOD PTE. LTD.,CE09266K017,2 ORCHARD TURN #B4-03/04 ION ORCHARD SINGAPORE 238801,na,na,na,na,postal_code,medium_needs_shop_unit_review
122,Imperial Treasure Fine Teochew Cuisine - Ion Orchard,"ION Orchard, #03-05, 2 Orchard Turn, Singapore 238801",238801,Asian|Chinese|Teochew,1,4.1,SFBI (ASIA-PACIFIC) PTE. LTD.,CE09266K016,2 ORCHARD TURN #B4-03/04 ION ORCHARD SINGAPORE 238801,na,na,na,na,postal_code,medium_needs_shop_unit_review
122,Imperial Treasure Fine Teochew Cuisine - Ion Orchard,"ION Orchard, #03-05, 2 Orchard Turn, Singapore 238801",238801,Asian|Chinese|Teochew,1,4.1,RS INDO PTE. LTD.,CE09266K015,2 ORCHARD TURN #B4-03/04 ION ORCHARD SINGAPORE 238801,na,na,na,na,postal_code,medium_needs_shop_unit_review
122,Imperial Treasure Fine Teochew Cuisine - Ion Orchard,"ION Orchard, #03-05, 2 Orchard Turn, Singapore 238801",238801,Asian|Chinese|Teochew,1,4.1,GUAN CHEE HONG KONG ROASTED DUCK PTE. LTD.,CE09266K014,2 ORCHARD TURN #B4-03/04 ION ORCHARD SINGAPORE 238801,A,na,na,na,postal_code,medium_needs_shop_unit_review
122,Imperial Treasure Fine Teochew Cuisine - Ion Orchard,"ION Orchard, #03-05, 2 Orchard Turn, Singapore 238801",238801,Asian|Chinese|Teochew,1,4.1,JIA JIA LE CUISINE F & B PTE. LTD.,CE09266K012,2 ORCHARD TURN #B4-03/04 ION ORCHARD SINGAPORE 238801,na,na,na,na,postal_code,medium_needs_shop_unit_review
122,Imperial Treasure Fine Teochew Cuisine - Ion Orchard,"ION Orchard, #03-05, 2 Orchard Turn, Singapore 238801",238801,Asian|Chinese|Teochew,1,4.1,WEN WEN FOOD TRADING PTE. LTD.,CE09266K011,2 ORCHARD TURN #B4-03/04 ION ORCHARD SINGAPORE 238801,A,na,na,na,postal_code,medium_needs_shop_unit_review
122,Imperial Treasure Fine Teochew Cuisine - Ion Orchard,"ION Orchard, #03-05, 2 Orchard Turn, Singapore 238801",238801,Asian|Chinese|Teochew,1,4.1,JAVA KITCHEN PTE. LTD.,CE09266K010,2 ORCHARD TURN #B4-03/04 ION ORCHARD SINGAPORE 238801,A,na,na,na,postal_code,medium_needs_shop_unit_review
122,Imperial Treasure Fine Teochew Cuisine - Ion Orchard,"ION Orchard, #03-05, 2 Orchard Turn, Singapore 238801",238801,Asian|Chinese|Teochew,1,4.1,GUAN CHEE KITCHEN (ORCHARD) PTE. LTD.,CE09266K009,2 ORCHARD TURN #B4-03/04 ION ORCHARD SINGAPORE 238801,A,na,na,na,postal_code,medium_needs_shop_unit_review
122,Imperial Treasure Fine Teochew Cuisine - Ion Orchard,"ION Orchard, #03-05, 2 Orchard Turn, Singapore 238801",238801,Asian|Chinese|Teochew,1,4.1,THYE HONG EATERIES PTE. LTD.,CE09266K007,2 ORCHARD TURN #B4-03/04 ION ORCHARD SINGAPORE 238801,A,na,na,na,postal_code,medium_needs_shop_unit_review
122,Imperial Treasure Fine Teochew Cuisine - Ion Orchard,"ION Orchard, #03-05, 2 Orchard Turn, Singapore 238801",238801,Asian|Chinese|Teochew,1,4.1,FOOD REPUBLIC PTE. LTD.,CE09266K006,2 ORCHARD TURN #B4-03/04 ION ORCHARD SINGAPORE 238801,A,na,na,na,postal_code,medium_needs_shop_unit_review
122,Imperial Treasure Fine Teochew Cuisine - Ion Orchard,"ION Orchard, #03-05, 2 Orchard Turn, Singapore 238801",238801,Asian|Chinese|Teochew,1,4.1,LI XIN (1968) @ ION PTE. LTD.,CE09266K005,2 ORCHARD TURN #B4-03/04 ION ORCHARD SINGAPORE 238801,A,na,na,na,postal_code,medium_needs_shop_unit_review
122,Imperial Treasure Fine Teochew Cuisine - Ion Orchard,"ION Orchard, #03-05, 2 Orchard Turn, Singapore 238801",238801,Asian|Chinese|Teochew,1,4.1,GOOD LUCK BBQ PTE. LTD.,CE09266K004,2 ORCHARD TURN #B4-03/04 ION ORCHARD SINGAPORE 238801,A,na,na,na,postal_code,medium_needs_shop_unit_review
122,Imperial Treasure Fine Teochew Cuisine - Ion Orchard,"ION Orchard, #03-05, 2 Orchard Turn, Singapore 238801",238801,Asian|Chinese|Teochew,1,4.1,AH YAT ABALONE FORUM RESTAURANT HOLDINGS PTE LTD,CE09266K003,2 ORCHARD TURN #B4-03/04 ION ORCHARD SINGAPORE 238801,A,na,na,na,postal_code,medium_needs_shop_unit_review
122,Imperial Treasure Fine Teochew Cuisine - Ion Orchard,"ION Orchard, #03-05, 2 Orchard Turn, Singapore 238801",238801,Asian|Chinese|Teochew,1,4.1,GUAN CHEE KITCHEN (ORCHARD) PTE. LTD.,CE09266K002,2 ORCHARD TURN #B4-03/04 ION ORCHARD SINGAPORE 238801,A,na,na,na,postal_code,medium_needs_shop_unit_review
56,Claudine Restaurant,"39C Harding Road, Singapore 249541",249541,European|French,0,4.4,THE WHITE RABBIT PTE. LTD.,CE08893V000,39C HARDING ROAD SINGAPORE 249541,A,na,na,na,postal_code,medium_needs_shop_unit_review
35,Zén,"41 Bukit Pasoh Rd, Singapore 089855",089855,Asian|Contemporary|European|French|Fusion|Japanese,3,4.5,RESTAURANT PAR ANDRE PTE. LTD.,CE07386L000,41 BUKIT PASOH ROAD 1ST 2ND & 3RD LEVEL SINGAPORE 089855,A,na,na,na,postal_code,medium_needs_shop_unit_review
32,Shoukouwa,"1 Fullerton Road, #02-02A One Fullerton, Singapore 049213",049213,Asian|Japanese|Omakase,2,4.6,DELICIAE HOSPITALITY MANAGEMENT PTE. LTD.,CE08861N000,1 FULLERTON ROAD #02-06 ONE FULLERTON SINGAPORE 049213,A,na,na,na,postal_code,medium_needs_shop_unit_review
32,Shoukouwa,"1 Fullerton Road, #02-02A One Fullerton, Singapore 049213",049213,Asian|Japanese|Omakase,2,4.6,OVER EASY PTE. LTD.,W01237X000,1 FULLERTON ROAD #01-06 SINGAPORE 049213,A,na,na,na,postal_code,medium_needs_shop_unit_review
32,Shoukouwa,"1 Fullerton Road, #02-02A One Fullerton, Singapore 049213",049213,Asian|Japanese|Omakase,2,4.6,PALM BEACH SEAFOOD RESTAURANT PTE LTD,W01167L000,1 FULLERTON ROAD #01-09 ONE FULLERTON SINGAPORE 049213,A,na,na,na,postal_code,medium_needs_shop_unit_review
32,Shoukouwa,"1 Fullerton Road, #02-02A One Fullerton, Singapore 049213",049213,Asian|Japanese|Omakase,2,4.6,TORI-TAMA HOLDINGS PTE. LTD.,W01146A000,1 FULLERTON ROAD #01-05 SINGAPORE 049213,A,na,na,na,postal_code,medium_needs_shop_unit_review
32,Shoukouwa,"1 Fullerton Road, #02-02A One Fullerton, Singapore 049213",049213,Asian|Japanese|Omakase,2,4.6,STARBUCKS COFFEE SINGAPORE PTE. LTD.,W00261C000,1 FULLERTON ROAD #01-04 FULLERTON SQUARE SINGAPORE 049213,A,na,na,na,postal_code,medium_needs_shop_unit_review
32,Shoukouwa,"1 Fullerton Road, #02-02A One Fullerton, Singapore 049213",049213,Asian|Japanese|Omakase,2,4.6,USQUBA SINGAPORE PTE. LTD.,CE16749X000,1 FULLERTON ROAD #02-3B/04 ONE FULLERTON SINGAPORE 049213,na,na,na,na,postal_code,medium_needs_shop_unit_review
32,Shoukouwa,"1 Fullerton Road, #02-02A One Fullerton, Singapore 049213",049213,Asian|Japanese|Omakase,2,4.6,SHOUKOUWA RESTAURANT PTE. LTD.,CE16369L000,1 FULLERTON ROAD #02-02A ONE FULLERTON SINGAPORE 049213,A,na,na,na,postal_code,medium_needs_shop_unit_review
32,Shoukouwa,"1 Fullerton Road, #02-02A One Fullerton, Singapore 049213",049213,Asian|Japanese|Omakase,2,4.6,SAINT PIERRE PTE LTD,CE16292V000,1 FULLERTON ROAD #02-02B ONE FULLERTON SINGAPORE 049213,A,na,na,na,postal_code,medium_needs_shop_unit_review
32,Shoukouwa,"1 Fullerton Road, #02-02A One Fullerton, Singapore 049213",049213,Asian|Japanese|Omakase,2,4.6,LADY M SINGAPORE PTE. LTD.,CE08F62N000,1 FULLERTON ROAD #01-10 ONE FULLERTON SINGAPORE 049213,A,na,na,na,postal_code,medium_needs_shop_unit_review
57,Miyu,"74 Duxton Road, Singapore 089533",089533,Asian|Japanese|Omakase,0,4.7,OKAMEYA PTE. LTD.,CE08965A000,74 DUXTON ROAD SINGAPORE 089533,A,na,na,na,postal_code,medium_needs_shop_unit_review
27,Jaan by Kirk Westaway,"Level 70, Swissôtel The Stamford, 2 Stamford Rd, Singapore 178882",178882,British|Contemporary,2,4.6,RC HOTELS (PTE.) LTD,W92112K000,2 STAMFORD ROAD WESTIN PLAZA AND STAMFORD RAFFLES KITCHEN LEVEL 4 SINGAPORE 178882,A,na,na,na,postal_code,medium_needs_shop_unit_review
27,Jaan by Kirk Westaway,"Level 70, Swissôtel The Stamford, 2 Stamford Rd, Singapore 178882",178882,British|Contemporary,2,4.6,RC HOTELS (PTE.) LTD,W92111L000,2 STAMFORD ROAD WESTIN PLAZA AND STAMFORD RC HOTEL LEVEL 4 SINGAPORE 178882,A,na,na,na,postal_code,medium_needs_shop_unit_review
27,Jaan by Kirk Westaway,"Level 70, Swissôtel The Stamford, 2 Stamford Rd, Singapore 178882",178882,British|Contemporary,2,4.6,RC HOTELS (PTE.) LTD,W92110N000,2 STAMFORD ROAD RAFFLES THE PLAZA - (PLAZA MEETING ROOM) SINGAPORE 178882,A,na,na,na,postal_code,medium_needs_shop_unit_review
27,Jaan by Kirk Westaway,"Level 70, Swissôtel The Stamford, 2 Stamford Rd, Singapore 178882",178882,British|Contemporary,2,4.6,RC HOTELS (PTE.) LTD,CE05683P000,2 STAMFORD ROAD (LEVEL 5) SWISSOTEL THE STAMFORD (COLD KITCHEN) SINGAPORE 178882,A,na,na,na,postal_code,medium_needs_shop_unit_review
27,Jaan by Kirk Westaway,"Level 70, Swissôtel The Stamford, 2 Stamford Rd, Singapore 178882",178882,British|Contemporary,2,4.6,RC HOTELS (PTE.) LTD,CE05681V000,2 STAMFORD ROAD (BASEMENT 2) SWISSOTEL THE STAMFORD (PRODUCTION KITCHEN) SINGAPORE 178882,A,na,na,na,postal_code,medium_needs_shop_unit_review
27,Jaan by Kirk Westaway,"Level 70, Swissôtel The Stamford, 2 Stamford Rd, Singapore 178882",178882,British|Contemporary,2,4.6,RC HOTELS (PTE.) LTD,W86050C000,2 STAMFORD ROAD #02-00 (KOPITIAM) SINGAPORE 178882,A,na,na,na,postal_code,medium_needs_shop_unit_review
27,Jaan by Kirk Westaway,"Level 70, Swissôtel The Stamford, 2 Stamford Rd, Singapore 178882",178882,British|Contemporary,2,4.6,RC HOTELS (PTE.) LTD,W85153A000,2 STAMFORD ROAD #03-00 (SZECHUAN COURT) SINGAPORE 178882,A,na,na,na,postal_code,medium_needs_shop_unit_review
27,Jaan by Kirk Westaway,"Level 70, Swissôtel The Stamford, 2 Stamford Rd, Singapore 178882",178882,British|Contemporary,2,4.6,RC HOTELS (PTE.) LTD,W85152B000,2 STAMFORD ROAD #03-00 (MIKUNI) SINGAPORE 178882,A,na,na,na,postal_code,medium_needs_shop_unit_review
27,Jaan by Kirk Westaway,"Level 70, Swissôtel The Stamford, 2 Stamford Rd, Singapore 178882",178882,British|Contemporary,2,4.6,RC HOTELS (PTE.) LTD,W85151C000,2 STAMFORD ROAD #01-00 (PREGO) SINGAPORE 178882,A,na,na,na,postal_code,medium_needs_shop_unit_review
27,Jaan by Kirk Westaway,"Level 70, Swissôtel The Stamford, 2 Stamford Rd, Singapore 178882",178882,British|Contemporary,2,4.6,RC HOTELS (PTE.) LTD,W85150E000,2 STAMFORD ROAD #02-00 ASIAN MARKET CAFE SINGAPORE 178882,A,na,na,na,postal_code,medium_needs_shop_unit_review
27,Jaan by Kirk Westaway,"Level 70, Swissôtel The Stamford, 2 Stamford Rd, Singapore 178882",178882,British|Contemporary,2,4.6,RC HOTELS (PTE.) LTD,W97423L000,2 STAMFORD ROAD WESTIN PLAZA AND STAMFORD 1ST STOREY INTROBAR SINGAPORE 178882,na,na,na,na,postal_code,medium_needs_shop_unit_review
27,Jaan by Kirk Westaway,"Level 70, Swissôtel The Stamford, 2 Stamford Rd, Singapore 178882",178882,British|Contemporary,2,4.6,RC HOTELS (PTE.) LTD,W86052A000,2 STAMFORD ROAD #01-00 (LOBBY COURT) SINGAPORE 178882,na,na,na,na,postal_code,medium_needs_shop_unit_review
27,Jaan by Kirk Westaway,"Level 70, Swissôtel The Stamford, 2 Stamford Rd, Singapore 178882",178882,British|Contemporary,2,4.6,RC HOTELS (PTE.) LTD,W86051B000,2 STAMFORD ROAD #02-00 (CAFE SWISS) SINGAPORE 178882,A,na,na,na,postal_code,medium_needs_shop_unit_review
27,Jaan by Kirk Westaway,"Level 70, Swissôtel The Stamford, 2 Stamford Rd, Singapore 178882",178882,British|Contemporary,2,4.6,RC HOTELS (PTE.) LTD,W86007K000,2 STAMFORD ROAD #08-00 (ALLIGATOR PEAR) SINGAPORE 178882,A,na,na,na,postal_code,medium_needs_shop_unit_review
27,Jaan by Kirk Westaway,"Level 70, Swissôtel The Stamford, 2 Stamford Rd, Singapore 178882",178882,British|Contemporary,2,4.6,RC HOTELS (PTE.) LTD,W03047K000,2 STAMFORD ROAD LEVEL 71 & 72 (EQUINOX) SINGAPORE 178882,na,na,na,na,postal_code,medium_needs_shop_unit_review
27,Jaan by Kirk Westaway,"Level 70, Swissôtel The Stamford, 2 Stamford Rd, Singapore 178882",178882,British|Contemporary,2,4.6,RC HOTELS (PTE.) LTD,W01328N000,2 STAMFORD ROAD 70TH STOREY EQUINOX (JAAN) SINGAPORE 178882,A,na,na,na,postal_code,medium_needs_shop_unit_review
27,Jaan by Kirk Westaway,"Level 70, Swissôtel The Stamford, 2 Stamford Rd, Singapore 178882",178882,British|Contemporary,2,4.6,RC HOTELS (PTE.) LTD,W01322C000,2 STAMFORD ROAD 70TH STOREY EQUINOX (CITY SPACE) SINGAPORE 178882,na,na,na,na,postal_code,medium_needs_shop_unit_review
27,Jaan by Kirk Westaway,"Level 70, Swissôtel The Stamford, 2 Stamford Rd, Singapore 178882",178882,British|Contemporary,2,4.6,RC HOTELS (PTE.) LTD,W00102K000,2 STAMFORD ROAD #08-00 (GAZEBO) SINGAPORE 178882,A,na,na,na,postal_code,medium_needs_shop_unit_review
27,Jaan by Kirk Westaway,"Level 70, Swissôtel The Stamford, 2 Stamford Rd, Singapore 178882",178882,British|Contemporary,2,4.6,WOOLOO PTE. LTD.,CE12Z65N000,2 STAMFORD ROAD #03-00 SINGAPORE 178882,A,na,na,na,postal_code,medium_needs_shop_unit_review
27,Jaan by Kirk Westaway,"Level 70, Swissôtel The Stamford, 2 Stamford Rd, Singapore 178882",178882,British|Contemporary,2,4.6,RC HOTELS (PTE.) LTD,CE05682X000,2 STAMFORD ROAD (BAKERY & PASTRY KITCHEN) SWISSOTEL THE STAMFORD (LEVEL 5) SINGAPORE 178882,na,na,na,na,postal_code,medium_needs_shop_unit_review
27,Jaan by Kirk Westaway,"Level 70, Swissôtel The Stamford, 2 Stamford Rd, Singapore 178882",178882,British|Contemporary,2,4.6,COMPASS GROUP (SINGAPORE) PTE. LTD.,CE05292P000,2 STAMFORD ROAD BASEMENT 2 SWISSOTEL THE STAMFORD SINGAPORE 178882,A,na,na,na,postal_code,medium_needs_shop_unit_review
26,Whitegrass,"30 Victoria Street, #01-26/27, CHIJMES, Singapore 187996",187996,European|French|Fusion|Japanese,1,4.7,CALDWELL DINING PTE. LTD.,W97450E000,30 VICTORIA STREET #01-26/27 CHIJMES SINGAPORE 187996,A,na,na,na,postal_code,medium_needs_shop_unit_review
26,Whitegrass,"30 Victoria Street, #01-26/27, CHIJMES, Singapore 187996",187996,European|French|Fusion|Japanese,1,4.7,BERLIN GROUP PTE. LTD.,W96337N000,30 VICTORIA STREET #B1-06 THE CHIJMES SINGAPORE 187996,A,na,na,na,postal_code,medium_needs_shop_unit_review
26,Whitegrass,"30 Victoria Street, #01-26/27, CHIJMES, Singapore 187996",187996,European|French|Fusion|Japanese,1,4.7,CARNIVORE BRAZILIAN CHURRASCARIA PTE. LTD.,W96301P000,30 VICTORIA STREET #01-30 CHIJMES SINGAPORE 187996,A,na,na,na,postal_code,medium_needs_shop_unit_review
26,Whitegrass,"30 Victoria Street, #01-26/27, CHIJMES, Singapore 187996",187996,European|French|Fusion|Japanese,1,4.7,DIMBULAH COFFEE (S) PTE LTD,W96300X000,30 VICTORIA STREET #01-17 CHIJMES SINGAPORE 187996,A,na,na,na,postal_code,medium_needs_shop_unit_review
26,Whitegrass,"30 Victoria Street, #01-26/27, CHIJMES, Singapore 187996",187996,European|French|Fusion|Japanese,1,4.7,MADAM BUTTERFLY BAR & RESTAURANT PTE. LTD.,W96297X000,30 VICTORIA STREET #01-21/22 CHIJMES SINGAPORE 187996,B,na,na,na,postal_code,medium_needs_shop_unit_review
26,Whitegrass,"30 Victoria Street, #01-26/27, CHIJMES, Singapore 187996",187996,European|French|Fusion|Japanese,1,4.7,DINELIKE PTE. LTD.,W96177K000,30 VICTORIA STREET #01-19 CHIJMES SINGAPORE 187996,A,na,na,na,postal_code,medium_needs_shop_unit_review
26,Whitegrass,"30 Victoria Street, #01-26/27, CHIJMES, Singapore 187996",187996,European|French|Fusion|Japanese,1,4.7,LEI GARDEN RESTAURANT PTE LTD,W96120A000,30 VICTORIA STREET #01-24 CHIJMES SINGAPORE 187996,B,na,na,na,postal_code,medium_needs_shop_unit_review
26,Whitegrass,"30 Victoria Street, #01-26/27, CHIJMES, Singapore 187996",187996,European|French|Fusion|Japanese,1,4.7,REINS INTERNATIONAL (SINGAPORE) PTE. LTD.,W02235N000,30 VICTORIA STREET #01-01/02 CHIJMES SINGAPORE 187996,A,na,na,na,postal_code,medium_needs_shop_unit_review
26,Whitegrass,"30 Victoria Street, #01-26/27, CHIJMES, Singapore 187996",187996,European|French|Fusion|Japanese,1,4.7,KAAMA PTE. LTD.,W00054N000,30 VICTORIA STREET #B1-03/04 CHIJMES SINGAPORE 187996,na,na,na,na,postal_code,medium_needs_shop_unit_review
26,Whitegrass,"30 Victoria Street, #01-26/27, CHIJMES, Singapore 187996",187996,European|French|Fusion|Japanese,1,4.7,ADILICIOUS PRIVATE LIMITED,CE15G47V000,30 VICTORIA STREET #02-01B/C SINGAPORE 187996,A,na,na,na,postal_code,medium_needs_shop_unit_review
26,Whitegrass,"30 Victoria Street, #01-26/27, CHIJMES, Singapore 187996",187996,European|French|Fusion|Japanese,1,4.7,KAAMA PTE. LTD.,CE15904X000,30 VICTORIA STREET #B1-01 SINGAPORE 187996,A,na,na,na,postal_code,medium_needs_shop_unit_review
26,Whitegrass,"30 Victoria Street, #01-26/27, CHIJMES, Singapore 187996",187996,European|French|Fusion|Japanese,1,4.7,REKOOK SINGAPORE PTE. LTD.,CE15684C000,30 VICTORIA STREET #01-23 SINGAPORE 187996,A,na,na,na,postal_code,medium_needs_shop_unit_review
26,Whitegrass,"30 Victoria Street, #01-26/27, CHIJMES, Singapore 187996",187996,European|French|Fusion|Japanese,1,4.7,PRIME CUISINE PTE. LTD.,CE14Q45P000,30 VICTORIA STREET #B1-07 CHIJMES SINGAPORE 187996,A,na,na,na,postal_code,medium_needs_shop_unit_review
26,Whitegrass,"30 Victoria Street, #01-26/27, CHIJMES, Singapore 187996",187996,European|French|Fusion|Japanese,1,4.7,THE GAZEBO HOUSE PTE. LTD.,CE14O22V000,30 VICTORIA STREET #01-32 SINGAPORE 187996,A,na,na,na,postal_code,medium_needs_shop_unit_review
26,Whitegrass,"30 Victoria Street, #01-26/27, CHIJMES, Singapore 187996",187996,European|French|Fusion|Japanese,1,4.7,HIGHLANDER @ CHIJMES PTE. LTD.,CE14N72E000,30 VICTORIA STREET #B1-05 SINGAPORE 187996,A,na,na,na,postal_code,medium_needs_shop_unit_review
26,Whitegrass,"30 Victoria Street, #01-26/27, CHIJMES, Singapore 187996",187996,European|French|Fusion|Japanese,1,4.7,BULLETPROOF PTE. LTD.,CE14I84E000,30 VICTORIA STREET #01-33 SINGAPORE 187996,A,na,na,na,postal_code,medium_needs_shop_unit_review
26,Whitegrass,"30 Victoria Street, #01-26/27, CHIJMES, Singapore 187996",187996,European|French|Fusion|Japanese,1,4.7,Harry's International Pte Ltd,CE14I16J000,30 VICTORIA STREET #01-14 SINGAPORE 187996,A,na,na,na,postal_code,medium_needs_shop_unit_review
26,Whitegrass,"30 Victoria Street, #01-26/27, CHIJMES, Singapore 187996",187996,European|French|Fusion|Japanese,1,4.7,PLAN B VENTURES PTE. LTD.,CE14G04E000,30 VICTORIA STREET #01-20 CHIJMES SINGAPORE 187996,A,na,na,na,postal_code,medium_needs_shop_unit_review
26,Whitegrass,"30 Victoria Street, #01-26/27, CHIJMES, Singapore 187996",187996,European|French|Fusion|Japanese,1,4.7,AKINORI SINGAPORE PTE LTD,CE14D31X000,30 VICTORIA STREET #01-09 SINGAPORE 187996,A,na,na,na,postal_code,medium_needs_shop_unit_review
26,Whitegrass,"30 Victoria Street, #01-26/27, CHIJMES, Singapore 187996",187996,European|French|Fusion|Japanese,1,4.7,REINS INTERNATIONAL (SINGAPORE) PTE. LTD.,CE14C85X000,30 VICTORIA STREET #01-03/04 SINGAPORE 187996,A,na,na,na,postal_code,medium_needs_shop_unit_review
26,Whitegrass,"30 Victoria Street, #01-26/27, CHIJMES, Singapore 187996",187996,European|French|Fusion|Japanese,1,4.7,HAKATA GENYO-SHA PTE. LTD.,CE14961J000,30 VICTORIA STREET #01-07 SINGAPORE 187996,A,na,na,na,postal_code,medium_needs_shop_unit_review
26,Whitegrass,"30 Victoria Street, #01-26/27, CHIJMES, Singapore 187996",187996,European|French|Fusion|Japanese,1,4.7,TATSU TEPPANYAKI PTE. LTD.,CE14762X000,30 VICTORIA STREET #01-08 SINGAPORE 187996,A,na,na,na,postal_code,medium_needs_shop_unit_review
26,Whitegrass,"30 Victoria Street, #01-26/27, CHIJMES, Singapore 187996",187996,European|French|Fusion|Japanese,1,4.7,BREADTALK PTE LTD,CE14521C000,30 VICTORIA STREET #01-10 SINGAPORE 187996,A,na,na,na,postal_code,medium_needs_shop_unit_review
26,Whitegrass,"30 Victoria Street, #01-26/27, CHIJMES, Singapore 187996",187996,European|French|Fusion|Japanese,1,4.7,PAPRIKA & CUMIN PTE LTD,CE14190B000,30 VICTORIA STREET #01-15/16 SINGAPORE 187996,A,na,na,na,postal_code,medium_needs_shop_unit_review
26,Whitegrass,"30 Victoria Street, #01-26/27, CHIJMES, Singapore 187996",187996,European|French|Fusion|Japanese,1,4.7,THE SINGLE CASK PTE. LTD.,CE10M97C000,30 VICTORIA STREET #01-25 SINGAPORE 187996,A,na,na,na,postal_code,medium_needs_shop_unit_review
26,Whitegrass,"30 Victoria Street, #01-26/27, CHIJMES, Singapore 187996",187996,European|French|Fusion|Japanese,1,4.7,SHIROKIYA SINGAPORE PTE. LTD.,CE10L88L000,30 VICTORIA STREET #01-06 SINGAPORE 187996,A,na,na,na,postal_code,medium_needs_shop_unit_review
26,Whitegrass,"30 Victoria Street, #01-26/27, CHIJMES, Singapore 187996",187996,European|French|Fusion|Japanese,1,4.7,CORIANDER LEAF PTE LTD,CE05130E000,30 VICTORIA STREET #02-01 CHIJMES SINGAPORE 187996,A,na,na,na,postal_code,medium_needs_shop_unit_review
146,Province,"153 Joo Chiat Rd, Singapore 427431",427431,Asian|Contemporary|Southeast Asian,0,5.0,QUEK CHIN HUA,SE14247L000,153 JOO CHIAT ROAD #01-01 SINGAPORE 427431,B,na,na,na,postal_code,medium_needs_shop_unit_review
131,Wah Lok,"76 Bras Basah Rd, Singapore 189558",189558,Asian|Cantonese|Chinese,0,4.3,CARLTON HOTEL (SINGAPORE) PTE LTD?,CE10739C000,76 BRAS BASAH ROAD CARLTON HOTEL (SATELLITE KITCHEN LEVEL 2) SINGAPORE 189558,A,na,na,na,postal_code,medium_needs_shop_unit_review
131,Wah Lok,"76 Bras Basah Rd, Singapore 189558",189558,Asian|Cantonese|Chinese,0,4.3,CARLTON HOTEL (SINGAPORE) PTE LTD?,W88037C000,76 BRAS BASAH ROAD #02-00 CARLTON HOTEL SINGAPORE 189558,A,na,na,na,postal_code,medium_needs_shop_unit_review
131,Wah Lok,"76 Bras Basah Rd, Singapore 189558",189558,Asian|Cantonese|Chinese,0,4.3,CARLTON HOTEL (SINGAPORE) PTE LTD?,W88033L000,76 BRAS BASAH ROAD #01-00 CARLTON HOTEL SINGAPORE 189558,A,na,na,na,postal_code,medium_needs_shop_unit_review
131,Wah Lok,"76 Bras Basah Rd, Singapore 189558",189558,Asian|Cantonese|Chinese,0,4.3,CARLTON HOTEL (SINGAPORE) PTE LTD,W91038C000,76 BRAS BASAH ROAD #04-00 CARLTON HOTEL (POOL SIDE) MEZZANINE SINGAPORE 189558,A,na,na,na,postal_code,medium_needs_shop_unit_review
131,Wah Lok,"76 Bras Basah Rd, Singapore 189558",189558,Asian|Cantonese|Chinese,0,4.3,CARLTON HOTEL (SINGAPORE) PTE LTD?,W88036E000,76 BRAS BASAH ROAD CARLTON HOTEL SINGAPORE 189558,A,na,na,na,postal_code,medium_needs_shop_unit_review
131,Wah Lok,"76 Bras Basah Rd, Singapore 189558",189558,Asian|Cantonese|Chinese,0,4.3,BON RICHE PTE LTD,W02117B000,76 BRAS BASAH ROAD #01-02 CARLTON HOTEL SINGAPORE SINGAPORE 189558,na,na,na,na,postal_code,medium_needs_shop_unit_review
131,Wah Lok,"76 Bras Basah Rd, Singapore 189558",189558,Asian|Cantonese|Chinese,0,4.3,CARLTON HOTEL (SINGAPORE) PTE LTD?,CE12V02B000,76 BRAS BASAH ROAD (LOBBY) CARLTON HOTEL SINGAPORE 189558,A,na,na,na,postal_code,medium_needs_shop_unit_review
131,Wah Lok,"76 Bras Basah Rd, Singapore 189558",189558,Asian|Cantonese|Chinese,0,4.3,CARLTON HOTEL (SINGAPORE) PTE LTD?,CE12491V000,76 BRAS BASAH ROAD (LEVEL 1) CARLTON HOTEL SINGAPORE 189558,na,na,na,na,postal_code,medium_needs_shop_unit_review
131,Wah Lok,"76 Bras Basah Rd, Singapore 189558",189558,Asian|Cantonese|Chinese,0,4.3,CARLTON HOTEL (SINGAPORE) PTE LTD?,CE10723V000,76 BRAS BASAH ROAD CARLTON HOTE (GRAVITY BAR LLEVEL 1) SINGAPORE 189558,A,na,na,na,postal_code,medium_needs_shop_unit_review
50,Iggy's,"581 Orchard Rd, Voco Orchard Singapore, Singapore 238883",238883,Contemporary|European,1,4.2,HOTEL PROPERTIES LIMITED,W70042C000,581 ORCHARD ROAD #03 HILTON INTERNATIONAL SINGAPORE SINGAPORE 238883,A,na,na,na,postal_code,medium_needs_shop_unit_review
50,Iggy's,"581 Orchard Rd, Voco Orchard Singapore, Singapore 238883",238883,Contemporary|European,1,4.2,HOTEL PROPERTIES LIMITED,W94272B000,581 ORCHARD ROAD HILTON INTERNATIONAL SINGAPORE SINGAPORE 238883,A,na,na,na,postal_code,medium_needs_shop_unit_review
50,Iggy's,"581 Orchard Rd, Voco Orchard Singapore, Singapore 238883",238883,Contemporary|European,1,4.2,HOTEL PROPERTIES LIMITED,W94270C000,581 ORCHARD ROAD #02-35 HILTON INTERNATIONAL SINGAPORE SINGAPORE 238883,A,na,na,na,postal_code,medium_needs_shop_unit_review
50,Iggy's,"581 Orchard Rd, Voco Orchard Singapore, Singapore 238883",238883,Contemporary|European,1,4.2,HOTEL PROPERTIES LIMITED,W91189E000,581 ORCHARD ROAD #24-00 HILTON INTERNATIONAL SINGAPORE SINGAPORE 238883,A,na,na,na,postal_code,medium_needs_shop_unit_review
50,Iggy's,"581 Orchard Rd, Voco Orchard Singapore, Singapore 238883",238883,Contemporary|European,1,4.2,PINEDALE TRADING PTE LTD,W91188C000,581 ORCHARD ROAD HILTON INTERNATIONAL SINGAPORE SINGAPORE 238883,A,na,na,na,postal_code,medium_needs_shop_unit_review
50,Iggy's,"581 Orchard Rd, Voco Orchard Singapore, Singapore 238883",238883,Contemporary|European,1,4.2,HOTEL PROPERTIES LIMITED,W70043V000,581 ORCHARD ROAD #24 HILTON SINGAPORE SINGAPORE 238883,A,na,na,na,postal_code,medium_needs_shop_unit_review
50,Iggy's,"581 Orchard Rd, Voco Orchard Singapore, Singapore 238883",238883,Contemporary|European,1,4.2,IGGY'S PTE LTD,CE10E81B000,581 ORCHARD ROAD #03 HILTON INTERNATIONAL SINGAPORE SINGAPORE 238883,A,na,na,na,postal_code,medium_needs_shop_unit_review
50,Iggy's,"581 Orchard Rd, Voco Orchard Singapore, Singapore 238883",238883,Contemporary|European,1,4.2,HILTON OF SINGAPORE LLC,CE04266E000,581 ORCHARD ROAD HILTON INTERNATIONAL SINGAPORE SINGAPORE 238883,A,na,na,na,postal_code,medium_needs_shop_unit_review
114,Aoki,"1 Scotts Rd, #01-19, Singapore 228208",228208,Asian|Japanese|Omakase,0,4.1,WA FU PTE LTD,W97162P000,1 SCOTTS ROAD #01-19 SHAW CENTRE SINGAPORE 228208,A,na,na,na,postal_code,medium_needs_shop_unit_review
114,Aoki,"1 Scotts Rd, #01-19, Singapore 228208",228208,Asian|Japanese|Omakase,0,4.1,LES AMIS HOLDINGS PTE. LTD.?,W94340N000,1 SCOTTS ROAD #01-16/17/18 & #02-14/15/16 SHAW CENTRE SINGAPORE 228208,A,na,na,na,postal_code,medium_needs_shop_unit_review
114,Aoki,"1 Scotts Rd, #01-19, Singapore 228208",228208,Asian|Japanese|Omakase,0,4.1,LES AMIS HOLDINGS PTE. LTD.?,W03283L000,1 SCOTTS ROAD #01-12/13 SHAW CENTRE SINGAPORE 228208,A,na,na,na,postal_code,medium_needs_shop_unit_review
114,Aoki,"1 Scotts Rd, #01-19, Singapore 228208",228208,Asian|Japanese|Omakase,0,4.1,BANGKOK GEM PTE. LTD.,CE15I67A000,1 SCOTTS ROAD #B1-01 (MR#7) SHAW CENTRE SINGAPORE 228208,A,na,na,na,postal_code,medium_needs_shop_unit_review
114,Aoki,"1 Scotts Rd, #01-19, Singapore 228208",228208,Asian|Japanese|Omakase,0,4.1,IPPUDO SINGAPORE PTE. LTD.,CE15099C000,1 SCOTTS ROAD #04-22/23 SHAW CENTRE SINGAPORE 228208,A,na,na,na,postal_code,medium_needs_shop_unit_review
114,Aoki,"1 Scotts Rd, #01-19, Singapore 228208",228208,Asian|Japanese|Omakase,0,4.1,COCOA COLONY (S) PTE. LTD.,CE14N46K000,1 SCOTTS ROAD #01-06 SHAW CENTRE SINGAPORE 228208,A,na,na,na,postal_code,medium_needs_shop_unit_review
114,Aoki,"1 Scotts Rd, #01-19, Singapore 228208",228208,Asian|Japanese|Omakase,0,4.1,I WANT MY NOODLE PTE. LTD.,CE14L10B000,1 SCOTTS ROAD #03-14/15 SHAW CENTRE SINGAPORE 228208,A,na,na,na,postal_code,medium_needs_shop_unit_review
114,Aoki,"1 Scotts Rd, #01-19, Singapore 228208",228208,Asian|Japanese|Omakase,0,4.1,LES AMIS HOLDINGS PTE. LTD.?,CE14K40X000,1 SCOTTS ROAD #02-10/11 SHAW CENTRE SINGAPORE 228208,A,na,na,na,postal_code,medium_needs_shop_unit_review
114,Aoki,"1 Scotts Rd, #01-19, Singapore 228208",228208,Asian|Japanese|Omakase,0,4.1,XI YAN SHAW PTE. LTD.,CE14J88N000,1 SCOTTS ROAD #03-12/13 SHAW CENTRE SINGAPORE 228208,A,na,na,na,postal_code,medium_needs_shop_unit_review
114,Aoki,"1 Scotts Rd, #01-19, Singapore 228208",228208,Asian|Japanese|Omakase,0,4.1,THE SHIP RESTAURANT & BAR PTE. LTD.,CE14H04A000,1 SCOTTS ROAD #03-16/18 SHAW CENTRE SINGAPORE 228208,A,na,na,na,postal_code,medium_needs_shop_unit_review
114,Aoki,"1 Scotts Rd, #01-19, Singapore 228208",228208,Asian|Japanese|Omakase,0,4.1,DAWOOD PRATA POINT PTE. LTD.,CE14830E000,1 SCOTTS ROAD #B1-01 SHAW CENTRE (MINI RESTAURANT 5) SINGAPORE 228208,na,na,na,na,postal_code,medium_needs_shop_unit_review
114,Aoki,"1 Scotts Rd, #01-19, Singapore 228208",228208,Asian|Japanese|Omakase,0,4.1,JIL & YELLOWTAIL PTE. LTD.,CE14825A000,1 SCOTTS ROAD #B1-01 SHAW CENTRE (RESTAURANT 6) SINGAPORE 228208,A,na,na,na,postal_code,medium_needs_shop_unit_review
114,Aoki,"1 Scotts Rd, #01-19, Singapore 228208",228208,Asian|Japanese|Omakase,0,4.1,FOOD REPUBLIC PTE. LTD.,CE14452X000,1 SCOTTS ROAD #B1-01 SHAW CENTRE (FOODCOURT) SINGAPORE 228208,na,na,na,na,postal_code,medium_needs_shop_unit_review
114,Aoki,"1 Scotts Rd, #01-19, Singapore 228208",228208,Asian|Japanese|Omakase,0,4.1,L & A PTE. LTD.,CE09D43B000,1 SCOTTS ROAD #01-15 SHAW CENTRE SINGAPORE 228208,A,na,na,na,postal_code,medium_needs_shop_unit_review
114,Aoki,"1 Scotts Rd, #01-19, Singapore 228208",228208,Asian|Japanese|Omakase,0,4.1,LES AMIS HOLDINGS PTE. LTD.?,CE09507N000,1 SCOTTS ROAD #01-14 SHAW CENTRE SINGAPORE 228208,A,na,na,na,postal_code,medium_needs_shop_unit_review
114,Aoki,"1 Scotts Rd, #01-19, Singapore 228208",228208,Asian|Japanese|Omakase,0,4.1,FOOD REPUBLIC PTE. LTD.,CE14452X018,1 SCOTTS ROAD #B1-01 SHAW CENTRE (FOODCOURT) SINGAPORE 228208,A,na,na,na,postal_code,medium_needs_shop_unit_review
114,Aoki,"1 Scotts Rd, #01-19, Singapore 228208",228208,Asian|Japanese|Omakase,0,4.1,LIDO FISH SOUP PTE. LTD.,CE14452X017,1 SCOTTS ROAD #B1-01 SHAW CENTRE (FOODCOURT) SINGAPORE 228208,A,na,na,na,postal_code,medium_needs_shop_unit_review
114,Aoki,"1 Scotts Rd, #01-19, Singapore 228208",228208,Asian|Japanese|Omakase,0,4.1,WONG YOU MEN,CE14452X014,1 SCOTTS ROAD #B1-01 SHAW CENTRE (FOODCOURT) SINGAPORE 228208,A,na,na,na,postal_code,medium_needs_shop_unit_review
114,Aoki,"1 Scotts Rd, #01-19, Singapore 228208",228208,Asian|Japanese|Omakase,0,4.1,QIU LIAN BAN MEE PTE LTD,CE14452X013,1 SCOTTS ROAD #B1-01 SHAW CENTRE (FOODCOURT) SINGAPORE 228208,A,na,na,na,postal_code,medium_needs_shop_unit_review
114,Aoki,"1 Scotts Rd, #01-19, Singapore 228208",228208,Asian|Japanese|Omakase,0,4.1,SIM BOON SENG,CE14452X010,1 SCOTTS ROAD #B1-01 SHAW CENTRE (FOODCOURT) SINGAPORE 228208,A,na,na,na,postal_code,medium_needs_shop_unit_review
114,Aoki,"1 Scotts Rd, #01-19, Singapore 228208",228208,Asian|Japanese|Omakase,0,4.1,XING WANG ZHAN PTE. LTD.,CE14452X009,1 SCOTTS ROAD #B1-01 SHAW CENTRE (FOODCOURT) SINGAPORE 228208,A,na,na,na,postal_code,medium_needs_shop_unit_review
114,Aoki,"1 Scotts Rd, #01-19, Singapore 228208",228208,Asian|Japanese|Omakase,0,4.1,MANNA WOK PTE. LTD.,CE14452X008,1 SCOTTS ROAD #B1-01 SHAW CENTRE (FOODCOURT) SINGAPORE 228208,A,na,na,na,postal_code,medium_needs_shop_unit_review
114,Aoki,"1 Scotts Rd, #01-19, Singapore 228208",228208,Asian|Japanese|Omakase,0,4.1,FOOD REPUBLIC PTE. LTD.,CE14452X007,1 SCOTTS ROAD #B1-01 SHAW CENTRE (FOODCOURT) SINGAPORE 228208,A,na,na,na,postal_code,medium_needs_shop_unit_review
114,Aoki,"1 Scotts Rd, #01-19, Singapore 228208",228208,Asian|Japanese|Omakase,0,4.1,TAN KOK FUANG,CE14452X006,1 SCOTTS ROAD #B1-01 SHAW CENTRE (FOODCOURT) SINGAPORE 228208,A,na,na,na,postal_code,medium_needs_shop_unit_review
114,Aoki,"1 Scotts Rd, #01-19, Singapore 228208",228208,Asian|Japanese|Omakase,0,4.1,LE SEN PTE. LTD.,CE14452X005,1 SCOTTS ROAD #B1-01 SHAW CENTRE (FOODCOURT) SINGAPORE 228208,A,na,na,na,postal_code,medium_needs_shop_unit_review
114,Aoki,"1 Scotts Rd, #01-19, Singapore 228208",228208,Asian|Japanese|Omakase,0,4.1,DINING INNOVATION ASIA-PACIFIC PTE. LTD.,CE14452X004,1 SCOTTS ROAD #B1-01 SHAW CENTRE (FOODCOURT) SINGAPORE 228208,A,na,na,na,postal_code,medium_needs_shop_unit_review
114,Aoki,"1 Scotts Rd, #01-19, Singapore 228208",228208,Asian|Japanese|Omakase,0,4.1,KOH CHIN SOON,CE14452X003,1 SCOTTS ROAD #B1-01 SHAW CENTRE (FOODCOURT) SINGAPORE 228208,A,na,na,na,postal_code,medium_needs_shop_unit_review
114,Aoki,"1 Scotts Rd, #01-19, Singapore 228208",228208,Asian|Japanese|Omakase,0,4.1,MARUSAN LPC SINGAPORE PTE. LTD.,CE14452X002,1 SCOTTS ROAD #B1-01 SHAW CENTRE (FOODCOURT) SINGAPORE 228208,A,na,na,na,postal_code,medium_needs_shop_unit_review
114,Aoki,"1 Scotts Rd, #01-19, Singapore 228208",228208,Asian|Japanese|Omakase,0,4.1,FOOD REPUBLIC PTE. LTD.,CE14452X001,1 SCOTTS ROAD #B1-01 SHAW CENTRE (FOODCOURT) SINGAPORE 228208,A,na,na,na,postal_code,medium_needs_shop_unit_review
59,Fat Cow,"1 Orchard Boulevard, #01-01/02, Camden Medical Centre, Singapore 248649",248649,Asian|Japanese|Omakase|Steakhouse,0,4.4,THEFATCOW PTE. LTD.,W03140X000,1 ORCHARD BOULEVARD #01-01/02 CAMDEN MEDICAL CENTRE SINGAPORE 248649,A,na,na,na,postal_code,medium_needs_shop_unit_review
59,Fat Cow,"1 Orchard Boulevard, #01-01/02, Camden Medical Centre, Singapore 248649",248649,Asian|Japanese|Omakase|Steakhouse,0,4.4,THE LOOKING GLASS BISTRO PTE LTD,W00362X000,1 ORCHARD BOULEVARD #01-03 CAMDEN MEDICAL CENTRE SINGAPORE 248649,A,na,na,na,postal_code,medium_needs_shop_unit_review
39,Béni,"333A Orchard Road, #02-37 Mandarin Gallery, Singapore 238897",238897,French|Fusion|Japanese,1,4.5,ART & FOOD SINGAPORE PTE. LTD.,CE15A51V000,333A ORCHARD ROAD #04-16 MANDARIN GALLERY SINGAPORE 238897,A,na,na,na,postal_code,medium_needs_shop_unit_review
39,Béni,"333A Orchard Road, #02-37 Mandarin Gallery, Singapore 238897",238897,French|Fusion|Japanese,1,4.5,WILD HONEY PTE. LIMITED,CE14M28V000,333A ORCHARD ROAD #03-01 MANDARIN GALLERY SINGAPORE 238897,A,na,na,na,postal_code,medium_needs_shop_unit_review
39,Béni,"333A Orchard Road, #02-37 Mandarin Gallery, Singapore 238897",238897,French|Fusion|Japanese,1,4.5,The Providore Singapore Pte Ltd,CE14906A000,333A ORCHARD ROAD #02-25 SINGAPORE 238897,A,na,na,na,postal_code,medium_needs_shop_unit_review
39,Béni,"333A Orchard Road, #02-37 Mandarin Gallery, Singapore 238897",238897,French|Fusion|Japanese,1,4.5,The Providore Singapore Pte Ltd,CE13U77E000,333A ORCHARD ROAD #02-05/06/07 MANDARIN GALLERY SINGAPORE 238897,A,na,na,na,postal_code,medium_needs_shop_unit_review
39,Béni,"333A Orchard Road, #02-37 Mandarin Gallery, Singapore 238897",238897,French|Fusion|Japanese,1,4.5,HASHIDA SINGAPORE PTE. LTD.,CE13N47P000,333A ORCHARD ROAD #02-37 SINGAPORE 238897,A,na,na,na,postal_code,medium_needs_shop_unit_review
39,Béni,"333A Orchard Road, #02-37 Mandarin Gallery, Singapore 238897",238897,French|Fusion|Japanese,1,4.5,SUGAR DADDY GROUP PTE. LTD,CE11G52N000,333A ORCHARD ROAD #02-33/34 MANDARIN GALLERY SINGAPORE 238897,A,na,na,na,postal_code,medium_needs_shop_unit_review
39,Béni,"333A Orchard Road, #02-37 Mandarin Gallery, Singapore 238897",238897,French|Fusion|Japanese,1,4.5,FONZ INTERNATIONAL PTE. LTD.,CE09M35N000,333A ORCHARD ROAD #04-05/07 MANDARIN GALLERY SINGAPORE 238897,A,na,na,na,postal_code,medium_needs_shop_unit_review
39,Béni,"333A Orchard Road, #02-37 Mandarin Gallery, Singapore 238897",238897,French|Fusion|Japanese,1,4.5,ARTEASTIQ PTE LTD,CE09L54N000,333A ORCHARD ROAD #04-14/15 SINGAPORE 238897,A,na,na,na,postal_code,medium_needs_shop_unit_review
39,Béni,"333A Orchard Road, #02-37 Mandarin Gallery, Singapore 238897",238897,French|Fusion|Japanese,1,4.5,FRESH BAY (S) INVESTMENTS PTE. LTD.,CE09L52X000,333A ORCHARD ROAD #04-21 SINGAPORE 238897,A,na,na,na,postal_code,medium_needs_shop_unit_review
39,Béni,"333A Orchard Road, #02-37 Mandarin Gallery, Singapore 238897",238897,French|Fusion|Japanese,1,4.5,LAWRY'S THE PRIME RIB SINGAPORE PTE LTD,CE09J46C000,333A ORCHARD ROAD #04-01/31 SINGAPORE 238897,A,na,na,na,postal_code,medium_needs_shop_unit_review
39,Béni,"333A Orchard Road, #02-37 Mandarin Gallery, Singapore 238897",238897,French|Fusion|Japanese,1,4.5,ITO-KACHO HOLDINGS PTE. LTD.,CE09I07B000,333A ORCHARD ROAD #04-08/09/10 SINGAPORE 238897,A,na,na,na,postal_code,medium_needs_shop_unit_review
103,Gemma Steakhouse,"1 St Andrews Road , #05-03, National Gallery, Singapore 178957",178957,European|Italian|Steakhouse,0,4.3,BY ANDCO PTE. LTD.,CE16244N000,1 ST. ANDREW''S ROAD #01-09 NATIONAL GALLERY SINGAPORE SINGAPORE 178957,A,na,na,na,postal_code,medium_needs_shop_unit_review
103,Gemma Steakhouse,"1 St Andrews Road , #05-03, National Gallery, Singapore 178957",178957,European|Italian|Steakhouse,0,4.3,BY ANDCO PTE. LTD.,CE15N42K000,1 ST. ANDREW'S ROAD #01-11 NATIONAL GALLERY SINGAPORE SINGAPORE 178957,A,na,na,na,postal_code,medium_needs_shop_unit_review
103,Gemma Steakhouse,"1 St Andrews Road , #05-03, National Gallery, Singapore 178957",178957,European|Italian|Steakhouse,0,4.3,THE PADANG FNB PTE. LTD.,CE15L96P000,1 ST. ANDREW'S ROAD #01-02 NATIONAL GALLERY SINGAPORE SINGAPORE 178957,A,na,na,na,postal_code,medium_needs_shop_unit_review
103,Gemma Steakhouse,"1 St Andrews Road , #05-03, National Gallery, Singapore 178957",178957,European|Italian|Steakhouse,0,4.3,VIOLET OON INC. PTE. LTD.,CE15J69L000,1 ST. ANDREW'S ROAD #02-01 SUPREME COURT SINGAPORE 178957,A,na,na,na,postal_code,medium_needs_shop_unit_review
103,Gemma Steakhouse,"1 St Andrews Road , #05-03, National Gallery, Singapore 178957",178957,European|Italian|Steakhouse,0,4.3,YAN PTE. LTD.,CE15I85X000,1 ST. ANDREW'S ROAD #05-02 NATIONAL GALLERY SINGAPORE SINGAPORE 178957,B,na,na,na,postal_code,medium_needs_shop_unit_review
103,Gemma Steakhouse,"1 St Andrews Road , #05-03, National Gallery, Singapore 178957",178957,European|Italian|Steakhouse,0,4.3,ODETTE RESTAURANT PTE. LTD.,CE15G87C000,1 ST. ANDREW''S ROAD #01-04 SUPREME COURT SINGAPORE 178957,A,na,na,na,postal_code,medium_needs_shop_unit_review
103,Gemma Steakhouse,"1 St Andrews Road , #05-03, National Gallery, Singapore 178957",178957,European|Italian|Steakhouse,0,4.3,IL LIDO PTE. LTD.,CE15E20K000,1 SAINT ANDREW'S ROAD #05-03 SUPREME COURT SINGAPORE 178957,A,na,na,na,postal_code,medium_needs_shop_unit_review
90,Ahāra,"20 Teck Lim Rd, Singapore 088391",088391,Asian|Fusion|Indian|Japanese,0,5.0,BURNT ENDS RESTAURANT PTE. LTD.,CE05188N000,20 TECK LIM ROAD SINGAPORE 088391,A,na,na,na,postal_code,medium_needs_shop_unit_review
7,Ma Cuisine,"38 Craig Rd, Singapore 089676",089676,European|French,1,4.6,INITALY PTE LTD,W92106E000,38 CRAIG ROAD 1ST STOREY SINGAPORE 089676,A,na,na,na,postal_code,medium_needs_shop_unit_review
7,Ma Cuisine,"38 Craig Rd, Singapore 089676",089676,European|French,1,4.6,XI YAN PTE LTD,CE05311A000,38 CRAIG ROAD SINGAPORE 089676,A,na,na,na,postal_code,medium_needs_shop_unit_review
5,Labyrinth,"Esplanade Mall, 8 Raffles Avenue #02-23, Singapore 039802",039802,Asian|Fusion|Singaporean,1,4.6,AL DENTE TRATTORIA PTE LTD,W02265B000,8 RAFFLES AVENUE #01-11 ESPLANADE MALL SINGAPORE 039802,A,na,na,na,postal_code,medium_needs_shop_unit_review
5,Labyrinth,"Esplanade Mall, 8 Raffles Avenue #02-23, Singapore 039802",039802,Asian|Fusion|Singaporean,1,4.6,DJ BAKERY HOLDINGS PTE LTD,W03019X000,8 RAFFLES AVENUE #01-06/08 ESPLANADE MALL SINGAPORE 039802,na,na,na,na,postal_code,medium_needs_shop_unit_review
5,Labyrinth,"Esplanade Mall, 8 Raffles Avenue #02-23, Singapore 039802",039802,Asian|Fusion|Singaporean,1,4.6,PINEDALE TRADING PTE LTD,W02489X000,8 RAFFLES AVENUE #02-01/03 ESPLANADE MALL SINGAPORE 039802,A,na,na,na,postal_code,medium_needs_shop_unit_review
5,Labyrinth,"Esplanade Mall, 8 Raffles Avenue #02-23, Singapore 039802",039802,Asian|Fusion|Singaporean,1,4.6,Harry's International Pte Ltd,W02393K000,8 RAFFLES AVENUE #01-05/07 ESPLANADE MALL SINGAPORE 039802,A,na,na,na,postal_code,medium_needs_shop_unit_review
5,Labyrinth,"Esplanade Mall, 8 Raffles Avenue #02-23, Singapore 039802",039802,Asian|Fusion|Singaporean,1,4.6,LABYRINTH FOOD PTE LTD,W02380V000,8 RAFFLES AVENUE #02-23 ESPLANADE MALL SINGAPORE 039802,A,na,na,na,postal_code,medium_needs_shop_unit_review
5,Labyrinth,"Esplanade Mall, 8 Raffles Avenue #02-23, Singapore 039802",039802,Asian|Fusion|Singaporean,1,4.6,GRAND PAVILION RESTAURANT (2013) PTE. LTD.,W02368L000,8 RAFFLES AVENUE #02-27/29 ESPLANADE MALL SINGAPORE 039802,A,na,na,na,postal_code,medium_needs_shop_unit_review
5,Labyrinth,"Esplanade Mall, 8 Raffles Avenue #02-23, Singapore 039802",039802,Asian|Fusion|Singaporean,1,4.6,NO SIGNBOARD SEAFOOD RESTAURANT PTE LTD,W02356V000,8 RAFFLES AVENUE #01-14/16 ESPLANADE MALL SINGAPORE 039802,B,na,na,na,postal_code,medium_needs_shop_unit_review
5,Labyrinth,"Esplanade Mall, 8 Raffles Avenue #02-23, Singapore 039802",039802,Asian|Fusion|Singaporean,1,4.6,TWO BLUR GUYS PTE. LTD.,W02338B000,8 RAFFLES AVENUE #03-02 ESPLANADE MALL SINGAPORE 039802,A,na,na,na,postal_code,medium_needs_shop_unit_review
5,Labyrinth,"Esplanade Mall, 8 Raffles Avenue #02-23, Singapore 039802",039802,Asian|Fusion|Singaporean,1,4.6,GRAND PAVILION RESTAURANT (2013) PTE. LTD.,W02334K000,8 RAFFLES AVENUE #02-25 ESPLANADE MALL SINGAPORE 039802,A,na,na,na,postal_code,medium_needs_shop_unit_review
5,Labyrinth,"Esplanade Mall, 8 Raffles Avenue #02-23, Singapore 039802",039802,Asian|Fusion|Singaporean,1,4.6,CRE8 GROUP PTE. LTD.,W02301E000,8 RAFFLES AVENUE ESPLANADE MALL (#01-13 1ST & 2ND LEVEL) SINGAPORE 039802,A,na,na,na,postal_code,medium_needs_shop_unit_review
5,Labyrinth,"Esplanade Mall, 8 Raffles Avenue #02-23, Singapore 039802",039802,Asian|Fusion|Singaporean,1,4.6,GAJALEE COASTAL FOODS PTE. LTD.,W02299C000,8 RAFFLES AVENUE #01-13C ESPLANADE MALL SINGAPORE 039802,A,na,na,na,postal_code,medium_needs_shop_unit_review
5,Labyrinth,"Esplanade Mall, 8 Raffles Avenue #02-23, Singapore 039802",039802,Asian|Fusion|Singaporean,1,4.6,TOMO IZAKAYA PTE. LTD.,W02295L000,8 RAFFLES AVENUE #01-09 ESPLANADE MALL SINGAPORE 039802,A,na,na,na,postal_code,medium_needs_shop_unit_review
5,Labyrinth,"Esplanade Mall, 8 Raffles Avenue #02-23, Singapore 039802",039802,Asian|Fusion|Singaporean,1,4.6,THE COFFEE BEAN & TEA LEAF (SINGAPORE) PTE LTD,W02291V000,8 RAFFLES AVENUE #01-02/04 ESPLANADE MALL SINGAPORE 039802,A,na,na,na,postal_code,medium_needs_shop_unit_review
5,Labyrinth,"Esplanade Mall, 8 Raffles Avenue #02-23, Singapore 039802",039802,Asian|Fusion|Singaporean,1,4.6,GAJALEE COASTAL FOODS PTE. LTD.,W02267V000,8 RAFFLES AVENUE #02-12 ESPLANADE MALL SINGAPORE 039802,A,na,na,na,postal_code,medium_needs_shop_unit_review
5,Labyrinth,"Esplanade Mall, 8 Raffles Avenue #02-23, Singapore 039802",039802,Asian|Fusion|Singaporean,1,4.6,PY GLOBAL PTE. LTD.,CE15L62N000,8 RAFFLES AVENUE #01-K5 ESPLANADE MALL SINGAPORE 039802,A,na,na,na,postal_code,medium_needs_shop_unit_review
5,Labyrinth,"Esplanade Mall, 8 Raffles Avenue #02-23, Singapore 039802",039802,Asian|Fusion|Singaporean,1,4.6,BREADTALK PTE LTD,CE12B31B000,8 RAFFLES AVENUE #01-01/03 ESPLANADE MALL SINGAPORE 039802,A,na,na,na,postal_code,medium_needs_shop_unit_review
5,Labyrinth,"Esplanade Mall, 8 Raffles Avenue #02-23, Singapore 039802",039802,Asian|Fusion|Singaporean,1,4.6,ORGO PTE LTD,CE09B84X000,8 RAFFLES AVENUE #04-01 ESPLANADE MALL SINGAPORE 039802,A,na,na,na,postal_code,medium_needs_shop_unit_review
5,Labyrinth,"Esplanade Mall, 8 Raffles Avenue #02-23, Singapore 039802",039802,Asian|Fusion|Singaporean,1,4.6,THAN MUI LAN,CE06H18C000,8 RAFFLES AVENUE #01-K6 ESPLANADE MALL SINGAPORE 039802,A,na,na,na,postal_code,medium_needs_shop_unit_review
5,Labyrinth,"Esplanade Mall, 8 Raffles Avenue #02-23, Singapore 039802",039802,Asian|Fusion|Singaporean,1,4.6,CHOCZ. PTE. LTD.,CE05545L000,8 RAFFLES AVENUE ##02-13/15 ESPLANADE MALL SINGAPORE 039802,A,na,na,na,postal_code,medium_needs_shop_unit_review
5,Labyrinth,"Esplanade Mall, 8 Raffles Avenue #02-23, Singapore 039802",039802,Asian|Fusion|Singaporean,1,4.6,MAKANSUTRA GLUTTONS BAY PTE. LTD,CE05206A000,8 RAFFLES AVENUE #01-15 ESPLANADE MALL SINGAPORE 039802,na,na,na,na,postal_code,medium_needs_shop_unit_review
5,Labyrinth,"Esplanade Mall, 8 Raffles Avenue #02-23, Singapore 039802",039802,Asian|Fusion|Singaporean,1,4.6,ENG BOON HAN,CE05206A012,8 RAFFLES AVENUE #01-15 ESPLANADE MALL SINGAPORE 039802,A,na,na,na,postal_code,medium_needs_shop_unit_review
5,Labyrinth,"Esplanade Mall, 8 Raffles Avenue #02-23, Singapore 039802",039802,Asian|Fusion|Singaporean,1,4.6,FILIPINO PRIME GRILL PTE. LTD.,CE05206A010,8 RAFFLES AVENUE #01-15 ESPLANADE MALL SINGAPORE 039802,A,na,na,na,postal_code,medium_needs_shop_unit_review
5,Labyrinth,"Esplanade Mall, 8 Raffles Avenue #02-23, Singapore 039802",039802,Asian|Fusion|Singaporean,1,4.6,KOPI KIA PTE LTD,CE05206A009,8 RAFFLES AVENUE #01-15 ESPLANADE MALL SINGAPORE 039802,B,na,na,na,postal_code,medium_needs_shop_unit_review
5,Labyrinth,"Esplanade Mall, 8 Raffles Avenue #02-23, Singapore 039802",039802,Asian|Fusion|Singaporean,1,4.6,HONG KONG STREET OLD CHUN KEE PTE LTD,CE05206A008,8 RAFFLES AVENUE #01-15 ESPLANADE MALL SINGAPORE 039802,A,na,na,na,postal_code,medium_needs_shop_unit_review
5,Labyrinth,"Esplanade Mall, 8 Raffles Avenue #02-23, Singapore 039802",039802,Asian|Fusion|Singaporean,1,4.6,HENG NAN YANG LLP,CE05206A007,8 RAFFLES AVENUE #01-15 ESPLANADE MALL SINGAPORE 039802,B,na,na,na,postal_code,medium_needs_shop_unit_review
5,Labyrinth,"Esplanade Mall, 8 Raffles Avenue #02-23, Singapore 039802",039802,Asian|Fusion|Singaporean,1,4.6,LIM BEE KIAN ANNIE,CE05206A006,8 RAFFLES AVENUE #01-15 ESPLANADE MALL SINGAPORE 039802,A,na,na,na,postal_code,medium_needs_shop_unit_review
5,Labyrinth,"Esplanade Mall, 8 Raffles Avenue #02-23, Singapore 039802",039802,Asian|Fusion|Singaporean,1,4.6,WNK F&B MANAGEMENT PTE. LTD.,CE05206A005,8 RAFFLES AVENUE #01-15 ESPLANADE MALL SINGAPORE 039802,A,na,na,na,postal_code,medium_needs_shop_unit_review
5,Labyrinth,"Esplanade Mall, 8 Raffles Avenue #02-23, Singapore 039802",039802,Asian|Fusion|Singaporean,1,4.6,MOHAMED HUSSIN BIN MOHAMED KADER MALIM,CE05206A004,8 RAFFLES AVENUE #01-15 ESPLANADE MALL SINGAPORE 039802,A,na,na,na,postal_code,medium_needs_shop_unit_review
5,Labyrinth,"Esplanade Mall, 8 Raffles Avenue #02-23, Singapore 039802",039802,Asian|Fusion|Singaporean,1,4.6,MOHAMED HUSSIN BIN MOHAMED KADER MALIM,CE05206A003,8 RAFFLES AVENUE #01-15 ESPLANADE MALL SINGAPORE 039802,B,na,na,na,postal_code,medium_needs_shop_unit_review
5,Labyrinth,"Esplanade Mall, 8 Raffles Avenue #02-23, Singapore 039802",039802,Asian|Fusion|Singaporean,1,4.6,MAKANSUTRA GLUTTONS BAY PTE. LTD,CE05206A002,8 RAFFLES AVENUE #01-15 ESPLANADE MALL SINGAPORE 039802,A,na,na,na,postal_code,medium_needs_shop_unit_review
5,Labyrinth,"Esplanade Mall, 8 Raffles Avenue #02-23, Singapore 039802",039802,Asian|Fusion|Singaporean,1,4.6,MAKANSUTRA GLUTTONS BAY PTE. LTD,CE05206A001,8 RAFFLES AVENUE #01-15 ESPLANADE MALL SINGAPORE 039802,A,na,na,na,postal_code,medium_needs_shop_unit_review
6,Meta Restaurant,"1 Keong Saik Road, Singapore 089109",089109,Asian|European|French|Fusion|Korean,1,4.6,LOLLA2 PTE. LTD.,CE15291J000,1A KEONG SAIK ROAD RESTAURANT 4 SINGAPORE 089109,A,na,na,na,postal_code,medium_needs_shop_unit_review
6,Meta Restaurant,"1 Keong Saik Road, Singapore 089109",089109,Asian|European|French|Fusion|Korean,1,4.6,CAPITOL COFFEE PTE. LTD.,CE15257L000,1A KEONG SAIK ROAD SINGAPORE 089109,A,na,na,na,postal_code,medium_needs_shop_unit_review
99,Ki-sho 葵匠,"29 Scotts Rd, Singapore 228224",228224,Asian|Japanese|Omakase,0,4.7,SARIKA CONNOISSUER CAF? PTE LTD,CE12742V000,29 SCOTTS ROAD SINGAPORE 228224,A,na,na,na,postal_code,medium_needs_shop_unit_review
145,Mikuni,"Floor 3, Fairmont Singapore, 80 Bras Basah Rd, Singapore 189560",189560,Japanese|Omakase,0,4.1,RC HOTELS (PTE.) LTD,CE04122N000,80 BRAS BASAH ROAD (LEVEL 1) SINGAPORE 189560,A,na,na,na,postal_code,medium_needs_shop_unit_review
123,Keyaki,"Level 4, 7 Raffles Boulevard, Pan Pacific Singapore, Singapore 039595",039595,Asian|Japanese|Omakase,0,4.1,RANG MAHAL PTE LTD,W86131C000,7 RAFFLES BOULEVARD PAN PACIFIC HOTEL (LEVEL 3) SINGAPORE 039595,A,na,na,na,postal_code,medium_needs_shop_unit_review
123,Keyaki,"Level 4, 7 Raffles Boulevard, Pan Pacific Singapore, Singapore 039595",039595,Asian|Japanese|Omakase,0,4.1,HOTEL MARINA CITY PRIVATE LIMITED?,W86137N000,7 RAFFLES BOULEVARD LEVEL 37 PAN PACIFIC HOTEL (PACIFIC CLUB) SINGAPORE 039595,A,na,na,na,postal_code,medium_needs_shop_unit_review
123,Keyaki,"Level 4, 7 Raffles Boulevard, Pan Pacific Singapore, Singapore 039595",039595,Asian|Japanese|Omakase,0,4.1,HOTEL MARINA CITY PRIVATE LIMITED?,W86134V000,7 RAFFLES BOULEVARD #04-00 PAN PACIFIC HOTEL SINGAPORE 039595,A,na,na,na,postal_code,medium_needs_shop_unit_review
123,Keyaki,"Level 4, 7 Raffles Boulevard, Pan Pacific Singapore, Singapore 039595",039595,Asian|Japanese|Omakase,0,4.1,HOTEL MARINA CITY PRIVATE LIMITED?,W86133A000,7 RAFFLES BOULEVARD #04-00 PAN PACIFIC HOTEL SINGAPORE 039595,A,na,na,na,postal_code,medium_needs_shop_unit_review
123,Keyaki,"Level 4, 7 Raffles Boulevard, Pan Pacific Singapore, Singapore 039595",039595,Asian|Japanese|Omakase,0,4.1,HOTEL MARINA CITY PRIVATE LIMITED?,W86127X000,7 RAFFLES BOULEVARD #01-00 PAN PACIFIC HOTEL SINGAPORE 039595,A,na,na,na,postal_code,medium_needs_shop_unit_review
123,Keyaki,"Level 4, 7 Raffles Boulevard, Pan Pacific Singapore, Singapore 039595",039595,Asian|Japanese|Omakase,0,4.1,HOTEL MARINA CITY PRIVATE LIMITED?,CE12A46P000,7 RAFFLES BOULEVARD LEVEL 3 PAN PACIFIC HOTEL (HAI TIEN LO) SINGAPORE 039595,A,na,na,na,postal_code,medium_needs_shop_unit_review
123,Keyaki,"Level 4, 7 Raffles Boulevard, Pan Pacific Singapore, Singapore 039595",039595,Asian|Japanese|Omakase,0,4.1,HOTEL MARINA CITY PRIVATE LIMITED?,CE12A44V000,7 RAFFLES BOULEVARD LEVEL 3 PAN PACIFIC HOTEL (EDGE) SINGAPORE 039595,A,na,na,na,postal_code,medium_needs_shop_unit_review
123,Keyaki,"Level 4, 7 Raffles Boulevard, Pan Pacific Singapore, Singapore 039595",039595,Asian|Japanese|Omakase,0,4.1,HOTEL MARINA CITY PRIVATE LIMITED?,CE12A37X000,7 RAFFLES BOULEVARD PAN PACIFIC HOTEL SINGAPORE 039595,A,na,na,na,postal_code,medium_needs_shop_unit_review
123,Keyaki,"Level 4, 7 Raffles Boulevard, Pan Pacific Singapore, Singapore 039595",039595,Asian|Japanese|Omakase,0,4.1,HOTEL MARINA CITY PRIVATE LIMITED?,CE12A30K000,7 RAFFLES BOULEVARD PAN PACIFIC HOTEL SINGAPORE 039595,na,na,na,na,postal_code,medium_needs_shop_unit_review
123,Keyaki,"Level 4, 7 Raffles Boulevard, Pan Pacific Singapore, Singapore 039595",039595,Asian|Japanese|Omakase,0,4.1,ROYAL CONCEPTS PTE LTD,CE09903V000,7 RAFFLES BOULEVARD #01-050 PAN PACIFIC HOTEL SINGAPORE 039595,A,na,na,na,postal_code,medium_needs_shop_unit_review
97,Altro Zafferano,"10 Collyer Quay, Level 43, Singapore 049315",049315,European|Italian,0,4.3,SPINELLI PTE LTD,CE15D58K000,10 COLLYER QUAY #01-04 OCEAN FINANCIAL CENTRE SINGAPORE 049315,A,na,na,na,postal_code,medium_needs_shop_unit_review
97,Altro Zafferano,"10 Collyer Quay, Level 43, Singapore 049315",049315,European|Italian,0,4.3,SPINELLI PTE LTD,CE15D35B000,10 COLLYER QUAY #01-03 OCEAN FINANCIAL CENTRE SINGAPORE 049315,A,na,na,na,postal_code,medium_needs_shop_unit_review
97,Altro Zafferano,"10 Collyer Quay, Level 43, Singapore 049315",049315,European|Italian,0,4.3,FOOD CONCEPTS GROUP SINGAPORE PTE LTD,CE13861A000,10 COLLYER QUAY #01-02 OCEAN FINANCIAL CENTRE SINGAPORE 049315,A,na,na,na,postal_code,medium_needs_shop_unit_review
97,Altro Zafferano,"10 Collyer Quay, Level 43, Singapore 049315",049315,European|Italian,0,4.3,EMPIRE EATS PTE. LIMITED,CE13796E000,10 COLLYER QUAY #B1-08 OCEAN FINANCIAL CENTRE SINGAPORE 049315,A,na,na,na,postal_code,medium_needs_shop_unit_review
97,Altro Zafferano,"10 Collyer Quay, Level 43, Singapore 049315",049315,European|Italian,0,4.3,BOCKERS & CO PTE LTD,CE13704B000,10 COLLYER QUAY #B1-10 OCEAN FINANCIAL CENTRE SINGAPORE 049315,A,na,na,na,postal_code,medium_needs_shop_unit_review
97,Altro Zafferano,"10 Collyer Quay, Level 43, Singapore 049315",049315,European|Italian,0,4.3,PAUL SINGAPORE PTE. LTD.,CE13580L000,10 COLLYER QUAY #01-01 OCEAN FINANCIAL CENTRE SINGAPORE 049315,A,na,na,na,postal_code,medium_needs_shop_unit_review
97,Altro Zafferano,"10 Collyer Quay, Level 43, Singapore 049315",049315,European|Italian,0,4.3,PAUL SINGAPORE PTE. LTD.,CE13579V000,10 COLLYER QUAY #B1--01/02 OCEAN FINANCIAL CENTRE SINGAPORE 049315,A,na,na,na,postal_code,medium_needs_shop_unit_review
97,Altro Zafferano,"10 Collyer Quay, Level 43, Singapore 049315",049315,European|Italian,0,4.3,ROYAL T GROUP PTE. LTD.,CE13247K000,10 COLLYER QUAY #B1-03/05 OCEAN FINANCIAL CENTRE SINGAPORE 049315,A,na,na,na,postal_code,medium_needs_shop_unit_review
97,Altro Zafferano,"10 Collyer Quay, Level 43, Singapore 049315",049315,European|Italian,0,4.3,THE BAKERY DEPOT PTE LTD,CE13171P000,10 COLLYER QUAY #B1-06 OCEAN FINANCIAL CENTRE SINGAPORE 049315,A,na,na,na,postal_code,medium_needs_shop_unit_review
97,Altro Zafferano,"10 Collyer Quay, Level 43, Singapore 049315",049315,European|Italian,0,4.3,STARBUCKS COFFEE SINGAPORE PTE. LTD.,CE13136A000,10 COLLYER QUAY #B1-07 OCEAN FINANCIAL CENTRE SINGAPORE 049315,A,na,na,na,postal_code,medium_needs_shop_unit_review
97,Altro Zafferano,"10 Collyer Quay, Level 43, Singapore 049315",049315,European|Italian,0,4.3,FOOD CONCEPTS GROUP SINGAPORE PTE LTD,CE12454J000,10 COLLYER QUAY #43-01 OCEAN FINANCIAL CENTRE SINGAPORE 049315,A,na,na,na,postal_code,medium_needs_shop_unit_review
34,Waku Ghin,"Level 2 Dining, L2-03 The Shoppes at, 2 Bayfront Ave, Marina Bay Sands, 018956",018956,Asian|Japanese|Omakase,2,4.2,MARINA BAY SANDS PTE. LTD.,CE13U45A000,10 BAYFRONT AVENUE (BASEMENT 2) MARINA BAY SANDS SINGAPORE 018956,A,na,na,na,postal_code,medium_needs_shop_unit_review
34,Waku Ghin,"Level 2 Dining, L2-03 The Shoppes at, 2 Bayfront Ave, Marina Bay Sands, 018956",018956,Asian|Japanese|Omakase,2,4.2,MARINA BAY SANDS PTE. LTD.,CE14P28B000,10 BAYFRONT AVENUE #55-00 MARINA BAY SANDS (55TH STOREY) SINGAPORE 018956,A,na,na,na,postal_code,medium_needs_shop_unit_review
34,Waku Ghin,"Level 2 Dining, L2-03 The Shoppes at, 2 Bayfront Ave, Marina Bay Sands, 018956",018956,Asian|Japanese|Omakase,2,4.2,MARINA BAY SANDS PTE. LTD.,CE12U27L000,10 BAYFRONT AVENUE #03-01 MARINA BAY SANDS SINGAPORE 018956,A,na,na,na,postal_code,medium_needs_shop_unit_review
34,Waku Ghin,"Level 2 Dining, L2-03 The Shoppes at, 2 Bayfront Ave, Marina Bay Sands, 018956",018956,Asian|Japanese|Omakase,2,4.2,MARINA BAY SANDS PTE. LTD.,CE11H78K000,10 BAYFRONT AVENUE 5TH STOREY (SERVICE PANTRY 5) MARINA BAY SANDS SINGAPORE 018956,A,na,na,na,postal_code,medium_needs_shop_unit_review
34,Waku Ghin,"Level 2 Dining, L2-03 The Shoppes at, 2 Bayfront Ave, Marina Bay Sands, 018956",018956,Asian|Japanese|Omakase,2,4.2,MARINA BAY SANDS PTE. LTD.,CE11H77L000,10 BAYFRONT AVENUE 3RD STOREY (SERVICE PANTRY 3) MARINA BAY SANDS SINGAPORE 018956,A,na,na,na,postal_code,medium_needs_shop_unit_review
34,Waku Ghin,"Level 2 Dining, L2-03 The Shoppes at, 2 Bayfront Ave, Marina Bay Sands, 018956",018956,Asian|Japanese|Omakase,2,4.2,MARINA BAY SANDS PTE. LTD.,CE11H76N000,10 BAYFRONT AVENUE 3RD STOREY (SERVICE PANTRY 2) MARINA BAY SANDS SINGAPORE 018956,A,na,na,na,postal_code,medium_needs_shop_unit_review
34,Waku Ghin,"Level 2 Dining, L2-03 The Shoppes at, 2 Bayfront Ave, Marina Bay Sands, 018956",018956,Asian|Japanese|Omakase,2,4.2,MARINA BAY SANDS PTE. LTD.,CE11H75P000,10 BAYFRONT AVENUE 3RD STOREY (SERVICE PANTRY 1) MARINA BAY SANDS SINGAPORE 018956,A,na,na,na,postal_code,medium_needs_shop_unit_review
34,Waku Ghin,"Level 2 Dining, L2-03 The Shoppes at, 2 Bayfront Ave, Marina Bay Sands, 018956",018956,Asian|Japanese|Omakase,2,4.2,ROYAL T GROUP PTE. LTD.,CE11H51K000,10 BAYFRONT AVENUE #01-72 MARINA BAY SANDS SINGAPORE 018956,A,na,na,na,postal_code,medium_needs_shop_unit_review
34,Waku Ghin,"Level 2 Dining, L2-03 The Shoppes at, 2 Bayfront Ave, Marina Bay Sands, 018956",018956,Asian|Japanese|Omakase,2,4.2,MARINA BAY SANDS PTE. LTD.,CE10C14N000,10 BAYFRONT AVENUE LEVEL 57 (SOUTH PANTRY) SINGAPORE 018956,A,na,na,na,postal_code,medium_needs_shop_unit_review
9,Nae:um,"161 Telok Ayer Street, Singapore 068615",068615,Asian|European|French|Fusion|Korean,1,4.7,ANNE D/O KAMIANTHRA OMMEN PHILIP,W03361X000,161 TELOK AYER STREET SINGAPORE 068615,A,na,na,na,postal_code,medium_needs_shop_unit_review
54,Willow,"39 Hongkong St, Singapore 059678",059678,Asian|Contemporary,1,4.8,AR RESTAURANT GROUP PTE. LTD.,CE15F43L000,39 HONGKONG STREET #01-01 SINGAPORE 059678,A,na,na,na,postal_code,medium_needs_shop_unit_review
117,Mizuki,"391 Orchard Road #05-32, Ngee Ann City Podium Block, Singapore 238872",238872,Asian|Japanese|Omakase,0,4.6,CRYSTAL JADE PALACE RESTAURANT PTE LTD?,W93134L000,391 ORCHARD ROAD #04-19 TAKASHIMAYA SHOPPING CENTRE SINGAPORE 238872,A,na,na,na,postal_code,medium_needs_shop_unit_review
117,Mizuki,"391 Orchard Road #05-32, Ngee Ann City Podium Block, Singapore 238872",238872,Asian|Japanese|Omakase,0,4.6,CRYSTAL JADE(LA MIAN XIAO LONG BAO) PTE LTD,W93094P000,391 ORCHARD ROAD #04-27 NGEE ANN CITY SINGAPORE 238872,A,na,na,na,postal_code,medium_needs_shop_unit_review
117,Mizuki,"391 Orchard Road #05-32, Ngee Ann City Podium Block, Singapore 238872",238872,Asian|Japanese|Omakase,0,4.6,CRYSTAL JADE KITCHEN (ORCHARD) PTE LTD,CE12E83C000,391 ORCHARD ROAD #B2-38 NGEE ANN CITY SINGAPORE 238872,A,na,na,na,postal_code,medium_needs_shop_unit_review
117,Mizuki,"391 Orchard Road #05-32, Ngee Ann City Podium Block, Singapore 238872",238872,Asian|Japanese|Omakase,0,4.6,R E & S ENTERPRISES PTE LTD,W99248L000,391 ORCHARD ROAD #02-13/15 SINGAPORE 238872,A,na,na,na,postal_code,medium_needs_shop_unit_review
117,Mizuki,"391 Orchard Road #05-32, Ngee Ann City Podium Block, Singapore 238872",238872,Asian|Japanese|Omakase,0,4.6,IMPERIAL TREASURE NAN BEI RESTAURANT PTE LTD,W99043L000,391 ORCHARD ROAD #05-12/13/14 NGEE ANN CITY TOWER A SINGAPORE 238872,A,na,na,na,postal_code,medium_needs_shop_unit_review
117,Mizuki,"391 Orchard Road #05-32, Ngee Ann City Podium Block, Singapore 238872",238872,Asian|Japanese|Omakase,0,4.6,LIVING SWEETNESS PTE. LTD.,W97207B000,391 ORCHARD ROAD #05-29 TAKASHIMAYA SHOPPING CENTRE SINGAPORE 238872,A,na,na,na,postal_code,medium_needs_shop_unit_review
117,Mizuki,"391 Orchard Road #05-32, Ngee Ann City Podium Block, Singapore 238872",238872,Asian|Japanese|Omakase,0,4.6,SUSHI-TEI PTE LTD,W97124E000,391 ORCHARD ROAD #05-30/31 NGEE ANN CITY SINGAPORE 238872,A,na,na,na,postal_code,medium_needs_shop_unit_review
117,Mizuki,"391 Orchard Road #05-32, Ngee Ann City Podium Block, Singapore 238872",238872,Asian|Japanese|Omakase,0,4.6,KENTUCKY FRIED CHICKEN MANAGEMENT PTE LTD,W96306E000,391 ORCHARD ROAD #B1-01 TAKASHIMAYA SHOPPING CENTRE SINGAPORE 238872,A,na,na,na,postal_code,medium_needs_shop_unit_review
117,Mizuki,"391 Orchard Road #05-32, Ngee Ann City Podium Block, Singapore 238872",238872,Asian|Japanese|Omakase,0,4.6,CREATIVE FOOD CONCEPT PTE. LTD.,W93155B000,391 ORCHARD ROAD #B2-33 NGEE ANN CITY SINGAPORE 238872,A,na,na,na,postal_code,medium_needs_shop_unit_review
117,Mizuki,"391 Orchard Road #05-32, Ngee Ann City Podium Block, Singapore 238872",238872,Asian|Japanese|Omakase,0,4.6,THE COFFEE BEAN & TEA LEAF (SINGAPORE) PTE LTD,W93129E000,391 ORCHARD ROAD #B1-37 TAKASHIMAYA SHOPPING CENTRE SINGAPORE 238872,A,na,na,na,postal_code,medium_needs_shop_unit_review
117,Mizuki,"391 Orchard Road #05-32, Ngee Ann City Podium Block, Singapore 238872",238872,Asian|Japanese|Omakase,0,4.6,CREATIVE FOOD CONCEPT PTE. LTD.,W93126L000,391 ORCHARD ROAD #04-28 NGEE ANN CITY SINGAPORE 238872,A,na,na,na,postal_code,medium_needs_shop_unit_review
117,Mizuki,"391 Orchard Road #05-32, Ngee Ann City Podium Block, Singapore 238872",238872,Asian|Japanese|Omakase,0,4.6,COCA INTERNATIONAL SINGAPORE CO PTE. LTD.,W93124P000,391 ORCHARD ROAD #04-23 NGEE ANN CITY SINGAPORE 238872,A,na,na,na,postal_code,medium_needs_shop_unit_review
117,Mizuki,"391 Orchard Road #05-32, Ngee Ann City Podium Block, Singapore 238872",238872,Asian|Japanese|Omakase,0,4.6,IMPERIAL TREASURE SHANGHAI CUISINE PTE. LTD.,W93108P000,391 ORCHARD ROAD #04-22 TAKASHIMAYA SHOPPING CENTRE NGEE ANN CITY SINGAPORE 238872,A,na,na,na,postal_code,medium_needs_shop_unit_review
117,Mizuki,"391 Orchard Road #05-32, Ngee Ann City Podium Block, Singapore 238872",238872,Asian|Japanese|Omakase,0,4.6,ANGUS STEAK HOUSE (S) PTE LTD?,W93102E000,391 ORCHARD ROAD #04-25/26 NGEE ANN CITY SINGAPORE 238872,A,na,na,na,postal_code,medium_needs_shop_unit_review
117,Mizuki,"391 Orchard Road #05-32, Ngee Ann City Podium Block, Singapore 238872",238872,Asian|Japanese|Omakase,0,4.6,SAPPORO LION (S) PTE. LTD.,W93086P000,391 ORCHARD ROAD #04-24 NGEE ANN CITY SINGAPORE 238872,A,na,na,na,postal_code,medium_needs_shop_unit_review
117,Mizuki,"391 Orchard Road #05-32, Ngee Ann City Podium Block, Singapore 238872",238872,Asian|Japanese|Omakase,0,4.6,PAUL SINGAPORE PTE. LTD.,W93075A000,391 ORCHARD ROAD #03-16/17 SINGAPORE 238872,A,na,na,na,postal_code,medium_needs_shop_unit_review
117,Mizuki,"391 Orchard Road #05-32, Ngee Ann City Podium Block, Singapore 238872",238872,Asian|Japanese|Omakase,0,4.6,SAINT PIERRE MARKET PTE. LTD.,W03389P000,391 ORCHARD ROAD #02-11 NGEE ANN CITY SINGAPORE 238872,A,na,na,na,postal_code,medium_needs_shop_unit_review
117,Mizuki,"391 Orchard Road #05-32, Ngee Ann City Podium Block, Singapore 238872",238872,Asian|Japanese|Omakase,0,4.6,1A CRISPY PUFFS PTE. LTD.,W01297P000,391 ORCHARD ROAD #B2-07-3-3 SINGAPORE 238872,A,na,na,na,postal_code,medium_needs_shop_unit_review
117,Mizuki,"391 Orchard Road #05-32, Ngee Ann City Podium Block, Singapore 238872",238872,Asian|Japanese|Omakase,0,4.6,LNC PTE. LTD.,W01189A000,391 ORCHARD ROAD #B2-07-5-1 TAKASHIMAYA SHOPPING CENTRE SINGAPORE 238872,A,na,na,na,postal_code,medium_needs_shop_unit_review
117,Mizuki,"391 Orchard Road #05-32, Ngee Ann City Podium Block, Singapore 238872",238872,Asian|Japanese|Omakase,0,4.6,HENRYBROS SINGAPORE PTE. LTD.,CE15676C000,391 ORCHARD ROAD #03-10 NGEE ANN CITY SINGAPORE 238872,A,na,na,na,postal_code,medium_needs_shop_unit_review
117,Mizuki,"391 Orchard Road #05-32, Ngee Ann City Podium Block, Singapore 238872",238872,Asian|Japanese|Omakase,0,4.6,CRUSSH FOODS PTE. LTD.,CE15430A000,391 ORCHARD ROAD #B2-32A NGEE ANN CITY SINGAPORE 238872,A,na,na,na,postal_code,medium_needs_shop_unit_review
117,Mizuki,"391 Orchard Road #05-32, Ngee Ann City Podium Block, Singapore 238872",238872,Asian|Japanese|Omakase,0,4.6,R&Y GROUP PTE LTD,CE14Q32C000,391 ORCHARD ROAD #05-06/07 NGEE ANN CITY SINGAPORE 238872,A,na,na,na,postal_code,medium_needs_shop_unit_review
117,Mizuki,"391 Orchard Road #05-32, Ngee Ann City Podium Block, Singapore 238872",238872,Asian|Japanese|Omakase,0,4.6,CRYSTAL JADE KOREAN GINSENG CHICKEN & BBQ RESTAURANT PTE. LTD.,CE14773L000,391 ORCHARD ROAD #B2-36A NGEE ANN CITY SINGAPORE 238872,A,na,na,na,postal_code,medium_needs_shop_unit_review
117,Mizuki,"391 Orchard Road #05-32, Ngee Ann City Podium Block, Singapore 238872",238872,Asian|Japanese|Omakase,0,4.6,EAST OCEAN TEOCHEW RESTAURANT PTE LTD,CE06M19P000,391 ORCHARD ROAD #05-08/09 NGEE ANN CITY SINGAPORE 238872,A,na,na,na,postal_code,medium_needs_shop_unit_review
63,Nicolas Le Restaurant,"10 Teck Lim Road, Singapore 088386",088386,European|French,0,4.7,NICOLAS PRIVATE LIMITED,CE12C45E000,10 TECK LIM ROAD SINGAPORE 088386,A,na,na,na,postal_code,medium_needs_shop_unit_review
83,Jinhonten,"Shaw Centre, 1 Scotts Rd, #01-11, 228208",228208,Asian|Japanese|Omakase,0,4.3,WA FU PTE LTD,W97162P000,1 SCOTTS ROAD #01-19 SHAW CENTRE SINGAPORE 228208,A,na,na,na,postal_code,medium_needs_shop_unit_review
83,Jinhonten,"Shaw Centre, 1 Scotts Rd, #01-11, 228208",228208,Asian|Japanese|Omakase,0,4.3,LES AMIS HOLDINGS PTE. LTD.?,W94340N000,1 SCOTTS ROAD #01-16/17/18 & #02-14/15/16 SHAW CENTRE SINGAPORE 228208,A,na,na,na,postal_code,medium_needs_shop_unit_review
83,Jinhonten,"Shaw Centre, 1 Scotts Rd, #01-11, 228208",228208,Asian|Japanese|Omakase,0,4.3,LES AMIS HOLDINGS PTE. LTD.?,W03283L000,1 SCOTTS ROAD #01-12/13 SHAW CENTRE SINGAPORE 228208,A,na,na,na,postal_code,medium_needs_shop_unit_review
83,Jinhonten,"Shaw Centre, 1 Scotts Rd, #01-11, 228208",228208,Asian|Japanese|Omakase,0,4.3,BANGKOK GEM PTE. LTD.,CE15I67A000,1 SCOTTS ROAD #B1-01 (MR#7) SHAW CENTRE SINGAPORE 228208,A,na,na,na,postal_code,medium_needs_shop_unit_review
83,Jinhonten,"Shaw Centre, 1 Scotts Rd, #01-11, 228208",228208,Asian|Japanese|Omakase,0,4.3,IPPUDO SINGAPORE PTE. LTD.,CE15099C000,1 SCOTTS ROAD #04-22/23 SHAW CENTRE SINGAPORE 228208,A,na,na,na,postal_code,medium_needs_shop_unit_review
83,Jinhonten,"Shaw Centre, 1 Scotts Rd, #01-11, 228208",228208,Asian|Japanese|Omakase,0,4.3,COCOA COLONY (S) PTE. LTD.,CE14N46K000,1 SCOTTS ROAD #01-06 SHAW CENTRE SINGAPORE 228208,A,na,na,na,postal_code,medium_needs_shop_unit_review
83,Jinhonten,"Shaw Centre, 1 Scotts Rd, #01-11, 228208",228208,Asian|Japanese|Omakase,0,4.3,I WANT MY NOODLE PTE. LTD.,CE14L10B000,1 SCOTTS ROAD #03-14/15 SHAW CENTRE SINGAPORE 228208,A,na,na,na,postal_code,medium_needs_shop_unit_review
83,Jinhonten,"Shaw Centre, 1 Scotts Rd, #01-11, 228208",228208,Asian|Japanese|Omakase,0,4.3,LES AMIS HOLDINGS PTE. LTD.?,CE14K40X000,1 SCOTTS ROAD #02-10/11 SHAW CENTRE SINGAPORE 228208,A,na,na,na,postal_code,medium_needs_shop_unit_review
83,Jinhonten,"Shaw Centre, 1 Scotts Rd, #01-11, 228208",228208,Asian|Japanese|Omakase,0,4.3,XI YAN SHAW PTE. LTD.,CE14J88N000,1 SCOTTS ROAD #03-12/13 SHAW CENTRE SINGAPORE 228208,A,na,na,na,postal_code,medium_needs_shop_unit_review
83,Jinhonten,"Shaw Centre, 1 Scotts Rd, #01-11, 228208",228208,Asian|Japanese|Omakase,0,4.3,THE SHIP RESTAURANT & BAR PTE. LTD.,CE14H04A000,1 SCOTTS ROAD #03-16/18 SHAW CENTRE SINGAPORE 228208,A,na,na,na,postal_code,medium_needs_shop_unit_review
83,Jinhonten,"Shaw Centre, 1 Scotts Rd, #01-11, 228208",228208,Asian|Japanese|Omakase,0,4.3,DAWOOD PRATA POINT PTE. LTD.,CE14830E000,1 SCOTTS ROAD #B1-01 SHAW CENTRE (MINI RESTAURANT 5) SINGAPORE 228208,na,na,na,na,postal_code,medium_needs_shop_unit_review
83,Jinhonten,"Shaw Centre, 1 Scotts Rd, #01-11, 228208",228208,Asian|Japanese|Omakase,0,4.3,JIL & YELLOWTAIL PTE. LTD.,CE14825A000,1 SCOTTS ROAD #B1-01 SHAW CENTRE (RESTAURANT 6) SINGAPORE 228208,A,na,na,na,postal_code,medium_needs_shop_unit_review
83,Jinhonten,"Shaw Centre, 1 Scotts Rd, #01-11, 228208",228208,Asian|Japanese|Omakase,0,4.3,FOOD REPUBLIC PTE. LTD.,CE14452X000,1 SCOTTS ROAD #B1-01 SHAW CENTRE (FOODCOURT) SINGAPORE 228208,na,na,na,na,postal_code,medium_needs_shop_unit_review
83,Jinhonten,"Shaw Centre, 1 Scotts Rd, #01-11, 228208",228208,Asian|Japanese|Omakase,0,4.3,L & A PTE. LTD.,CE09D43B000,1 SCOTTS ROAD #01-15 SHAW CENTRE SINGAPORE 228208,A,na,na,na,postal_code,medium_needs_shop_unit_review
83,Jinhonten,"Shaw Centre, 1 Scotts Rd, #01-11, 228208",228208,Asian|Japanese|Omakase,0,4.3,LES AMIS HOLDINGS PTE. LTD.?,CE09507N000,1 SCOTTS ROAD #01-14 SHAW CENTRE SINGAPORE 228208,A,na,na,na,postal_code,medium_needs_shop_unit_review
83,Jinhonten,"Shaw Centre, 1 Scotts Rd, #01-11, 228208",228208,Asian|Japanese|Omakase,0,4.3,FOOD REPUBLIC PTE. LTD.,CE14452X018,1 SCOTTS ROAD #B1-01 SHAW CENTRE (FOODCOURT) SINGAPORE 228208,A,na,na,na,postal_code,medium_needs_shop_unit_review
83,Jinhonten,"Shaw Centre, 1 Scotts Rd, #01-11, 228208",228208,Asian|Japanese|Omakase,0,4.3,LIDO FISH SOUP PTE. LTD.,CE14452X017,1 SCOTTS ROAD #B1-01 SHAW CENTRE (FOODCOURT) SINGAPORE 228208,A,na,na,na,postal_code,medium_needs_shop_unit_review
83,Jinhonten,"Shaw Centre, 1 Scotts Rd, #01-11, 228208",228208,Asian|Japanese|Omakase,0,4.3,WONG YOU MEN,CE14452X014,1 SCOTTS ROAD #B1-01 SHAW CENTRE (FOODCOURT) SINGAPORE 228208,A,na,na,na,postal_code,medium_needs_shop_unit_review
83,Jinhonten,"Shaw Centre, 1 Scotts Rd, #01-11, 228208",228208,Asian|Japanese|Omakase,0,4.3,QIU LIAN BAN MEE PTE LTD,CE14452X013,1 SCOTTS ROAD #B1-01 SHAW CENTRE (FOODCOURT) SINGAPORE 228208,A,na,na,na,postal_code,medium_needs_shop_unit_review
83,Jinhonten,"Shaw Centre, 1 Scotts Rd, #01-11, 228208",228208,Asian|Japanese|Omakase,0,4.3,SIM BOON SENG,CE14452X010,1 SCOTTS ROAD #B1-01 SHAW CENTRE (FOODCOURT) SINGAPORE 228208,A,na,na,na,postal_code,medium_needs_shop_unit_review
83,Jinhonten,"Shaw Centre, 1 Scotts Rd, #01-11, 228208",228208,Asian|Japanese|Omakase,0,4.3,XING WANG ZHAN PTE. LTD.,CE14452X009,1 SCOTTS ROAD #B1-01 SHAW CENTRE (FOODCOURT) SINGAPORE 228208,A,na,na,na,postal_code,medium_needs_shop_unit_review
83,Jinhonten,"Shaw Centre, 1 Scotts Rd, #01-11, 228208",228208,Asian|Japanese|Omakase,0,4.3,MANNA WOK PTE. LTD.,CE14452X008,1 SCOTTS ROAD #B1-01 SHAW CENTRE (FOODCOURT) SINGAPORE 228208,A,na,na,na,postal_code,medium_needs_shop_unit_review
83,Jinhonten,"Shaw Centre, 1 Scotts Rd, #01-11, 228208",228208,Asian|Japanese|Omakase,0,4.3,FOOD REPUBLIC PTE. LTD.,CE14452X007,1 SCOTTS ROAD #B1-01 SHAW CENTRE (FOODCOURT) SINGAPORE 228208,A,na,na,na,postal_code,medium_needs_shop_unit_review
83,Jinhonten,"Shaw Centre, 1 Scotts Rd, #01-11, 228208",228208,Asian|Japanese|Omakase,0,4.3,TAN KOK FUANG,CE14452X006,1 SCOTTS ROAD #B1-01 SHAW CENTRE (FOODCOURT) SINGAPORE 228208,A,na,na,na,postal_code,medium_needs_shop_unit_review
83,Jinhonten,"Shaw Centre, 1 Scotts Rd, #01-11, 228208",228208,Asian|Japanese|Omakase,0,4.3,LE SEN PTE. LTD.,CE14452X005,1 SCOTTS ROAD #B1-01 SHAW CENTRE (FOODCOURT) SINGAPORE 228208,A,na,na,na,postal_code,medium_needs_shop_unit_review
83,Jinhonten,"Shaw Centre, 1 Scotts Rd, #01-11, 228208",228208,Asian|Japanese|Omakase,0,4.3,DINING INNOVATION ASIA-PACIFIC PTE. LTD.,CE14452X004,1 SCOTTS ROAD #B1-01 SHAW CENTRE (FOODCOURT) SINGAPORE 228208,A,na,na,na,postal_code,medium_needs_shop_unit_review
83,Jinhonten,"Shaw Centre, 1 Scotts Rd, #01-11, 228208",228208,Asian|Japanese|Omakase,0,4.3,KOH CHIN SOON,CE14452X003,1 SCOTTS ROAD #B1-01 SHAW CENTRE (FOODCOURT) SINGAPORE 228208,A,na,na,na,postal_code,medium_needs_shop_unit_review
83,Jinhonten,"Shaw Centre, 1 Scotts Rd, #01-11, 228208",228208,Asian|Japanese|Omakase,0,4.3,MARUSAN LPC SINGAPORE PTE. LTD.,CE14452X002,1 SCOTTS ROAD #B1-01 SHAW CENTRE (FOODCOURT) SINGAPORE 228208,A,na,na,na,postal_code,medium_needs_shop_unit_review
83,Jinhonten,"Shaw Centre, 1 Scotts Rd, #01-11, 228208",228208,Asian|Japanese|Omakase,0,4.3,FOOD REPUBLIC PTE. LTD.,CE14452X001,1 SCOTTS ROAD #B1-01 SHAW CENTRE (FOODCOURT) SINGAPORE 228208,A,na,na,na,postal_code,medium_needs_shop_unit_review
52,SKAI,"2 Stamford Road, Level 70, SINGAPORE 178882",178882,Contemporary|Grill,0,4.2,RC HOTELS (PTE.) LTD,W92112K000,2 STAMFORD ROAD WESTIN PLAZA AND STAMFORD RAFFLES KITCHEN LEVEL 4 SINGAPORE 178882,A,na,na,na,postal_code,medium_needs_shop_unit_review
52,SKAI,"2 Stamford Road, Level 70, SINGAPORE 178882",178882,Contemporary|Grill,0,4.2,RC HOTELS (PTE.) LTD,W92111L000,2 STAMFORD ROAD WESTIN PLAZA AND STAMFORD RC HOTEL LEVEL 4 SINGAPORE 178882,A,na,na,na,postal_code,medium_needs_shop_unit_review
52,SKAI,"2 Stamford Road, Level 70, SINGAPORE 178882",178882,Contemporary|Grill,0,4.2,RC HOTELS (PTE.) LTD,W92110N000,2 STAMFORD ROAD RAFFLES THE PLAZA - (PLAZA MEETING ROOM) SINGAPORE 178882,A,na,na,na,postal_code,medium_needs_shop_unit_review
52,SKAI,"2 Stamford Road, Level 70, SINGAPORE 178882",178882,Contemporary|Grill,0,4.2,RC HOTELS (PTE.) LTD,CE05683P000,2 STAMFORD ROAD (LEVEL 5) SWISSOTEL THE STAMFORD (COLD KITCHEN) SINGAPORE 178882,A,na,na,na,postal_code,medium_needs_shop_unit_review
52,SKAI,"2 Stamford Road, Level 70, SINGAPORE 178882",178882,Contemporary|Grill,0,4.2,RC HOTELS (PTE.) LTD,CE05681V000,2 STAMFORD ROAD (BASEMENT 2) SWISSOTEL THE STAMFORD (PRODUCTION KITCHEN) SINGAPORE 178882,A,na,na,na,postal_code,medium_needs_shop_unit_review
52,SKAI,"2 Stamford Road, Level 70, SINGAPORE 178882",178882,Contemporary|Grill,0,4.2,RC HOTELS (PTE.) LTD,W86050C000,2 STAMFORD ROAD #02-00 (KOPITIAM) SINGAPORE 178882,A,na,na,na,postal_code,medium_needs_shop_unit_review
52,SKAI,"2 Stamford Road, Level 70, SINGAPORE 178882",178882,Contemporary|Grill,0,4.2,RC HOTELS (PTE.) LTD,W85153A000,2 STAMFORD ROAD #03-00 (SZECHUAN COURT) SINGAPORE 178882,A,na,na,na,postal_code,medium_needs_shop_unit_review
52,SKAI,"2 Stamford Road, Level 70, SINGAPORE 178882",178882,Contemporary|Grill,0,4.2,RC HOTELS (PTE.) LTD,W85152B000,2 STAMFORD ROAD #03-00 (MIKUNI) SINGAPORE 178882,A,na,na,na,postal_code,medium_needs_shop_unit_review
52,SKAI,"2 Stamford Road, Level 70, SINGAPORE 178882",178882,Contemporary|Grill,0,4.2,RC HOTELS (PTE.) LTD,W85151C000,2 STAMFORD ROAD #01-00 (PREGO) SINGAPORE 178882,A,na,na,na,postal_code,medium_needs_shop_unit_review
52,SKAI,"2 Stamford Road, Level 70, SINGAPORE 178882",178882,Contemporary|Grill,0,4.2,RC HOTELS (PTE.) LTD,W85150E000,2 STAMFORD ROAD #02-00 ASIAN MARKET CAFE SINGAPORE 178882,A,na,na,na,postal_code,medium_needs_shop_unit_review
52,SKAI,"2 Stamford Road, Level 70, SINGAPORE 178882",178882,Contemporary|Grill,0,4.2,RC HOTELS (PTE.) LTD,W97423L000,2 STAMFORD ROAD WESTIN PLAZA AND STAMFORD 1ST STOREY INTROBAR SINGAPORE 178882,na,na,na,na,postal_code,medium_needs_shop_unit_review
52,SKAI,"2 Stamford Road, Level 70, SINGAPORE 178882",178882,Contemporary|Grill,0,4.2,RC HOTELS (PTE.) LTD,W86052A000,2 STAMFORD ROAD #01-00 (LOBBY COURT) SINGAPORE 178882,na,na,na,na,postal_code,medium_needs_shop_unit_review
52,SKAI,"2 Stamford Road, Level 70, SINGAPORE 178882",178882,Contemporary|Grill,0,4.2,RC HOTELS (PTE.) LTD,W86051B000,2 STAMFORD ROAD #02-00 (CAFE SWISS) SINGAPORE 178882,A,na,na,na,postal_code,medium_needs_shop_unit_review
52,SKAI,"2 Stamford Road, Level 70, SINGAPORE 178882",178882,Contemporary|Grill,0,4.2,RC HOTELS (PTE.) LTD,W86007K000,2 STAMFORD ROAD #08-00 (ALLIGATOR PEAR) SINGAPORE 178882,A,na,na,na,postal_code,medium_needs_shop_unit_review
52,SKAI,"2 Stamford Road, Level 70, SINGAPORE 178882",178882,Contemporary|Grill,0,4.2,RC HOTELS (PTE.) LTD,W03047K000,2 STAMFORD ROAD LEVEL 71 & 72 (EQUINOX) SINGAPORE 178882,na,na,na,na,postal_code,medium_needs_shop_unit_review
52,SKAI,"2 Stamford Road, Level 70, SINGAPORE 178882",178882,Contemporary|Grill,0,4.2,RC HOTELS (PTE.) LTD,W01328N000,2 STAMFORD ROAD 70TH STOREY EQUINOX (JAAN) SINGAPORE 178882,A,na,na,na,postal_code,medium_needs_shop_unit_review
52,SKAI,"2 Stamford Road, Level 70, SINGAPORE 178882",178882,Contemporary|Grill,0,4.2,RC HOTELS (PTE.) LTD,W01322C000,2 STAMFORD ROAD 70TH STOREY EQUINOX (CITY SPACE) SINGAPORE 178882,na,na,na,na,postal_code,medium_needs_shop_unit_review
52,SKAI,"2 Stamford Road, Level 70, SINGAPORE 178882",178882,Contemporary|Grill,0,4.2,RC HOTELS (PTE.) LTD,W00102K000,2 STAMFORD ROAD #08-00 (GAZEBO) SINGAPORE 178882,A,na,na,na,postal_code,medium_needs_shop_unit_review
52,SKAI,"2 Stamford Road, Level 70, SINGAPORE 178882",178882,Contemporary|Grill,0,4.2,WOOLOO PTE. LTD.,CE12Z65N000,2 STAMFORD ROAD #03-00 SINGAPORE 178882,A,na,na,na,postal_code,medium_needs_shop_unit_review
52,SKAI,"2 Stamford Road, Level 70, SINGAPORE 178882",178882,Contemporary|Grill,0,4.2,RC HOTELS (PTE.) LTD,CE05682X000,2 STAMFORD ROAD (BAKERY & PASTRY KITCHEN) SWISSOTEL THE STAMFORD (LEVEL 5) SINGAPORE 178882,na,na,na,na,postal_code,medium_needs_shop_unit_review
52,SKAI,"2 Stamford Road, Level 70, SINGAPORE 178882",178882,Contemporary|Grill,0,4.2,COMPASS GROUP (SINGAPORE) PTE. LTD.,CE05292P000,2 STAMFORD ROAD BASEMENT 2 SWISSOTEL THE STAMFORD SINGAPORE 178882,A,na,na,na,postal_code,medium_needs_shop_unit_review
36,Odette,"1 St Andrew’s Road #01-04, Singapore 178957",178957,European|French,3,4.7,BY ANDCO PTE. LTD.,CE16244N000,1 ST. ANDREW''S ROAD #01-09 NATIONAL GALLERY SINGAPORE SINGAPORE 178957,A,na,na,na,postal_code,medium_needs_shop_unit_review
36,Odette,"1 St Andrew’s Road #01-04, Singapore 178957",178957,European|French,3,4.7,BY ANDCO PTE. LTD.,CE15N42K000,1 ST. ANDREW'S ROAD #01-11 NATIONAL GALLERY SINGAPORE SINGAPORE 178957,A,na,na,na,postal_code,medium_needs_shop_unit_review
36,Odette,"1 St Andrew’s Road #01-04, Singapore 178957",178957,European|French,3,4.7,THE PADANG FNB PTE. LTD.,CE15L96P000,1 ST. ANDREW'S ROAD #01-02 NATIONAL GALLERY SINGAPORE SINGAPORE 178957,A,na,na,na,postal_code,medium_needs_shop_unit_review
36,Odette,"1 St Andrew’s Road #01-04, Singapore 178957",178957,European|French,3,4.7,VIOLET OON INC. PTE. LTD.,CE15J69L000,1 ST. ANDREW'S ROAD #02-01 SUPREME COURT SINGAPORE 178957,A,na,na,na,postal_code,medium_needs_shop_unit_review
36,Odette,"1 St Andrew’s Road #01-04, Singapore 178957",178957,European|French,3,4.7,YAN PTE. LTD.,CE15I85X000,1 ST. ANDREW'S ROAD #05-02 NATIONAL GALLERY SINGAPORE SINGAPORE 178957,B,na,na,na,postal_code,medium_needs_shop_unit_review
36,Odette,"1 St Andrew’s Road #01-04, Singapore 178957",178957,European|French,3,4.7,ODETTE RESTAURANT PTE. LTD.,CE15G87C000,1 ST. ANDREW''S ROAD #01-04 SUPREME COURT SINGAPORE 178957,A,na,na,na,postal_code,medium_needs_shop_unit_review
36,Odette,"1 St Andrew’s Road #01-04, Singapore 178957",178957,European|French,3,4.7,IL LIDO PTE. LTD.,CE15E20K000,1 SAINT ANDREW'S ROAD #05-03 SUPREME COURT SINGAPORE 178957,A,na,na,na,postal_code,medium_needs_shop_unit_review
12,Oshino,"Unit #01-11 Raffles Hotel Shopping Arcade, 328 North Bridge Road, Singapore 188719",188719,Asian|Japanese|Omakase,1,3.9,BEACH ROAD HOTEL (1886) LTD.,W99379N000,328 NORTH BRIDGE ROAD #02-02/06 RAFFLES SHOPPING ARCADE SINGAPORE 188719,A,na,na,na,postal_code,medium_needs_shop_unit_review
12,Oshino,"Unit #01-11 Raffles Hotel Shopping Arcade, 328 North Bridge Road, Singapore 188719",188719,Asian|Japanese|Omakase,1,3.9,SOUP RESTAURANT SINGAPORE PTE. LTD,CE14454N000,328 NORTH BRIDGE ROAD #01-10 SINGAPORE 188719,na,na,na,na,postal_code,medium_needs_shop_unit_review
12,Oshino,"Unit #01-11 Raffles Hotel Shopping Arcade, 328 North Bridge Road, Singapore 188719",188719,Asian|Japanese|Omakase,1,3.9,INDULGENCE FOODS PTE LTD,CE12D03V000,328 NORTH BRIDGE ROAD #01-22&23 RAFFLES SHOPPING ARCADE SINGAPORE 188719,A,na,na,na,postal_code,medium_needs_shop_unit_review
55,OSO Ristorante,"100 Peck Seah St, #27th Floor Oasia Hotel Downtown, Singapore 079333",079333,European|Italian|Mediterranean,0,4.4,MARMALADE PTE LTD,CE16042J000,100 PECK SEAH STREET #01-01 PS100 SINGAPORE 079333,A,na,na,na,postal_code,medium_needs_shop_unit_review
55,OSO Ristorante,"100 Peck Seah St, #27th Floor Oasia Hotel Downtown, Singapore 079333",079333,European|Italian|Mediterranean,0,4.4,MARMALADE PTE LTD,CE16041K000,100 PECK SEAH STREET #01-02 PS100 SINGAPORE 079333,na,na,na,na,postal_code,medium_needs_shop_unit_review
124,Wagyu Jin (Temporarily Closed),"1 Scotts Rd, #02-12 Shaw Centre, Singapore 228208",228208,Asian|Japanese,0,4.3,WA FU PTE LTD,W97162P000,1 SCOTTS ROAD #01-19 SHAW CENTRE SINGAPORE 228208,A,na,na,na,postal_code,medium_needs_shop_unit_review
124,Wagyu Jin (Temporarily Closed),"1 Scotts Rd, #02-12 Shaw Centre, Singapore 228208",228208,Asian|Japanese,0,4.3,LES AMIS HOLDINGS PTE. LTD.?,W94340N000,1 SCOTTS ROAD #01-16/17/18 & #02-14/15/16 SHAW CENTRE SINGAPORE 228208,A,na,na,na,postal_code,medium_needs_shop_unit_review
124,Wagyu Jin (Temporarily Closed),"1 Scotts Rd, #02-12 Shaw Centre, Singapore 228208",228208,Asian|Japanese,0,4.3,LES AMIS HOLDINGS PTE. LTD.?,W03283L000,1 SCOTTS ROAD #01-12/13 SHAW CENTRE SINGAPORE 228208,A,na,na,na,postal_code,medium_needs_shop_unit_review
124,Wagyu Jin (Temporarily Closed),"1 Scotts Rd, #02-12 Shaw Centre, Singapore 228208",228208,Asian|Japanese,0,4.3,BANGKOK GEM PTE. LTD.,CE15I67A000,1 SCOTTS ROAD #B1-01 (MR#7) SHAW CENTRE SINGAPORE 228208,A,na,na,na,postal_code,medium_needs_shop_unit_review
124,Wagyu Jin (Temporarily Closed),"1 Scotts Rd, #02-12 Shaw Centre, Singapore 228208",228208,Asian|Japanese,0,4.3,IPPUDO SINGAPORE PTE. LTD.,CE15099C000,1 SCOTTS ROAD #04-22/23 SHAW CENTRE SINGAPORE 228208,A,na,na,na,postal_code,medium_needs_shop_unit_review
124,Wagyu Jin (Temporarily Closed),"1 Scotts Rd, #02-12 Shaw Centre, Singapore 228208",228208,Asian|Japanese,0,4.3,COCOA COLONY (S) PTE. LTD.,CE14N46K000,1 SCOTTS ROAD #01-06 SHAW CENTRE SINGAPORE 228208,A,na,na,na,postal_code,medium_needs_shop_unit_review
124,Wagyu Jin (Temporarily Closed),"1 Scotts Rd, #02-12 Shaw Centre, Singapore 228208",228208,Asian|Japanese,0,4.3,I WANT MY NOODLE PTE. LTD.,CE14L10B000,1 SCOTTS ROAD #03-14/15 SHAW CENTRE SINGAPORE 228208,A,na,na,na,postal_code,medium_needs_shop_unit_review
124,Wagyu Jin (Temporarily Closed),"1 Scotts Rd, #02-12 Shaw Centre, Singapore 228208",228208,Asian|Japanese,0,4.3,LES AMIS HOLDINGS PTE. LTD.?,CE14K40X000,1 SCOTTS ROAD #02-10/11 SHAW CENTRE SINGAPORE 228208,A,na,na,na,postal_code,medium_needs_shop_unit_review
124,Wagyu Jin (Temporarily Closed),"1 Scotts Rd, #02-12 Shaw Centre, Singapore 228208",228208,Asian|Japanese,0,4.3,XI YAN SHAW PTE. LTD.,CE14J88N000,1 SCOTTS ROAD #03-12/13 SHAW CENTRE SINGAPORE 228208,A,na,na,na,postal_code,medium_needs_shop_unit_review
124,Wagyu Jin (Temporarily Closed),"1 Scotts Rd, #02-12 Shaw Centre, Singapore 228208",228208,Asian|Japanese,0,4.3,THE SHIP RESTAURANT & BAR PTE. LTD.,CE14H04A000,1 SCOTTS ROAD #03-16/18 SHAW CENTRE SINGAPORE 228208,A,na,na,na,postal_code,medium_needs_shop_unit_review
124,Wagyu Jin (Temporarily Closed),"1 Scotts Rd, #02-12 Shaw Centre, Singapore 228208",228208,Asian|Japanese,0,4.3,DAWOOD PRATA POINT PTE. LTD.,CE14830E000,1 SCOTTS ROAD #B1-01 SHAW CENTRE (MINI RESTAURANT 5) SINGAPORE 228208,na,na,na,na,postal_code,medium_needs_shop_unit_review
124,Wagyu Jin (Temporarily Closed),"1 Scotts Rd, #02-12 Shaw Centre, Singapore 228208",228208,Asian|Japanese,0,4.3,JIL & YELLOWTAIL PTE. LTD.,CE14825A000,1 SCOTTS ROAD #B1-01 SHAW CENTRE (RESTAURANT 6) SINGAPORE 228208,A,na,na,na,postal_code,medium_needs_shop_unit_review
124,Wagyu Jin (Temporarily Closed),"1 Scotts Rd, #02-12 Shaw Centre, Singapore 228208",228208,Asian|Japanese,0,4.3,FOOD REPUBLIC PTE. LTD.,CE14452X000,1 SCOTTS ROAD #B1-01 SHAW CENTRE (FOODCOURT) SINGAPORE 228208,na,na,na,na,postal_code,medium_needs_shop_unit_review
124,Wagyu Jin (Temporarily Closed),"1 Scotts Rd, #02-12 Shaw Centre, Singapore 228208",228208,Asian|Japanese,0,4.3,L & A PTE. LTD.,CE09D43B000,1 SCOTTS ROAD #01-15 SHAW CENTRE SINGAPORE 228208,A,na,na,na,postal_code,medium_needs_shop_unit_review
124,Wagyu Jin (Temporarily Closed),"1 Scotts Rd, #02-12 Shaw Centre, Singapore 228208",228208,Asian|Japanese,0,4.3,LES AMIS HOLDINGS PTE. LTD.?,CE09507N000,1 SCOTTS ROAD #01-14 SHAW CENTRE SINGAPORE 228208,A,na,na,na,postal_code,medium_needs_shop_unit_review
124,Wagyu Jin (Temporarily Closed),"1 Scotts Rd, #02-12 Shaw Centre, Singapore 228208",228208,Asian|Japanese,0,4.3,FOOD REPUBLIC PTE. LTD.,CE14452X018,1 SCOTTS ROAD #B1-01 SHAW CENTRE (FOODCOURT) SINGAPORE 228208,A,na,na,na,postal_code,medium_needs_shop_unit_review
124,Wagyu Jin (Temporarily Closed),"1 Scotts Rd, #02-12 Shaw Centre, Singapore 228208",228208,Asian|Japanese,0,4.3,LIDO FISH SOUP PTE. LTD.,CE14452X017,1 SCOTTS ROAD #B1-01 SHAW CENTRE (FOODCOURT) SINGAPORE 228208,A,na,na,na,postal_code,medium_needs_shop_unit_review
124,Wagyu Jin (Temporarily Closed),"1 Scotts Rd, #02-12 Shaw Centre, Singapore 228208",228208,Asian|Japanese,0,4.3,WONG YOU MEN,CE14452X014,1 SCOTTS ROAD #B1-01 SHAW CENTRE (FOODCOURT) SINGAPORE 228208,A,na,na,na,postal_code,medium_needs_shop_unit_review
124,Wagyu Jin (Temporarily Closed),"1 Scotts Rd, #02-12 Shaw Centre, Singapore 228208",228208,Asian|Japanese,0,4.3,QIU LIAN BAN MEE PTE LTD,CE14452X013,1 SCOTTS ROAD #B1-01 SHAW CENTRE (FOODCOURT) SINGAPORE 228208,A,na,na,na,postal_code,medium_needs_shop_unit_review
124,Wagyu Jin (Temporarily Closed),"1 Scotts Rd, #02-12 Shaw Centre, Singapore 228208",228208,Asian|Japanese,0,4.3,SIM BOON SENG,CE14452X010,1 SCOTTS ROAD #B1-01 SHAW CENTRE (FOODCOURT) SINGAPORE 228208,A,na,na,na,postal_code,medium_needs_shop_unit_review
124,Wagyu Jin (Temporarily Closed),"1 Scotts Rd, #02-12 Shaw Centre, Singapore 228208",228208,Asian|Japanese,0,4.3,XING WANG ZHAN PTE. LTD.,CE14452X009,1 SCOTTS ROAD #B1-01 SHAW CENTRE (FOODCOURT) SINGAPORE 228208,A,na,na,na,postal_code,medium_needs_shop_unit_review
124,Wagyu Jin (Temporarily Closed),"1 Scotts Rd, #02-12 Shaw Centre, Singapore 228208",228208,Asian|Japanese,0,4.3,MANNA WOK PTE. LTD.,CE14452X008,1 SCOTTS ROAD #B1-01 SHAW CENTRE (FOODCOURT) SINGAPORE 228208,A,na,na,na,postal_code,medium_needs_shop_unit_review
124,Wagyu Jin (Temporarily Closed),"1 Scotts Rd, #02-12 Shaw Centre, Singapore 228208",228208,Asian|Japanese,0,4.3,FOOD REPUBLIC PTE. LTD.,CE14452X007,1 SCOTTS ROAD #B1-01 SHAW CENTRE (FOODCOURT) SINGAPORE 228208,A,na,na,na,postal_code,medium_needs_shop_unit_review
124,Wagyu Jin (Temporarily Closed),"1 Scotts Rd, #02-12 Shaw Centre, Singapore 228208",228208,Asian|Japanese,0,4.3,TAN KOK FUANG,CE14452X006,1 SCOTTS ROAD #B1-01 SHAW CENTRE (FOODCOURT) SINGAPORE 228208,A,na,na,na,postal_code,medium_needs_shop_unit_review
124,Wagyu Jin (Temporarily Closed),"1 Scotts Rd, #02-12 Shaw Centre, Singapore 228208",228208,Asian|Japanese,0,4.3,LE SEN PTE. LTD.,CE14452X005,1 SCOTTS ROAD #B1-01 SHAW CENTRE (FOODCOURT) SINGAPORE 228208,A,na,na,na,postal_code,medium_needs_shop_unit_review
124,Wagyu Jin (Temporarily Closed),"1 Scotts Rd, #02-12 Shaw Centre, Singapore 228208",228208,Asian|Japanese,0,4.3,DINING INNOVATION ASIA-PACIFIC PTE. LTD.,CE14452X004,1 SCOTTS ROAD #B1-01 SHAW CENTRE (FOODCOURT) SINGAPORE 228208,A,na,na,na,postal_code,medium_needs_shop_unit_review
124,Wagyu Jin (Temporarily Closed),"1 Scotts Rd, #02-12 Shaw Centre, Singapore 228208",228208,Asian|Japanese,0,4.3,KOH CHIN SOON,CE14452X003,1 SCOTTS ROAD #B1-01 SHAW CENTRE (FOODCOURT) SINGAPORE 228208,A,na,na,na,postal_code,medium_needs_shop_unit_review
124,Wagyu Jin (Temporarily Closed),"1 Scotts Rd, #02-12 Shaw Centre, Singapore 228208",228208,Asian|Japanese,0,4.3,MARUSAN LPC SINGAPORE PTE. LTD.,CE14452X002,1 SCOTTS ROAD #B1-01 SHAW CENTRE (FOODCOURT) SINGAPORE 228208,A,na,na,na,postal_code,medium_needs_shop_unit_review
124,Wagyu Jin (Temporarily Closed),"1 Scotts Rd, #02-12 Shaw Centre, Singapore 228208",228208,Asian|Japanese,0,4.3,FOOD REPUBLIC PTE. LTD.,CE14452X001,1 SCOTTS ROAD #B1-01 SHAW CENTRE (FOODCOURT) SINGAPORE 228208,A,na,na,na,postal_code,medium_needs_shop_unit_review
77,Ce Soir,"5B Portsdown Rd, Unit 01-03, Singapore 139311",139311,European|French,0,4.9,LKH TAVERN (PTE.) LTD.,SW11A41X000,5B PORTSDOWN ROAD #01-01 SINGAPORE 139311,A,na,na,na,postal_code,medium_needs_shop_unit_review
77,Ce Soir,"5B Portsdown Rd, Unit 01-03, Singapore 139311",139311,European|French,0,4.9,RISTORANTE PIETRASANTA PTE. LTD.,SW08232A000,5B PORTSDOWN ROAD #01-04 SINGAPORE 139311,A,na,na,na,postal_code,medium_needs_shop_unit_review
77,Ce Soir,"5B Portsdown Rd, Unit 01-03, Singapore 139311",139311,European|French,0,4.9,RISTORANTE PIETRASANTA PTE. LTD.,SW08144V000,5B PORTSDOWN ROAD #01-03 SINGAPORE 139311,A,na,na,na,postal_code,medium_needs_shop_unit_review
76,Fiamma,"1 The Knolls, Capella Singapore, Singapore 098297",098297,European|Italian,0,4.8,MILLENIA HOTEL PRIVATE LIMITED,SW09077A000,1 THE KNOLLS SENTOSA ISLAND CAPELLA SINGAPORE BASEMENT 1 SINGAPORE 098297,A,na,na,na,postal_code,medium_needs_shop_unit_review
76,Fiamma,"1 The Knolls, Capella Singapore, Singapore 098297",098297,European|Italian,0,4.8,MILLENIA HOTEL PRIVATE LIMITED,SW09072K000,1 THE KNOLLS. SENTOSA ISLAND CAPELLA SINGAPORE 2ND STY SINGAPORE 098297,na,na,na,na,postal_code,medium_needs_shop_unit_review
76,Fiamma,"1 The Knolls, Capella Singapore, Singapore 098297",098297,European|Italian,0,4.8,MILLENIA HOTEL PRIVATE LIMITED,SW09071L000,1 THE KNOLLS. SENTOSA ISLAND CAPELLA SINGAPORE 1ST STY (BANQUENT) SINGAPORE 098297,A,na,na,na,postal_code,medium_needs_shop_unit_review
76,Fiamma,"1 The Knolls, Capella Singapore, Singapore 098297",098297,European|Italian,0,4.8,MILLENIA HOTEL PRIVATE LIMITED,SW09070N000,1 THE KNOLLS SENTOSA ISLAND CAPELLA SINGAPORE 3RD/4TH STY (CASSIA) SINGAPORE 098297,A,na,na,na,postal_code,medium_needs_shop_unit_review
76,Fiamma,"1 The Knolls, Capella Singapore, Singapore 098297",098297,European|Italian,0,4.8,MILLENIA HOTEL PRIVATE LIMITED,SW09053P000,1 THE KNOLLS SENTOSA ISLAND CAPELLA SINGAPORE 1ST STY SINGAPORE 098297,A,na,na,na,postal_code,medium_needs_shop_unit_review
87,Path Restaurant,"12 Marina Boulevard, Tower 3, #01-05/06 Marina Bay Financial Centre, 018982",018982,Asian|Contemporary|French|Fusion,0,4.6,ELEMEN F&B PTE. LTD.,CE16635N000,12 MARINA BOULEVARD #02-09 MARINA BAY FINANCIAL CENTRE (MR1) SINGAPORE 018982,na,na,na,na,postal_code,medium_needs_shop_unit_review
87,Path Restaurant,"12 Marina Boulevard, Tower 3, #01-05/06 Marina Bay Financial Centre, 018982",018982,Asian|Contemporary|French|Fusion,0,4.6,DELIJOY PTE. LTD.,CE16632V000,12 MARINA BOULEVARD #02-09 MARINA BAY FINANCIAL CENTRE (MR2) SINGAPORE 018982,na,na,na,na,postal_code,medium_needs_shop_unit_review
87,Path Restaurant,"12 Marina Boulevard, Tower 3, #01-05/06 Marina Bay Financial Centre, 018982",018982,Asian|Contemporary|French|Fusion,0,4.6,MISAKI JAPANESE RESTAURANT PTE. LTD.,CE14M05L000,12 MARINA BOULEVARD #02-08 MARINA BAY FINANCIAL CENTRE SINGAPORE 018982,A,na,na,na,postal_code,medium_needs_shop_unit_review
87,Path Restaurant,"12 Marina Boulevard, Tower 3, #01-05/06 Marina Bay Financial Centre, 018982",018982,Asian|Contemporary|French|Fusion,0,4.6,FLOC PRIVATE LIMITED,CE14L46A000,12 MARINA BOULEVARD #01-02 SINGAPORE 018982,A,na,na,na,postal_code,medium_needs_shop_unit_review
87,Path Restaurant,"12 Marina Boulevard, Tower 3, #01-05/06 Marina Bay Financial Centre, 018982",018982,Asian|Contemporary|French|Fusion,0,4.6,CHAIWALA TRADING COMPANY PTE. LTD.,CE13V27V000,12 MARINA BOULEVARD #01-04 SINGAPORE 018982,A,na,na,na,postal_code,medium_needs_shop_unit_review
87,Path Restaurant,"12 Marina Boulevard, Tower 3, #01-05/06 Marina Bay Financial Centre, 018982",018982,Asian|Contemporary|French|Fusion,0,4.6,THE SANDWICH SHOP PTE. LTD.,CE12H62X000,12 MARINA BOULEVARD #02-07 SINGAPORE 018982,A,na,na,na,postal_code,medium_needs_shop_unit_review
87,Path Restaurant,"12 Marina Boulevard, Tower 3, #01-05/06 Marina Bay Financial Centre, 018982",018982,Asian|Contemporary|French|Fusion,0,4.6,MOS FOODS SINGAPORE PTE. LTD.,CE12C74X000,12 MARINA BOULEVARD #01-03 MARINA BAY FINANCIAL CENTRE (TOWER 3) SINGAPORE 018982,A,na,na,na,postal_code,medium_needs_shop_unit_review
87,Path Restaurant,"12 Marina Boulevard, Tower 3, #01-05/06 Marina Bay Financial Centre, 018982",018982,Asian|Contemporary|French|Fusion,0,4.6,CHILLI API CATERING PTE. LTD.,CE12C44J000,12 MARINA BOULEVARD #13-40 MARINA BAY FINANCIAL CENTRE TOWER 3 SINGAPORE 018982,A,na,na,na,postal_code,medium_needs_shop_unit_review
87,Path Restaurant,"12 Marina Boulevard, Tower 3, #01-05/06 Marina Bay Financial Centre, 018982",018982,Asian|Contemporary|French|Fusion,0,4.6,STARBUCKS COFFEE SINGAPORE PTE. LTD.,CE12C28J000,12 MARINA BOULEVARD #13-35 SINGAPORE 018982,A,na,na,na,postal_code,medium_needs_shop_unit_review
87,Path Restaurant,"12 Marina Boulevard, Tower 3, #01-05/06 Marina Bay Financial Centre, 018982",018982,Asian|Contemporary|French|Fusion,0,4.6,THE BAKERY DEPOT PTE LTD,CE12894L000,12 MARINA BOULEVARD #01-07 SINGAPORE 018982,A,na,na,na,postal_code,medium_needs_shop_unit_review
87,Path Restaurant,"12 Marina Boulevard, Tower 3, #01-05/06 Marina Bay Financial Centre, 018982",018982,Asian|Contemporary|French|Fusion,0,4.6,D&N SINGAPORE PTE. LTD.,CE12879K000,12 MARINA BOULEVARD #01-05 MARINA BAY FINANCIAL CENTRE SINGAPORE 018982,A,na,na,na,postal_code,medium_needs_shop_unit_review
87,Path Restaurant,"12 Marina Boulevard, Tower 3, #01-05/06 Marina Bay Financial Centre, 018982",018982,Asian|Contemporary|French|Fusion,0,4.6,THE BAKERY DEPOT PTE LTD,CE12727X000,12 MARINA BOULEVARD #01-08 SINGAPORE 018982,A,na,na,na,postal_code,medium_needs_shop_unit_review
87,Path Restaurant,"12 Marina Boulevard, Tower 3, #01-05/06 Marina Bay Financial Centre, 018982",018982,Asian|Contemporary|French|Fusion,0,4.6,NAGAYAMA FOODS SINGAPORE PTE. LTD.,CE12666K000,12 MARINA BOULEVARD #01-01 MARINA BAY FINANCIAL CENTRE SINGAPORE 018982,A,na,na,na,postal_code,medium_needs_shop_unit_review
87,Path Restaurant,"12 Marina Boulevard, Tower 3, #01-05/06 Marina Bay Financial Centre, 018982",018982,Asian|Contemporary|French|Fusion,0,4.6,TOWER 3 PTE. LTD.,CE12644A000,12 MARINA BOULEVARD #01-06 SINGAPORE 018982,A,na,na,na,postal_code,medium_needs_shop_unit_review
87,Path Restaurant,"12 Marina Boulevard, Tower 3, #01-05/06 Marina Bay Financial Centre, 018982",018982,Asian|Contemporary|French|Fusion,0,4.6,NTUC FOODFARE CO-OPERATIVE LTD,CE12592L000,12 MARINA BOULEVARD #02-01 SINGAPORE 018982,na,na,na,na,postal_code,medium_needs_shop_unit_review
87,Path Restaurant,"12 Marina Boulevard, Tower 3, #01-05/06 Marina Bay Financial Centre, 018982",018982,Asian|Contemporary|French|Fusion,0,4.6,THE FLYING KITCHEN PTE. LTD.,CE12579E000,12 MARINA BOULEVARD #02-06 SINGAPORE 018982,A,na,na,na,postal_code,medium_needs_shop_unit_review
87,Path Restaurant,"12 Marina Boulevard, Tower 3, #01-05/06 Marina Bay Financial Centre, 018982",018982,Asian|Contemporary|French|Fusion,0,4.6,MEX OUT PTE. LTD.,CE12290L000,12 MARINA BOULEVARD #02-05 SINGAPORE 018982,A,na,na,na,postal_code,medium_needs_shop_unit_review
87,Path Restaurant,"12 Marina Boulevard, Tower 3, #01-05/06 Marina Bay Financial Centre, 018982",018982,Asian|Contemporary|French|Fusion,0,4.6,NTUC FOODFARE CO-OPERATIVE LTD,CE12592L014,12 MARINA BOULEVARD #02-01 SINGAPORE 018982,A,na,na,na,postal_code,medium_needs_shop_unit_review
87,Path Restaurant,"12 Marina Boulevard, Tower 3, #01-05/06 Marina Bay Financial Centre, 018982",018982,Asian|Contemporary|French|Fusion,0,4.6,LIM TJIE ANG,CE12592L013,12 MARINA BOULEVARD #02-01 SINGAPORE 018982,A,na,na,na,postal_code,medium_needs_shop_unit_review
87,Path Restaurant,"12 Marina Boulevard, Tower 3, #01-05/06 Marina Bay Financial Centre, 018982",018982,Asian|Contemporary|French|Fusion,0,4.6,NTUC FOODFARE CO-OPERATIVE LTD,CE12592L012,12 MARINA BOULEVARD #02-01 SINGAPORE 018982,A,na,na,na,postal_code,medium_needs_shop_unit_review
87,Path Restaurant,"12 Marina Boulevard, Tower 3, #01-05/06 Marina Bay Financial Centre, 018982",018982,Asian|Contemporary|French|Fusion,0,4.6,CHANG CHENG FOOD & BEVERAGE PTE. LTD.,CE12592L011,12 MARINA BOULEVARD #02-01 SINGAPORE 018982,A,na,na,na,postal_code,medium_needs_shop_unit_review
87,Path Restaurant,"12 Marina Boulevard, Tower 3, #01-05/06 Marina Bay Financial Centre, 018982",018982,Asian|Contemporary|French|Fusion,0,4.6,ANG CHIWE PENG,CE12592L010,12 MARINA BOULEVARD #02-01 SINGAPORE 018982,A,na,na,na,postal_code,medium_needs_shop_unit_review
87,Path Restaurant,"12 Marina Boulevard, Tower 3, #01-05/06 Marina Bay Financial Centre, 018982",018982,Asian|Contemporary|French|Fusion,0,4.6,CHINATOWN TAN'S TUTU LLP,CE12592L009,12 MARINA BOULEVARD #02-01 SINGAPORE 018982,A,na,na,na,postal_code,medium_needs_shop_unit_review
87,Path Restaurant,"12 Marina Boulevard, Tower 3, #01-05/06 Marina Bay Financial Centre, 018982",018982,Asian|Contemporary|French|Fusion,0,4.6,GADOGRILL MBFC PTE. LTD.,CE12592L008,12 MARINA BOULEVARD #02-01 SINGAPORE 018982,A,na,na,na,postal_code,medium_needs_shop_unit_review
87,Path Restaurant,"12 Marina Boulevard, Tower 3, #01-05/06 Marina Bay Financial Centre, 018982",018982,Asian|Contemporary|French|Fusion,0,4.6,JFORT PTE. LTD.,CE12592L007,12 MARINA BOULEVARD #02-01 SINGAPORE 018982,A,na,na,na,postal_code,medium_needs_shop_unit_review
87,Path Restaurant,"12 Marina Boulevard, Tower 3, #01-05/06 Marina Bay Financial Centre, 018982",018982,Asian|Contemporary|French|Fusion,0,4.6,LUO MEI FANG,CE12592L006,12 MARINA BOULEVARD #02-01 SINGAPORE 018982,A,na,na,na,postal_code,medium_needs_shop_unit_review
87,Path Restaurant,"12 Marina Boulevard, Tower 3, #01-05/06 Marina Bay Financial Centre, 018982",018982,Asian|Contemporary|French|Fusion,0,4.6,CHEN CHANGXI,CE12592L005,12 MARINA BOULEVARD #02-01 SINGAPORE 018982,A,na,na,na,postal_code,medium_needs_shop_unit_review
87,Path Restaurant,"12 Marina Boulevard, Tower 3, #01-05/06 Marina Bay Financial Centre, 018982",018982,Asian|Contemporary|French|Fusion,0,4.6,EIGHT IMMORTALS VEGETARIAN PTE LTD,CE12592L004,12 MARINA BOULEVARD #02-01 SINGAPORE 018982,A,na,na,na,postal_code,medium_needs_shop_unit_review
87,Path Restaurant,"12 Marina Boulevard, Tower 3, #01-05/06 Marina Bay Financial Centre, 018982",018982,Asian|Contemporary|French|Fusion,0,4.6,COPPER CHIMNEY PTE. LTD.,CE12592L003,12 MARINA BOULEVARD #02-01 SINGAPORE 018982,A,na,na,na,postal_code,medium_needs_shop_unit_review
87,Path Restaurant,"12 Marina Boulevard, Tower 3, #01-05/06 Marina Bay Financial Centre, 018982",018982,Asian|Contemporary|French|Fusion,0,4.6,GAN HOCK LIM,CE12592L001,12 MARINA BOULEVARD #02-01 SINGAPORE 018982,A,na,na,na,postal_code,medium_needs_shop_unit_review
70,Tamarind Hill,"30 Labrador Villa Road, Singapore 119189",119189,Asian|Burmese|Thai,0,4.2,LABRADOR HILL PTE. LTD.,SW11758X000,30 LABRADOR VILLA ROAD SINGAPORE 119189,A,na,na,na,postal_code,medium_needs_shop_unit_review
109,Hazuki,"391 Orchard Rd, Ngee Ann City, #04-18A, Singapore 238872",238872,Asian|Japanese|Omakase,0,4.8,CRYSTAL JADE PALACE RESTAURANT PTE LTD?,W93134L000,391 ORCHARD ROAD #04-19 TAKASHIMAYA SHOPPING CENTRE SINGAPORE 238872,A,na,na,na,postal_code,medium_needs_shop_unit_review
109,Hazuki,"391 Orchard Rd, Ngee Ann City, #04-18A, Singapore 238872",238872,Asian|Japanese|Omakase,0,4.8,CRYSTAL JADE(LA MIAN XIAO LONG BAO) PTE LTD,W93094P000,391 ORCHARD ROAD #04-27 NGEE ANN CITY SINGAPORE 238872,A,na,na,na,postal_code,medium_needs_shop_unit_review
109,Hazuki,"391 Orchard Rd, Ngee Ann City, #04-18A, Singapore 238872",238872,Asian|Japanese|Omakase,0,4.8,CRYSTAL JADE KITCHEN (ORCHARD) PTE LTD,CE12E83C000,391 ORCHARD ROAD #B2-38 NGEE ANN CITY SINGAPORE 238872,A,na,na,na,postal_code,medium_needs_shop_unit_review
109,Hazuki,"391 Orchard Rd, Ngee Ann City, #04-18A, Singapore 238872",238872,Asian|Japanese|Omakase,0,4.8,R E & S ENTERPRISES PTE LTD,W99248L000,391 ORCHARD ROAD #02-13/15 SINGAPORE 238872,A,na,na,na,postal_code,medium_needs_shop_unit_review
109,Hazuki,"391 Orchard Rd, Ngee Ann City, #04-18A, Singapore 238872",238872,Asian|Japanese|Omakase,0,4.8,IMPERIAL TREASURE NAN BEI RESTAURANT PTE LTD,W99043L000,391 ORCHARD ROAD #05-12/13/14 NGEE ANN CITY TOWER A SINGAPORE 238872,A,na,na,na,postal_code,medium_needs_shop_unit_review
109,Hazuki,"391 Orchard Rd, Ngee Ann City, #04-18A, Singapore 238872",238872,Asian|Japanese|Omakase,0,4.8,LIVING SWEETNESS PTE. LTD.,W97207B000,391 ORCHARD ROAD #05-29 TAKASHIMAYA SHOPPING CENTRE SINGAPORE 238872,A,na,na,na,postal_code,medium_needs_shop_unit_review
109,Hazuki,"391 Orchard Rd, Ngee Ann City, #04-18A, Singapore 238872",238872,Asian|Japanese|Omakase,0,4.8,SUSHI-TEI PTE LTD,W97124E000,391 ORCHARD ROAD #05-30/31 NGEE ANN CITY SINGAPORE 238872,A,na,na,na,postal_code,medium_needs_shop_unit_review
109,Hazuki,"391 Orchard Rd, Ngee Ann City, #04-18A, Singapore 238872",238872,Asian|Japanese|Omakase,0,4.8,KENTUCKY FRIED CHICKEN MANAGEMENT PTE LTD,W96306E000,391 ORCHARD ROAD #B1-01 TAKASHIMAYA SHOPPING CENTRE SINGAPORE 238872,A,na,na,na,postal_code,medium_needs_shop_unit_review
109,Hazuki,"391 Orchard Rd, Ngee Ann City, #04-18A, Singapore 238872",238872,Asian|Japanese|Omakase,0,4.8,CREATIVE FOOD CONCEPT PTE. LTD.,W93155B000,391 ORCHARD ROAD #B2-33 NGEE ANN CITY SINGAPORE 238872,A,na,na,na,postal_code,medium_needs_shop_unit_review
109,Hazuki,"391 Orchard Rd, Ngee Ann City, #04-18A, Singapore 238872",238872,Asian|Japanese|Omakase,0,4.8,THE COFFEE BEAN & TEA LEAF (SINGAPORE) PTE LTD,W93129E000,391 ORCHARD ROAD #B1-37 TAKASHIMAYA SHOPPING CENTRE SINGAPORE 238872,A,na,na,na,postal_code,medium_needs_shop_unit_review
109,Hazuki,"391 Orchard Rd, Ngee Ann City, #04-18A, Singapore 238872",238872,Asian|Japanese|Omakase,0,4.8,CREATIVE FOOD CONCEPT PTE. LTD.,W93126L000,391 ORCHARD ROAD #04-28 NGEE ANN CITY SINGAPORE 238872,A,na,na,na,postal_code,medium_needs_shop_unit_review
109,Hazuki,"391 Orchard Rd, Ngee Ann City, #04-18A, Singapore 238872",238872,Asian|Japanese|Omakase,0,4.8,COCA INTERNATIONAL SINGAPORE CO PTE. LTD.,W93124P000,391 ORCHARD ROAD #04-23 NGEE ANN CITY SINGAPORE 238872,A,na,na,na,postal_code,medium_needs_shop_unit_review
109,Hazuki,"391 Orchard Rd, Ngee Ann City, #04-18A, Singapore 238872",238872,Asian|Japanese|Omakase,0,4.8,IMPERIAL TREASURE SHANGHAI CUISINE PTE. LTD.,W93108P000,391 ORCHARD ROAD #04-22 TAKASHIMAYA SHOPPING CENTRE NGEE ANN CITY SINGAPORE 238872,A,na,na,na,postal_code,medium_needs_shop_unit_review
109,Hazuki,"391 Orchard Rd, Ngee Ann City, #04-18A, Singapore 238872",238872,Asian|Japanese|Omakase,0,4.8,ANGUS STEAK HOUSE (S) PTE LTD?,W93102E000,391 ORCHARD ROAD #04-25/26 NGEE ANN CITY SINGAPORE 238872,A,na,na,na,postal_code,medium_needs_shop_unit_review
109,Hazuki,"391 Orchard Rd, Ngee Ann City, #04-18A, Singapore 238872",238872,Asian|Japanese|Omakase,0,4.8,SAPPORO LION (S) PTE. LTD.,W93086P000,391 ORCHARD ROAD #04-24 NGEE ANN CITY SINGAPORE 238872,A,na,na,na,postal_code,medium_needs_shop_unit_review
109,Hazuki,"391 Orchard Rd, Ngee Ann City, #04-18A, Singapore 238872",238872,Asian|Japanese|Omakase,0,4.8,PAUL SINGAPORE PTE. LTD.,W93075A000,391 ORCHARD ROAD #03-16/17 SINGAPORE 238872,A,na,na,na,postal_code,medium_needs_shop_unit_review
109,Hazuki,"391 Orchard Rd, Ngee Ann City, #04-18A, Singapore 238872",238872,Asian|Japanese|Omakase,0,4.8,SAINT PIERRE MARKET PTE. LTD.,W03389P000,391 ORCHARD ROAD #02-11 NGEE ANN CITY SINGAPORE 238872,A,na,na,na,postal_code,medium_needs_shop_unit_review
109,Hazuki,"391 Orchard Rd, Ngee Ann City, #04-18A, Singapore 238872",238872,Asian|Japanese|Omakase,0,4.8,1A CRISPY PUFFS PTE. LTD.,W01297P000,391 ORCHARD ROAD #B2-07-3-3 SINGAPORE 238872,A,na,na,na,postal_code,medium_needs_shop_unit_review
109,Hazuki,"391 Orchard Rd, Ngee Ann City, #04-18A, Singapore 238872",238872,Asian|Japanese|Omakase,0,4.8,LNC PTE. LTD.,W01189A000,391 ORCHARD ROAD #B2-07-5-1 TAKASHIMAYA SHOPPING CENTRE SINGAPORE 238872,A,na,na,na,postal_code,medium_needs_shop_unit_review
109,Hazuki,"391 Orchard Rd, Ngee Ann City, #04-18A, Singapore 238872",238872,Asian|Japanese|Omakase,0,4.8,HENRYBROS SINGAPORE PTE. LTD.,CE15676C000,391 ORCHARD ROAD #03-10 NGEE ANN CITY SINGAPORE 238872,A,na,na,na,postal_code,medium_needs_shop_unit_review
109,Hazuki,"391 Orchard Rd, Ngee Ann City, #04-18A, Singapore 238872",238872,Asian|Japanese|Omakase,0,4.8,CRUSSH FOODS PTE. LTD.,CE15430A000,391 ORCHARD ROAD #B2-32A NGEE ANN CITY SINGAPORE 238872,A,na,na,na,postal_code,medium_needs_shop_unit_review
109,Hazuki,"391 Orchard Rd, Ngee Ann City, #04-18A, Singapore 238872",238872,Asian|Japanese|Omakase,0,4.8,R&Y GROUP PTE LTD,CE14Q32C000,391 ORCHARD ROAD #05-06/07 NGEE ANN CITY SINGAPORE 238872,A,na,na,na,postal_code,medium_needs_shop_unit_review
109,Hazuki,"391 Orchard Rd, Ngee Ann City, #04-18A, Singapore 238872",238872,Asian|Japanese|Omakase,0,4.8,CRYSTAL JADE KOREAN GINSENG CHICKEN & BBQ RESTAURANT PTE. LTD.,CE14773L000,391 ORCHARD ROAD #B2-36A NGEE ANN CITY SINGAPORE 238872,A,na,na,na,postal_code,medium_needs_shop_unit_review
109,Hazuki,"391 Orchard Rd, Ngee Ann City, #04-18A, Singapore 238872",238872,Asian|Japanese|Omakase,0,4.8,EAST OCEAN TEOCHEW RESTAURANT PTE LTD,CE06M19P000,391 ORCHARD ROAD #05-08/09 NGEE ANN CITY SINGAPORE 238872,A,na,na,na,postal_code,medium_needs_shop_unit_review
93,Rang Mahal,"7 Raffles Blvd, Level 3 Pan Pacific, Singapore 039595",039595,Asian|Indian,0,4.1,RANG MAHAL PTE LTD,W86131C000,7 RAFFLES BOULEVARD PAN PACIFIC HOTEL (LEVEL 3) SINGAPORE 039595,A,na,na,na,postal_code,medium_needs_shop_unit_review
93,Rang Mahal,"7 Raffles Blvd, Level 3 Pan Pacific, Singapore 039595",039595,Asian|Indian,0,4.1,HOTEL MARINA CITY PRIVATE LIMITED?,W86137N000,7 RAFFLES BOULEVARD LEVEL 37 PAN PACIFIC HOTEL (PACIFIC CLUB) SINGAPORE 039595,A,na,na,na,postal_code,medium_needs_shop_unit_review
93,Rang Mahal,"7 Raffles Blvd, Level 3 Pan Pacific, Singapore 039595",039595,Asian|Indian,0,4.1,HOTEL MARINA CITY PRIVATE LIMITED?,W86134V000,7 RAFFLES BOULEVARD #04-00 PAN PACIFIC HOTEL SINGAPORE 039595,A,na,na,na,postal_code,medium_needs_shop_unit_review
93,Rang Mahal,"7 Raffles Blvd, Level 3 Pan Pacific, Singapore 039595",039595,Asian|Indian,0,4.1,HOTEL MARINA CITY PRIVATE LIMITED?,W86133A000,7 RAFFLES BOULEVARD #04-00 PAN PACIFIC HOTEL SINGAPORE 039595,A,na,na,na,postal_code,medium_needs_shop_unit_review
93,Rang Mahal,"7 Raffles Blvd, Level 3 Pan Pacific, Singapore 039595",039595,Asian|Indian,0,4.1,HOTEL MARINA CITY PRIVATE LIMITED?,W86127X000,7 RAFFLES BOULEVARD #01-00 PAN PACIFIC HOTEL SINGAPORE 039595,A,na,na,na,postal_code,medium_needs_shop_unit_review
93,Rang Mahal,"7 Raffles Blvd, Level 3 Pan Pacific, Singapore 039595",039595,Asian|Indian,0,4.1,HOTEL MARINA CITY PRIVATE LIMITED?,CE12A46P000,7 RAFFLES BOULEVARD LEVEL 3 PAN PACIFIC HOTEL (HAI TIEN LO) SINGAPORE 039595,A,na,na,na,postal_code,medium_needs_shop_unit_review
93,Rang Mahal,"7 Raffles Blvd, Level 3 Pan Pacific, Singapore 039595",039595,Asian|Indian,0,4.1,HOTEL MARINA CITY PRIVATE LIMITED?,CE12A44V000,7 RAFFLES BOULEVARD LEVEL 3 PAN PACIFIC HOTEL (EDGE) SINGAPORE 039595,A,na,na,na,postal_code,medium_needs_shop_unit_review
93,Rang Mahal,"7 Raffles Blvd, Level 3 Pan Pacific, Singapore 039595",039595,Asian|Indian,0,4.1,HOTEL MARINA CITY PRIVATE LIMITED?,CE12A37X000,7 RAFFLES BOULEVARD PAN PACIFIC HOTEL SINGAPORE 039595,A,na,na,na,postal_code,medium_needs_shop_unit_review
93,Rang Mahal,"7 Raffles Blvd, Level 3 Pan Pacific, Singapore 039595",039595,Asian|Indian,0,4.1,HOTEL MARINA CITY PRIVATE LIMITED?,CE12A30K000,7 RAFFLES BOULEVARD PAN PACIFIC HOTEL SINGAPORE 039595,na,na,na,na,postal_code,medium_needs_shop_unit_review
93,Rang Mahal,"7 Raffles Blvd, Level 3 Pan Pacific, Singapore 039595",039595,Asian|Indian,0,4.1,ROYAL CONCEPTS PTE LTD,CE09903V000,7 RAFFLES BOULEVARD #01-050 PAN PACIFIC HOTEL SINGAPORE 039595,A,na,na,na,postal_code,medium_needs_shop_unit_review
113,Taiga Dining,"1 Cuscaden Rd, #01-03/04 Conrad Singapore, Singapore 249715",249715,Asian|Japanese|Omakase,0,4.7,REGENT INTERNATIONAL HOTELS (S) PTE LTD,W82189K000,1 CUSCADEN ROAD REGENT HOTEL SINGAPORE SINGAPORE 249715,A,na,na,na,postal_code,medium_needs_shop_unit_review
113,Taiga Dining,"1 Cuscaden Rd, #01-03/04 Conrad Singapore, Singapore 249715",249715,Asian|Japanese|Omakase,0,4.7,REGENT INTERNATIONAL HOTELS (S) PTE LTD,W91184B000,1 CUSCADEN ROAD REGENT HOTEL SINGAPORE SINGAPORE 249715,A,na,na,na,postal_code,medium_needs_shop_unit_review
113,Taiga Dining,"1 Cuscaden Rd, #01-03/04 Conrad Singapore, Singapore 249715",249715,Asian|Japanese|Omakase,0,4.7,REGENT INTERNATIONAL HOTELS (S) PTE LTD,W82190J000,1 CUSCADEN ROAD REGENT HOTEL SINGAPORE SINGAPORE 249715,A,na,na,na,postal_code,medium_needs_shop_unit_review
113,Taiga Dining,"1 Cuscaden Rd, #01-03/04 Conrad Singapore, Singapore 249715",249715,Asian|Japanese|Omakase,0,4.7,REGENT INTERNATIONAL HOTELS (S) PTE LTD,W82186A000,1 CUSCADEN ROAD REGENT HOTEL SINGAPORE SINGAPORE 249715,A,na,na,na,postal_code,medium_needs_shop_unit_review
113,Taiga Dining,"1 Cuscaden Rd, #01-03/04 Conrad Singapore, Singapore 249715",249715,Asian|Japanese|Omakase,0,4.7,REGENT INTERNATIONAL HOTELS (S) PTE LTD,W82185B000,1 CUSCADEN ROAD REGENT HOTEL SINGAPORE SINGAPORE 249715,A,na,na,na,postal_code,medium_needs_shop_unit_review
113,Taiga Dining,"1 Cuscaden Rd, #01-03/04 Conrad Singapore, Singapore 249715",249715,Asian|Japanese|Omakase,0,4.7,REGENT INTERNATIONAL HOTELS (S) PTE LTD,W82184C000,1 CUSCADEN ROAD REGENT HOTEL SINGAPORE SINGAPORE 249715,na,na,na,na,postal_code,medium_needs_shop_unit_review
113,Taiga Dining,"1 Cuscaden Rd, #01-03/04 Conrad Singapore, Singapore 249715",249715,Asian|Japanese|Omakase,0,4.7,REGENT INTERNATIONAL HOTELS (S) PTE LTD,CE07S46K000,1 CUSCADEN ROAD REGENT HOTEL SINGAPORE SINGAPORE 249715,na,na,na,na,postal_code,medium_needs_shop_unit_review
113,Taiga Dining,"1 Cuscaden Rd, #01-03/04 Conrad Singapore, Singapore 249715",249715,Asian|Japanese|Omakase,0,4.7,SEOUL RESTAURANTS PTE. LTD.,CE04405V000,1 CUSCADEN ROAD #03-02 REGENT HOTEL SINGAPORE SINGAPORE 249715,A,na,na,na,postal_code,medium_needs_shop_unit_review
113,Taiga Dining,"1 Cuscaden Rd, #01-03/04 Conrad Singapore, Singapore 249715",249715,Asian|Japanese|Omakase,0,4.7,SSY PTE LTD,CE04176J000,1 CUSCADEN ROAD #03-01 REGENT HOTEL SINGAPORE SINGAPORE 249715,A,na,na,na,postal_code,medium_needs_shop_unit_review
85,Garibaldi Italian Restaurant & Bar,"36 Purvis St, #01-02, Singapore 188613",188613,European|Italian,0,4.5,GARIBALDI PTE. LTD.,W99214K000,36 PURVIS STREET #01-01/02 SINGAPORE 188613,A,na,na,na,postal_code,medium_needs_shop_unit_review
85,Garibaldi Italian Restaurant & Bar,"36 Purvis St, #01-02, Singapore 188613",188613,European|Italian,0,4.5,GURO PRIVATE LIMITED,W98288C000,36 PURVIS STREET #01-03 SINGAPORE 188613,A,na,na,na,postal_code,medium_needs_shop_unit_review
85,Garibaldi Italian Restaurant & Bar,"36 Purvis St, #01-02, Singapore 188613",188613,European|Italian,0,4.5,TAY CHIN SOON,W97429A000,36 PURVIS STREET #01-04 SINGAPORE 188613,A,na,na,na,postal_code,medium_needs_shop_unit_review
84,Restaurant Born,"1 Neil Rd, #01-01, Singapore 088804",088804,Asian|Chinese|Contemporary|European|French|Fusion,1,4.7,CHING BAR LOUNGE PTE LTD,CE06J41P000,1 NEIL ROAD 1ST STOREY SINGAPORE 088804,na,na,na,na,postal_code,medium_needs_shop_unit_review
3,La Dame de Pic,"1 Beach Road, Singapore 189673",189673,European|French,1,4.5,BEACH ROAD HOTEL (1886) LTD.,W91079J000,1/3 BEACH ROAD #B1-00 RAFFLES HOTEL SINGAPORE 189673,A,na,na,na,postal_code,medium_needs_shop_unit_review
3,La Dame de Pic,"1 Beach Road, Singapore 189673",189673,European|French,1,4.5,KANESAKA SUSHI PRIVATE LIMITED,W95109V000,1 BEACH ROAD #02-20/21 (DOC CHENG) RAFFLES HOTEL SINGAPORE 189673,A,na,na,na,postal_code,medium_needs_shop_unit_review
3,La Dame de Pic,"1 Beach Road, Singapore 189673",189673,European|French,1,4.5,ROYAL CHINA RESTAURANT PTE LTD,W91082X000,1 BEACH ROAD RAFFLES HOTEL SINGAPORE 189673,B,na,na,na,postal_code,medium_needs_shop_unit_review
3,La Dame de Pic,"1 Beach Road, Singapore 189673",189673,European|French,1,4.5,BEACH ROAD HOTEL (1886) LTD.,W91081V000,1/3 BEACH ROAD #02-00 RAFFLES HOTEL (LONG BAR) SINGAPORE 189673,A,na,na,na,postal_code,medium_needs_shop_unit_review
3,La Dame de Pic,"1 Beach Road, Singapore 189673",189673,European|French,1,4.5,BEACH ROAD HOTEL (1886) LTD.,W91080A000,1/3 BEACH ROAD #03-00 RAFFLES HOTEL (LONG BAR) SINGAPORE 189673,na,na,na,na,postal_code,medium_needs_shop_unit_review
3,La Dame de Pic,"1 Beach Road, Singapore 189673",189673,European|French,1,4.5,BEACH ROAD HOTEL (1886) LTD.,W91078K000,1 BEACH ROAD RAFFLES HOTEL SINGAPORE 189673,A,na,na,na,postal_code,medium_needs_shop_unit_review
3,La Dame de Pic,"1 Beach Road, Singapore 189673",189673,European|French,1,4.5,BEACH ROAD HOTEL (1886) LTD.,W91077L000,1/3 BEACH ROAD RAFFLES HOTEL (LOBBY) SINGAPORE 189673,na,na,na,na,postal_code,medium_needs_shop_unit_review
3,La Dame de Pic,"1 Beach Road, Singapore 189673",189673,European|French,1,4.5,BEACH ROAD HOTEL (1886) LTD.,W91072A000,1/3 BEACH ROAD #01-00 RAFFLES HOTEL SINGAPORE 189673,A,na,na,na,postal_code,medium_needs_shop_unit_review
3,La Dame de Pic,"1 Beach Road, Singapore 189673",189673,European|French,1,4.5,BEACH ROAD HOTEL (1886) LTD.,W91070C000,1 BEACH ROAD RAFFLES HOTEL (#01-00/#B1-00) SINGAPORE 189673,A,na,na,na,postal_code,medium_needs_shop_unit_review
3,La Dame de Pic,"1 Beach Road, Singapore 189673",189673,European|French,1,4.5,BEACH ROAD HOTEL (1886) LTD.,W91069L000,1/3 BEACH ROAD #03-00 RAFFLES HOTEL E BLOCK POOL BAR SINGAPORE 189673,A,na,na,na,postal_code,medium_needs_shop_unit_review
3,La Dame de Pic,"1 Beach Road, Singapore 189673",189673,European|French,1,4.5,BEACH ROAD HOTEL (1886) LTD.,W91067P000,1/3 BEACH ROAD RAFFLES HOTEL SINGAPORE 189673,A,na,na,na,postal_code,medium_needs_shop_unit_review
3,La Dame de Pic,"1 Beach Road, Singapore 189673",189673,European|French,1,4.5,BEACH ROAD HOTEL (1886) LTD.,CE14493A000,1 BEACH ROAD RAFFLES HOTEL (LEVEL 1) SINGAPORE 189673,A,na,na,na,postal_code,medium_needs_shop_unit_review
62,Bam! Restaurant,"38-40 Tras Street, Singapore 078977",078977,Asian|European|Fusion|Japanese|Omakase|Spanish,0,4.5,BAM! ASSETS PRIVATE LIMITED,CE13601N000,38 TRAS STREET SINGAPORE 078977,A,na,na,na,postal_code,medium_needs_shop_unit_review
33,Les Amis,"1 Scotts Rd, #01 - 16 Shaw Centre, Singapore 228208",228208,European|French,3,4.6,WA FU PTE LTD,W97162P000,1 SCOTTS ROAD #01-19 SHAW CENTRE SINGAPORE 228208,A,na,na,na,postal_code,medium_needs_shop_unit_review
33,Les Amis,"1 Scotts Rd, #01 - 16 Shaw Centre, Singapore 228208",228208,European|French,3,4.6,LES AMIS HOLDINGS PTE. LTD.?,W94340N000,1 SCOTTS ROAD #01-16/17/18 & #02-14/15/16 SHAW CENTRE SINGAPORE 228208,A,na,na,na,postal_code,medium_needs_shop_unit_review
33,Les Amis,"1 Scotts Rd, #01 - 16 Shaw Centre, Singapore 228208",228208,European|French,3,4.6,LES AMIS HOLDINGS PTE. LTD.?,W03283L000,1 SCOTTS ROAD #01-12/13 SHAW CENTRE SINGAPORE 228208,A,na,na,na,postal_code,medium_needs_shop_unit_review
33,Les Amis,"1 Scotts Rd, #01 - 16 Shaw Centre, Singapore 228208",228208,European|French,3,4.6,BANGKOK GEM PTE. LTD.,CE15I67A000,1 SCOTTS ROAD #B1-01 (MR#7) SHAW CENTRE SINGAPORE 228208,A,na,na,na,postal_code,medium_needs_shop_unit_review
33,Les Amis,"1 Scotts Rd, #01 - 16 Shaw Centre, Singapore 228208",228208,European|French,3,4.6,IPPUDO SINGAPORE PTE. LTD.,CE15099C000,1 SCOTTS ROAD #04-22/23 SHAW CENTRE SINGAPORE 228208,A,na,na,na,postal_code,medium_needs_shop_unit_review
33,Les Amis,"1 Scotts Rd, #01 - 16 Shaw Centre, Singapore 228208",228208,European|French,3,4.6,COCOA COLONY (S) PTE. LTD.,CE14N46K000,1 SCOTTS ROAD #01-06 SHAW CENTRE SINGAPORE 228208,A,na,na,na,postal_code,medium_needs_shop_unit_review
33,Les Amis,"1 Scotts Rd, #01 - 16 Shaw Centre, Singapore 228208",228208,European|French,3,4.6,I WANT MY NOODLE PTE. LTD.,CE14L10B000,1 SCOTTS ROAD #03-14/15 SHAW CENTRE SINGAPORE 228208,A,na,na,na,postal_code,medium_needs_shop_unit_review
33,Les Amis,"1 Scotts Rd, #01 - 16 Shaw Centre, Singapore 228208",228208,European|French,3,4.6,LES AMIS HOLDINGS PTE. LTD.?,CE14K40X000,1 SCOTTS ROAD #02-10/11 SHAW CENTRE SINGAPORE 228208,A,na,na,na,postal_code,medium_needs_shop_unit_review
33,Les Amis,"1 Scotts Rd, #01 - 16 Shaw Centre, Singapore 228208",228208,European|French,3,4.6,XI YAN SHAW PTE. LTD.,CE14J88N000,1 SCOTTS ROAD #03-12/13 SHAW CENTRE SINGAPORE 228208,A,na,na,na,postal_code,medium_needs_shop_unit_review
33,Les Amis,"1 Scotts Rd, #01 - 16 Shaw Centre, Singapore 228208",228208,European|French,3,4.6,THE SHIP RESTAURANT & BAR PTE. LTD.,CE14H04A000,1 SCOTTS ROAD #03-16/18 SHAW CENTRE SINGAPORE 228208,A,na,na,na,postal_code,medium_needs_shop_unit_review
33,Les Amis,"1 Scotts Rd, #01 - 16 Shaw Centre, Singapore 228208",228208,European|French,3,4.6,DAWOOD PRATA POINT PTE. LTD.,CE14830E000,1 SCOTTS ROAD #B1-01 SHAW CENTRE (MINI RESTAURANT 5) SINGAPORE 228208,na,na,na,na,postal_code,medium_needs_shop_unit_review
33,Les Amis,"1 Scotts Rd, #01 - 16 Shaw Centre, Singapore 228208",228208,European|French,3,4.6,JIL & YELLOWTAIL PTE. LTD.,CE14825A000,1 SCOTTS ROAD #B1-01 SHAW CENTRE (RESTAURANT 6) SINGAPORE 228208,A,na,na,na,postal_code,medium_needs_shop_unit_review
33,Les Amis,"1 Scotts Rd, #01 - 16 Shaw Centre, Singapore 228208",228208,European|French,3,4.6,FOOD REPUBLIC PTE. LTD.,CE14452X000,1 SCOTTS ROAD #B1-01 SHAW CENTRE (FOODCOURT) SINGAPORE 228208,na,na,na,na,postal_code,medium_needs_shop_unit_review
33,Les Amis,"1 Scotts Rd, #01 - 16 Shaw Centre, Singapore 228208",228208,European|French,3,4.6,L & A PTE. LTD.,CE09D43B000,1 SCOTTS ROAD #01-15 SHAW CENTRE SINGAPORE 228208,A,na,na,na,postal_code,medium_needs_shop_unit_review
33,Les Amis,"1 Scotts Rd, #01 - 16 Shaw Centre, Singapore 228208",228208,European|French,3,4.6,LES AMIS HOLDINGS PTE. LTD.?,CE09507N000,1 SCOTTS ROAD #01-14 SHAW CENTRE SINGAPORE 228208,A,na,na,na,postal_code,medium_needs_shop_unit_review
33,Les Amis,"1 Scotts Rd, #01 - 16 Shaw Centre, Singapore 228208",228208,European|French,3,4.6,FOOD REPUBLIC PTE. LTD.,CE14452X018,1 SCOTTS ROAD #B1-01 SHAW CENTRE (FOODCOURT) SINGAPORE 228208,A,na,na,na,postal_code,medium_needs_shop_unit_review
33,Les Amis,"1 Scotts Rd, #01 - 16 Shaw Centre, Singapore 228208",228208,European|French,3,4.6,LIDO FISH SOUP PTE. LTD.,CE14452X017,1 SCOTTS ROAD #B1-01 SHAW CENTRE (FOODCOURT) SINGAPORE 228208,A,na,na,na,postal_code,medium_needs_shop_unit_review
33,Les Amis,"1 Scotts Rd, #01 - 16 Shaw Centre, Singapore 228208",228208,European|French,3,4.6,WONG YOU MEN,CE14452X014,1 SCOTTS ROAD #B1-01 SHAW CENTRE (FOODCOURT) SINGAPORE 228208,A,na,na,na,postal_code,medium_needs_shop_unit_review
33,Les Amis,"1 Scotts Rd, #01 - 16 Shaw Centre, Singapore 228208",228208,European|French,3,4.6,QIU LIAN BAN MEE PTE LTD,CE14452X013,1 SCOTTS ROAD #B1-01 SHAW CENTRE (FOODCOURT) SINGAPORE 228208,A,na,na,na,postal_code,medium_needs_shop_unit_review
33,Les Amis,"1 Scotts Rd, #01 - 16 Shaw Centre, Singapore 228208",228208,European|French,3,4.6,SIM BOON SENG,CE14452X010,1 SCOTTS ROAD #B1-01 SHAW CENTRE (FOODCOURT) SINGAPORE 228208,A,na,na,na,postal_code,medium_needs_shop_unit_review
33,Les Amis,"1 Scotts Rd, #01 - 16 Shaw Centre, Singapore 228208",228208,European|French,3,4.6,XING WANG ZHAN PTE. LTD.,CE14452X009,1 SCOTTS ROAD #B1-01 SHAW CENTRE (FOODCOURT) SINGAPORE 228208,A,na,na,na,postal_code,medium_needs_shop_unit_review
33,Les Amis,"1 Scotts Rd, #01 - 16 Shaw Centre, Singapore 228208",228208,European|French,3,4.6,MANNA WOK PTE. LTD.,CE14452X008,1 SCOTTS ROAD #B1-01 SHAW CENTRE (FOODCOURT) SINGAPORE 228208,A,na,na,na,postal_code,medium_needs_shop_unit_review
33,Les Amis,"1 Scotts Rd, #01 - 16 Shaw Centre, Singapore 228208",228208,European|French,3,4.6,FOOD REPUBLIC PTE. LTD.,CE14452X007,1 SCOTTS ROAD #B1-01 SHAW CENTRE (FOODCOURT) SINGAPORE 228208,A,na,na,na,postal_code,medium_needs_shop_unit_review
33,Les Amis,"1 Scotts Rd, #01 - 16 Shaw Centre, Singapore 228208",228208,European|French,3,4.6,TAN KOK FUANG,CE14452X006,1 SCOTTS ROAD #B1-01 SHAW CENTRE (FOODCOURT) SINGAPORE 228208,A,na,na,na,postal_code,medium_needs_shop_unit_review
33,Les Amis,"1 Scotts Rd, #01 - 16 Shaw Centre, Singapore 228208",228208,European|French,3,4.6,LE SEN PTE. LTD.,CE14452X005,1 SCOTTS ROAD #B1-01 SHAW CENTRE (FOODCOURT) SINGAPORE 228208,A,na,na,na,postal_code,medium_needs_shop_unit_review
33,Les Amis,"1 Scotts Rd, #01 - 16 Shaw Centre, Singapore 228208",228208,European|French,3,4.6,DINING INNOVATION ASIA-PACIFIC PTE. LTD.,CE14452X004,1 SCOTTS ROAD #B1-01 SHAW CENTRE (FOODCOURT) SINGAPORE 228208,A,na,na,na,postal_code,medium_needs_shop_unit_review
33,Les Amis,"1 Scotts Rd, #01 - 16 Shaw Centre, Singapore 228208",228208,European|French,3,4.6,KOH CHIN SOON,CE14452X003,1 SCOTTS ROAD #B1-01 SHAW CENTRE (FOODCOURT) SINGAPORE 228208,A,na,na,na,postal_code,medium_needs_shop_unit_review
33,Les Amis,"1 Scotts Rd, #01 - 16 Shaw Centre, Singapore 228208",228208,European|French,3,4.6,MARUSAN LPC SINGAPORE PTE. LTD.,CE14452X002,1 SCOTTS ROAD #B1-01 SHAW CENTRE (FOODCOURT) SINGAPORE 228208,A,na,na,na,postal_code,medium_needs_shop_unit_review
33,Les Amis,"1 Scotts Rd, #01 - 16 Shaw Centre, Singapore 228208",228208,European|French,3,4.6,FOOD REPUBLIC PTE. LTD.,CE14452X001,1 SCOTTS ROAD #B1-01 SHAW CENTRE (FOODCOURT) SINGAPORE 228208,A,na,na,na,postal_code,medium_needs_shop_unit_review
2,Alma by Juan Amador,"Goodwood Park Hotel, 22 Scotts Road, Singapore 228221",228221,Asian|European|Fusion,1,4.6,GOODWOOD PARK HOTEL LIMITED,W80146C000,22 SCOTTS ROAD SINGAPORE 228221,A,na,na,na,postal_code,medium_needs_shop_unit_review
2,Alma by Juan Amador,"Goodwood Park Hotel, 22 Scotts Road, Singapore 228221",228221,Asian|European|Fusion,1,4.6,THAI VILLAGE RESTAURANT PTE. LTD.,W82198A000,22 SCOTTS ROAD (HIGHLAND BAR) GOODWOOD PARK HOTEL SINGAPORE 228221,A,na,na,na,postal_code,medium_needs_shop_unit_review
2,Alma by Juan Amador,"Goodwood Park Hotel, 22 Scotts Road, Singapore 228221",228221,Asian|European|Fusion,1,4.6,GOODWOOD PARK HOTEL LIMITED,W78107B000,22 SCOTTS ROAD GOODWOOD PARK HOTEL SINGAPORE 228221,A,na,na,na,postal_code,medium_needs_shop_unit_review
2,Alma by Juan Amador,"Goodwood Park Hotel, 22 Scotts Road, Singapore 228221",228221,Asian|European|Fusion,1,4.6,VINO VOVO PTE. LTD.,W95330X000,22 SCOTTS ROAD GOODWOOD PARK HOTEL SINGAPORE 228221,A,na,na,na,postal_code,medium_needs_shop_unit_review
2,Alma by Juan Amador,"Goodwood Park Hotel, 22 Scotts Road, Singapore 228221",228221,Asian|European|Fusion,1,4.6,JR F&B CONCEPTS PTE. LTD.,W83253P000,22 SCOTTS ROAD GOODWOOD PARK HOTEL SINGAPORE 228221,A,na,na,na,postal_code,medium_needs_shop_unit_review
2,Alma by Juan Amador,"Goodwood Park Hotel, 22 Scotts Road, Singapore 228221",228221,Asian|European|Fusion,1,4.6,GOODWOOD PARK HOTEL LIMITED,W81142B000,22 SCOTTS ROAD GOODWOOD PARK HOTEL SINGAPORE 228221,A,na,na,na,postal_code,medium_needs_shop_unit_review
2,Alma by Juan Amador,"Goodwood Park Hotel, 22 Scotts Road, Singapore 228221",228221,Asian|European|Fusion,1,4.6,ISS CATERING SERVICES PTE. LTD.,W80145N000,22 SCOTTS ROAD GOODWOOD PARK HOTEL SINGAPORE 228221,A,na,na,na,postal_code,medium_needs_shop_unit_review
2,Alma by Juan Amador,"Goodwood Park Hotel, 22 Scotts Road, Singapore 228221",228221,Asian|European|Fusion,1,4.6,GOODWOOD PARK HOTEL LIMITED,W79164X000,22 SCOTTS ROAD SINGAPORE 228221,A,na,na,na,postal_code,medium_needs_shop_unit_review
2,Alma by Juan Amador,"Goodwood Park Hotel, 22 Scotts Road, Singapore 228221",228221,Asian|European|Fusion,1,4.6,GOODWOOD PARK HOTEL LIMITED,W78106B000,22 SCOTTS ROAD SINGAPORE 228221,A,na,na,na,postal_code,medium_needs_shop_unit_review
2,Alma by Juan Amador,"Goodwood Park Hotel, 22 Scotts Road, Singapore 228221",228221,Asian|European|Fusion,1,4.6,GOODWOOD PARK HOTEL LIMITED,W78105P000,22 SCOTTS ROAD GOODWOOD PARK HOTEL SINGAPORE 228221,na,0,na,na,postal_code,medium_needs_shop_unit_review
2,Alma by Juan Amador,"Goodwood Park Hotel, 22 Scotts Road, Singapore 228221",228221,Asian|European|Fusion,1,4.6,GOODWOOD PARK HOTEL LIMITED,W75191K000,22 SCOTTS ROAD GOODWOOD PARK HOTEL (GORDON GRILL) SINGAPORE 228221,A,na,na,na,postal_code,medium_needs_shop_unit_review
2,Alma by Juan Amador,"Goodwood Park Hotel, 22 Scotts Road, Singapore 228221",228221,Asian|European|Fusion,1,4.6,GOODWOOD PARK HOTEL LIMITED,CE16764V000,22 SCOTTS ROAD GOODWOOD PARK HOTEL (BASEMENT 1) SINGAPORE 228221,A,na,na,na,postal_code,medium_needs_shop_unit_review
2,Alma by Juan Amador,"Goodwood Park Hotel, 22 Scotts Road, Singapore 228221",228221,Asian|European|Fusion,1,4.6,TATSUYA (S) PTE LTD,CE07E30A000,22 SCOTTS ROAD GOOD PARK HOTEL (1ST STOREY) SINGAPORE 228221,A,na,na,na,postal_code,medium_needs_shop_unit_review
2,Alma by Juan Amador,"Goodwood Park Hotel, 22 Scotts Road, Singapore 228221",228221,Asian|European|Fusion,1,4.6,GOODWOOD PARK HOTEL LIMITED,CE05314P000,22 SCOTTS ROAD GOODWOOD PARK HOTEL (HIGHLAND BAR) SINGAPORE 228221,na,na,na,na,postal_code,medium_needs_shop_unit_review
8,Lerouy,"104 Amoy St, Singapore 069924",069924,European|French,1,4.5,SIVASANTA GROUP PTE. LTD.,W02411X000,104 AMOY STREET #01-01 SINGAPORE 069924,A,na,na,na,postal_code,medium_needs_shop_unit_review
102,Otto Ristorante,"32 Maxwell Rd, #01-02/03 Maxwell Chambers, Singapore 069115",069115,European|Italian,0,4.6,ENTER FOOD TAINMENT PTE LTD,CE09F34N000,32 MAXWELL ROAD #01-06 WHITE HOUSE SINGAPORE 069115,B,na,na,na,postal_code,medium_needs_shop_unit_review
102,Otto Ristorante,"32 Maxwell Rd, #01-02/03 Maxwell Chambers, Singapore 069115",069115,European|Italian,0,4.6,GIACOMO RESTAURANT PTE. LTD.,CE09E77V000,32 MAXWELL ROAD #01-02 WHITE HOUSE SINGAPORE 069115,A,na,na,na,postal_code,medium_needs_shop_unit_review
102,Otto Ristorante,"32 Maxwell Rd, #01-02/03 Maxwell Chambers, Singapore 069115",069115,European|Italian,0,4.6,AJU INTERNATIONAL PTE. LTD.,CE09D83J000,32 MAXWELL ROAD #01-04 WHITE HOUSE SINGAPORE 069115,A,na,na,na,postal_code,medium_needs_shop_unit_review
102,Otto Ristorante,"32 Maxwell Rd, #01-02/03 Maxwell Chambers, Singapore 069115",069115,European|Italian,0,4.6,T CAFE PTE. LTD.,CE09C70B000,32 MAXWELL ROAD #01-05 WHITE HOUSE SINGAPORE 069115,A,na,na,na,postal_code,medium_needs_shop_unit_review
102,Otto Ristorante,"32 Maxwell Rd, #01-02/03 Maxwell Chambers, Singapore 069115",069115,European|Italian,0,4.6,GUAC & GO PTE. LTD.,CE09A25B000,32 MAXWELL ROAD #01-08 WHITE HOUSE SINGAPORE 069115,A,na,na,na,postal_code,medium_needs_shop_unit_review
60,VUE,"OUE Bay Front, 50 Collyer Quay Level 19, Singapore 049321",049321,Contemporary|European|Grill|Steakhouse,0,4.8,OUE RESTAURANTS PTE. LTD.,CE12L48L000,50 COLLYER QUAY #18-03 OUE BAYFRONT SINGAPORE 049321,A,na,na,na,postal_code,medium_needs_shop_unit_review
43,Braci,"52 Boat Quay, Level 5/6, Singapore 049841",049841,European|Italian,1,4.5,ONE & PRESENCE HOLDINGS SG PTE. LTD.,W01266J000,52 BOAT QUAY #01-01 SINGAPORE 049841,A,na,na,na,postal_code,medium_needs_shop_unit_review
30,Saint Pierre,"1 Fullerton Road, #02-02B One Fullerton, Singapore 049213",049213,European|French,2,4.7,DELICIAE HOSPITALITY MANAGEMENT PTE. LTD.,CE08861N000,1 FULLERTON ROAD #02-06 ONE FULLERTON SINGAPORE 049213,A,na,na,na,postal_code,medium_needs_shop_unit_review
30,Saint Pierre,"1 Fullerton Road, #02-02B One Fullerton, Singapore 049213",049213,European|French,2,4.7,OVER EASY PTE. LTD.,W01237X000,1 FULLERTON ROAD #01-06 SINGAPORE 049213,A,na,na,na,postal_code,medium_needs_shop_unit_review
30,Saint Pierre,"1 Fullerton Road, #02-02B One Fullerton, Singapore 049213",049213,European|French,2,4.7,PALM BEACH SEAFOOD RESTAURANT PTE LTD,W01167L000,1 FULLERTON ROAD #01-09 ONE FULLERTON SINGAPORE 049213,A,na,na,na,postal_code,medium_needs_shop_unit_review
30,Saint Pierre,"1 Fullerton Road, #02-02B One Fullerton, Singapore 049213",049213,European|French,2,4.7,TORI-TAMA HOLDINGS PTE. LTD.,W01146A000,1 FULLERTON ROAD #01-05 SINGAPORE 049213,A,na,na,na,postal_code,medium_needs_shop_unit_review
30,Saint Pierre,"1 Fullerton Road, #02-02B One Fullerton, Singapore 049213",049213,European|French,2,4.7,STARBUCKS COFFEE SINGAPORE PTE. LTD.,W00261C000,1 FULLERTON ROAD #01-04 FULLERTON SQUARE SINGAPORE 049213,A,na,na,na,postal_code,medium_needs_shop_unit_review
30,Saint Pierre,"1 Fullerton Road, #02-02B One Fullerton, Singapore 049213",049213,European|French,2,4.7,USQUBA SINGAPORE PTE. LTD.,CE16749X000,1 FULLERTON ROAD #02-3B/04 ONE FULLERTON SINGAPORE 049213,na,na,na,na,postal_code,medium_needs_shop_unit_review
30,Saint Pierre,"1 Fullerton Road, #02-02B One Fullerton, Singapore 049213",049213,European|French,2,4.7,SHOUKOUWA RESTAURANT PTE. LTD.,CE16369L000,1 FULLERTON ROAD #02-02A ONE FULLERTON SINGAPORE 049213,A,na,na,na,postal_code,medium_needs_shop_unit_review
30,Saint Pierre,"1 Fullerton Road, #02-02B One Fullerton, Singapore 049213",049213,European|French,2,4.7,SAINT PIERRE PTE LTD,CE16292V000,1 FULLERTON ROAD #02-02B ONE FULLERTON SINGAPORE 049213,A,na,na,na,postal_code,medium_needs_shop_unit_review
30,Saint Pierre,"1 Fullerton Road, #02-02B One Fullerton, Singapore 049213",049213,European|French,2,4.7,LADY M SINGAPORE PTE. LTD.,CE08F62N000,1 FULLERTON ROAD #01-10 ONE FULLERTON SINGAPORE 049213,A,na,na,na,postal_code,medium_needs_shop_unit_review
80,NOBU Singapore,"190 Orchard Blvd, Level 3, Singapore 248646",248646,Asian|Japanese|Omakase,0,3.9,HPL PROPERTIES PTE LTD?,W94245L000,190 ORCHARD BOULEVARD FOUR SEASONS HOTEL SINGAPORE SINGAPORE 248646,A,na,na,na,postal_code,medium_needs_shop_unit_review
80,NOBU Singapore,"190 Orchard Blvd, Level 3, Singapore 248646",248646,Asian|Japanese|Omakase,0,3.9,HPL PROPERTIES PTE LTD?,W94248E000,190 ORCHARD BOULEVARD #B1 FOUR SEASONS HOTEL SINGAPORE SINGAPORE 248646,A,na,na,na,postal_code,medium_needs_shop_unit_review
80,NOBU Singapore,"190 Orchard Blvd, Level 3, Singapore 248646",248646,Asian|Japanese|Omakase,0,3.9,HPL PROPERTIES PTE LTD?,W94247K000,190 ORCHARD BOULEVARD LEVEL 3 FOUR SEASONS HOTEL SINGAPORE SINGAPORE 248646,A,na,na,na,postal_code,medium_needs_shop_unit_review
80,NOBU Singapore,"190 Orchard Blvd, Level 3, Singapore 248646",248646,Asian|Japanese|Omakase,0,3.9,HPL PROPERTIES PTE LTD?,W94246V000,190 ORCHARD BOULEVARD FOUR SEASONS HOTEL SINGAPORE SINGAPORE 248646,A,na,na,na,postal_code,medium_needs_shop_unit_review
80,NOBU Singapore,"190 Orchard Blvd, Level 3, Singapore 248646",248646,Asian|Japanese|Omakase,0,3.9,HPL PROPERTIES PTE LTD?,W94244A000,190 ORCHARD BOULEVARD FOUR SEASONS HOTEL SINGAPORE SINGAPORE 248646,na,na,na,na,postal_code,medium_needs_shop_unit_review
80,NOBU Singapore,"190 Orchard Blvd, Level 3, Singapore 248646",248646,Asian|Japanese|Omakase,0,3.9,HPL PROPERTIES PTE LTD?,W94243B000,190 ORCHARD BOULEVARD LEVEL 1 FOUR SEASONS HOTEL SINGAPORE SINGAPORE 248646,A,na,na,na,postal_code,medium_needs_shop_unit_review
80,NOBU Singapore,"190 Orchard Blvd, Level 3, Singapore 248646",248646,Asian|Japanese|Omakase,0,3.9,HPL PROPERTIES PTE LTD?,W94242C000,190 ORCHARD BOULEVARD LEVEL 1 FOUR SEASONS HOTEL SINGAPORE SINGAPORE 248646,na,na,na,na,postal_code,medium_needs_shop_unit_review
80,NOBU Singapore,"190 Orchard Blvd, Level 3, Singapore 248646",248646,Asian|Japanese|Omakase,0,3.9,HPL PROPERTIES PTE LTD?,CE14P62V000,190 ORCHARD BOULEVARD #20-00 FOUR SEASONS HOTEL SINGAPORE 248646,A,na,na,na,postal_code,medium_needs_shop_unit_review
82,Ocean Restaurant,"8 Sentosa Gateway, B1M, B1-455 & 456 Equarius Hotel, 098269",098269,Contemporary|European,0,4.1,RESORTS WORLD AT SENTOSA PTE. LTD.,SW09786A000,8 SENTOSA GATEWAY HARD ROCK HOTEL LEVEL B2 (BALLROOM) SINGAPORE 098269,A,na,na,na,postal_code,medium_needs_shop_unit_review
82,Ocean Restaurant,"8 Sentosa Gateway, B1M, B1-455 & 456 Equarius Hotel, 098269",098269,Contemporary|European,0,4.1,TALL SHIP ADVENTURES PTE. LTD.,SW16136C000,8 SENTOSA GATEWAY RESORTS WORLD SENTOSA SINGAPORE 098269,na,na,na,na,postal_code,medium_needs_shop_unit_review
82,Ocean Restaurant,"8 Sentosa Gateway, B1M, B1-455 & 456 Equarius Hotel, 098269",098269,Contemporary|European,0,4.1,J W CENTRAL PTE. LTD.,SW14562N000,26 SENTOSA GATEWAY #B1-225 THE FORUM RESORTS WORLD SENTOSA SINGAPORE 098269,A,na,na,na,postal_code,medium_needs_shop_unit_review
82,Ocean Restaurant,"8 Sentosa Gateway, B1M, B1-455 & 456 Equarius Hotel, 098269",098269,Contemporary|European,0,4.1,RESORTS WORLD AT SENTOSA PTE. LTD.,SW13344P000,8 SENTOSA GATEWAY #02-146 HOTEL MICHAEL RESORTS WORLD SENTOSA SINGAPORE 098269,na,na,na,na,postal_code,medium_needs_shop_unit_review
82,Ocean Restaurant,"8 Sentosa Gateway, B1M, B1-455 & 456 Equarius Hotel, 098269",098269,Contemporary|European,0,4.1,RESORTS WORLD AT SENTOSA PTE. LTD.,SW11882L000,30 SENTOSA GATEWAY #01-373 SCI-FI CITY USS RWS (STARBOT CAFE) SINGAPORE 098269,A,na,na,na,postal_code,medium_needs_shop_unit_review
82,Ocean Restaurant,"8 Sentosa Gateway, B1M, B1-455 & 456 Equarius Hotel, 098269",098269,Contemporary|European,0,4.1,RESORTS WORLD AT SENTOSA PTE. LTD.,SW11263K000,26 SENTOSA GATEWAY #01-104/105 HOTEL MICHAEL - RWS SINGAPORE 098269,A,na,na,na,postal_code,medium_needs_shop_unit_review
82,Ocean Restaurant,"8 Sentosa Gateway, B1M, B1-455 & 456 Equarius Hotel, 098269",098269,Contemporary|European,0,4.1,RESORTS WORLD AT SENTOSA PTE. LTD.,SW11248J000,26 SENTOSA GATEWAY #01-101/102/103 HOTEL MICHAEL - RWS SINGAPORE 098269,A,na,na,na,postal_code,medium_needs_shop_unit_review
82,Ocean Restaurant,"8 Sentosa Gateway, B1M, B1-455 & 456 Equarius Hotel, 098269",098269,Contemporary|European,0,4.1,RESORTS WORLD AT SENTOSA PTE. LTD.,SW10996B000,8 SENTOSA GATEWAY SKY BAR - 11th STY HOTEL MICHAEL (RWS) SINGAPORE 098269,na,na,na,na,postal_code,medium_needs_shop_unit_review
82,Ocean Restaurant,"8 Sentosa Gateway, B1M, B1-455 & 456 Equarius Hotel, 098269",098269,Contemporary|European,0,4.1,RESORTS WORLD AT SENTOSA PTE. LTD.,SW10086P000,26 SENTOSA GATEWAY #02-140/141 RESORT WORLD AT SENTOSA SINGAPORE 098269,A,na,na,na,postal_code,medium_needs_shop_unit_review
82,Ocean Restaurant,"8 Sentosa Gateway, B1M, B1-455 & 456 Equarius Hotel, 098269",098269,Contemporary|European,0,4.1,COMPASS GROUP (SINGAPORE) PTE. LTD.,SW09996E000,30 SENTOSA GATEWAY #02-321 MAD CAFE @ DREAMWORK USS RWS SINGAPORE 098269,A,na,na,na,postal_code,medium_needs_shop_unit_review
82,Ocean Restaurant,"8 Sentosa Gateway, B1M, B1-455 & 456 Equarius Hotel, 098269",098269,Contemporary|European,0,4.1,COMPASS GROUP (SINGAPORE) PTE. LTD.,SW09995J000,30 SENTOSA GATEWAY #B1-302 TAKE 5 CAFE @ USS - RWS SINGAPORE 098269,A,na,na,na,postal_code,medium_needs_shop_unit_review
82,Ocean Restaurant,"8 Sentosa Gateway, B1M, B1-455 & 456 Equarius Hotel, 098269",098269,Contemporary|European,0,4.1,RESORTS WORLD AT SENTOSA PTE. LTD.,SW09877X000,8 SENTOSA GATEWAY CASINO (CASINO ROYALE BAR) SINGAPORE 098269,na,na,na,na,postal_code,medium_needs_shop_unit_review
82,Ocean Restaurant,"8 Sentosa Gateway, B1M, B1-455 & 456 Equarius Hotel, 098269",098269,Contemporary|European,0,4.1,RESORTS WORLD AT SENTOSA PTE. LTD.,SW09855J000,8 SENTOSA GATEWAY MAXIMS CLUB & CROCKFORDS CLUB (HAPPY 9) SINGAPORE 098269,A,na,na,na,postal_code,medium_needs_shop_unit_review
82,Ocean Restaurant,"8 Sentosa Gateway, B1M, B1-455 & 456 Equarius Hotel, 098269",098269,Contemporary|European,0,4.1,RESORTS WORLD AT SENTOSA PTE. LTD.,SW09854K000,8 SENTOSA GATEWAY MAXIMS CLUB & CROCKFORDS CLUB (FENG SHUI INN) SINGAPORE 098269,A,na,na,na,postal_code,medium_needs_shop_unit_review
82,Ocean Restaurant,"8 Sentosa Gateway, B1M, B1-455 & 456 Equarius Hotel, 098269",098269,Contemporary|European,0,4.1,RESORTS WORLD AT SENTOSA PTE. LTD.,SW09853L000,8 SENTOSA GATEWAY MAXIMS CLUB & CROCKFORDS (Crockfords Grill) SINGAPORE 098269,A,na,na,na,postal_code,medium_needs_shop_unit_review
82,Ocean Restaurant,"8 Sentosa Gateway, B1M, B1-455 & 456 Equarius Hotel, 098269",098269,Contemporary|European,0,4.1,RESORTS WORLD AT SENTOSA PTE. LTD.,SW09847J000,8 SENTOSA GATEWAY CASINO CROCKFORDS CLUB (CIGAR LOUNGE) -RWS SINGAPORE 098269,A,na,na,na,postal_code,medium_needs_shop_unit_review
82,Ocean Restaurant,"8 Sentosa Gateway, B1M, B1-455 & 456 Equarius Hotel, 098269",098269,Contemporary|European,0,4.1,RESORTS WORLD AT SENTOSA PTE. LTD.,SW09845L000,8 SENTOSA GATEWAY CASINO (FULL HOUSE) SINGAPORE 098269,A,na,na,na,postal_code,medium_needs_shop_unit_review
82,Ocean Restaurant,"8 Sentosa Gateway, B1M, B1-455 & 456 Equarius Hotel, 098269",098269,Contemporary|European,0,4.1,RESORTS WORLD AT SENTOSA PTE. LTD.,SW09844N000,8 SENTOSA GATEWAY CASINO (WING CHOI) SINGAPORE 098269,A,na,na,na,postal_code,medium_needs_shop_unit_review
82,Ocean Restaurant,"8 Sentosa Gateway, B1M, B1-455 & 456 Equarius Hotel, 098269",098269,Contemporary|European,0,4.1,RESORTS WORLD AT SENTOSA PTE. LTD.,SW09843P000,26 SENTOSA GATEWAY #B1-102 RESORTS WORLD SENTOSA SINGAPORE 098269,A,na,na,na,postal_code,medium_needs_shop_unit_review
82,Ocean Restaurant,"8 Sentosa Gateway, B1M, B1-455 & 456 Equarius Hotel, 098269",098269,Contemporary|European,0,4.1,RESORTS WORLD AT SENTOSA PTE. LTD.,SW09834X000,30 SENTOSA GATEWAY #01-K173 USS MADAGASCAR-ANTARCTIC REFRESHMENTS SINGAPORE 098269,A,na,na,na,postal_code,medium_needs_shop_unit_review
82,Ocean Restaurant,"8 Sentosa Gateway, B1M, B1-455 & 456 Equarius Hotel, 098269",098269,Contemporary|European,0,4.1,RESORTS WORLD AT SENTOSA PTE. LTD.,SW09833V000,30 SENTOSA GATEWAY #01-K174 USS MADAGASCAR-TROPICAL DELIGHT SINGAPORE 098269,A,na,na,na,postal_code,medium_needs_shop_unit_review
82,Ocean Restaurant,"8 Sentosa Gateway, B1M, B1-455 & 456 Equarius Hotel, 098269",098269,Contemporary|European,0,4.1,RESORTS WORLD AT SENTOSA PTE. LTD.,SW09831B000,30 SENTOSA GATEWAY USS - MADAGASCAR - CASA DEL WILD #01-323/324 SINGAPORE 098269,A,na,na,na,postal_code,medium_needs_shop_unit_review
82,Ocean Restaurant,"8 Sentosa Gateway, B1M, B1-455 & 456 Equarius Hotel, 098269",098269,Contemporary|European,0,4.1,RESORTS WORLD AT SENTOSA PTE. LTD.,SW09830C000,30 SENTOSA GATEWAY #01-K181 USS SHREK(FAR FAR AWAY)-GINGY'S HOUSE OF SWEETS SINGAPORE 098269,A,na,na,na,postal_code,medium_needs_shop_unit_review
82,Ocean Restaurant,"8 Sentosa Gateway, B1M, B1-455 & 456 Equarius Hotel, 098269",098269,Contemporary|European,0,4.1,RESORTS WORLD AT SENTOSA PTE. LTD.,SW09828N000,30 SENTOSA GATEWAY #01-321 USS -MADAGASCAR -GLORIA'S SNACK SHACK SINGAPORE 098269,A,na,na,na,postal_code,medium_needs_shop_unit_review
82,Ocean Restaurant,"8 Sentosa Gateway, B1M, B1-455 & 456 Equarius Hotel, 098269",098269,Contemporary|European,0,4.1,RESORTS WORLD AT SENTOSA PTE. LTD.,SW09827P000,30 SENTOSA GATEWAY #01-K194 USS LOST WORLD-MARINER'S MARKET SINGAPORE 098269,A,na,na,na,postal_code,medium_needs_shop_unit_review
82,Ocean Restaurant,"8 Sentosa Gateway, B1M, B1-455 & 456 Equarius Hotel, 098269",098269,Contemporary|European,0,4.1,RESORTS WORLD AT SENTOSA PTE. LTD.,SW09826X000,30 SENTOSA GATEWAY #01-K195 USS LOST WORLD-JUNGLE BITES SINGAPORE 098269,A,na,na,na,postal_code,medium_needs_shop_unit_review
82,Ocean Restaurant,"8 Sentosa Gateway, B1M, B1-455 & 456 Equarius Hotel, 098269",098269,Contemporary|European,0,4.1,RESORTS WORLD AT SENTOSA PTE. LTD.,SW09824A000,30 SENTOSA GATEWAY #01-341 USS LOST WORLD -DISCOVERY CENTRE FOODCOURT SINGAPORE 098269,A,na,na,na,postal_code,medium_needs_shop_unit_review
82,Ocean Restaurant,"8 Sentosa Gateway, B1M, B1-455 & 456 Equarius Hotel, 098269",098269,Contemporary|European,0,4.1,RESORTS WORLD AT SENTOSA PTE. LTD.,SW09823B000,30 SENTOSA GATEWAY #01-K202 USS-EGYPT CAIRO MARKET SINGAPORE 098269,A,na,na,na,postal_code,medium_needs_shop_unit_review
82,Ocean Restaurant,"8 Sentosa Gateway, B1M, B1-455 & 456 Equarius Hotel, 098269",098269,Contemporary|European,0,4.1,RESORTS WORLD AT SENTOSA PTE. LTD.,SW09822C000,30 SENTOSA GATEWAY #01-K184 USS - SHREK (FAR FAR AWAY) FAIRY GODMOTHER SINGAPORE 098269,A,na,na,na,postal_code,medium_needs_shop_unit_review
82,Ocean Restaurant,"8 Sentosa Gateway, B1M, B1-455 & 456 Equarius Hotel, 098269",098269,Contemporary|European,0,4.1,RESORTS WORLD AT SENTOSA PTE. LTD.,SW09821E000,30 SENTOSA GATEWAY #01-K203 USS-EGYPT PHARAOH'S-DESSERT OASIS SINGAPORE 098269,A,na,na,na,postal_code,medium_needs_shop_unit_review
82,Ocean Restaurant,"8 Sentosa Gateway, B1M, B1-455 & 456 Equarius Hotel, 098269",098269,Contemporary|European,0,4.1,RESORTS WORLD AT SENTOSA PTE. LTD.,SW09820J000,30 SENTOSA GATEWAY #01-332 USS - SHREK (FFA) GOLDILOCKS F.C. SINGAPORE 098269,A,na,na,na,postal_code,medium_needs_shop_unit_review
82,Ocean Restaurant,"8 Sentosa Gateway, B1M, B1-455 & 456 Equarius Hotel, 098269",098269,Contemporary|European,0,4.1,RESORTS WORLD AT SENTOSA PTE. LTD.,SW09819P000,30 SENTOSA GATEWAY #01-342 USS LOST WORLD - FOSSIL FUELS SINGAPORE 098269,A,na,na,na,postal_code,medium_needs_shop_unit_review
82,Ocean Restaurant,"8 Sentosa Gateway, B1M, B1-455 & 456 Equarius Hotel, 098269",098269,Contemporary|European,0,4.1,RESORTS WORLD AT SENTOSA PTE. LTD.,SW09817V000,30 SENTOSA GATEWAY #01-333 USS - SHREK (FFA) FRIAR'S FAT BOY SINGAPORE 098269,A,na,na,na,postal_code,medium_needs_shop_unit_review
82,Ocean Restaurant,"8 Sentosa Gateway, B1M, B1-455 & 456 Equarius Hotel, 098269",098269,Contemporary|European,0,4.1,RESORTS WORLD AT SENTOSA PTE. LTD.,SW09816A000,30 SENTOSA GATEWAY #01-K221 USS-SCI-FI PLANET YEN SINGAPORE 098269,A,na,na,na,postal_code,medium_needs_shop_unit_review
82,Ocean Restaurant,"8 Sentosa Gateway, B1M, B1-455 & 456 Equarius Hotel, 098269",098269,Contemporary|European,0,4.1,RESORTS WORLD AT SENTOSA PTE. LTD.,SW09815B000,30 SENTOSA GATEWAY #01-361 USS EGYPT - OASIS SPICE CAFE SINGAPORE 098269,A,na,na,na,postal_code,medium_needs_shop_unit_review
82,Ocean Restaurant,"8 Sentosa Gateway, B1M, B1-455 & 456 Equarius Hotel, 098269",098269,Contemporary|European,0,4.1,RESORTS WORLD AT SENTOSA PTE. LTD.,SW09814C000,30 SENTOSA GATEWAY #01-K212 USS-SCI-FI FROZEN FUEL SINGAPORE 098269,A,na,na,na,postal_code,medium_needs_shop_unit_review
82,Ocean Restaurant,"8 Sentosa Gateway, B1M, B1-455 & 456 Equarius Hotel, 098269",098269,Contemporary|European,0,4.1,RESORTS WORLD AT SENTOSA PTE. LTD.,SW09813E000,30 SENTOSA GATEWAY #01-304 USS - NEW YORK - KT'S GRILL (L1 & L2) SINGAPORE 098269,A,na,na,na,postal_code,medium_needs_shop_unit_review
82,Ocean Restaurant,"8 Sentosa Gateway, B1M, B1-455 & 456 Equarius Hotel, 098269",098269,Contemporary|European,0,4.1,RESORTS WORLD AT SENTOSA PTE. LTD.,SW09812J000,30 SENTOSA GATEWAY USS-SCI-FI GALACTIC TREATS #01-K211/01-363 SINGAPORE 098269,A,na,na,na,postal_code,medium_needs_shop_unit_review
82,Ocean Restaurant,"8 Sentosa Gateway, B1M, B1-455 & 456 Equarius Hotel, 098269",098269,Contemporary|European,0,4.1,RESORTS WORLD AT SENTOSA PTE. LTD.,SW09810L000,30 SENTOSA GATEWAY #01-381 USS - NEW YORK - LOUI'S NY PIZZA PARLOR SINGAPORE 098269,A,na,na,na,postal_code,medium_needs_shop_unit_review
82,Ocean Restaurant,"8 Sentosa Gateway, B1M, B1-455 & 456 Equarius Hotel, 098269",098269,Contemporary|European,0,4.1,RESORTS WORLD AT SENTOSA PTE. LTD.,SW09809V000,30 SENTOSA GATEWAY #01-K157 USS HOLLYWOOD-NY-HOME-MADE PRATAS SINGAPORE 098269,A,na,na,na,postal_code,medium_needs_shop_unit_review
82,Ocean Restaurant,"8 Sentosa Gateway, B1M, B1-455 & 456 Equarius Hotel, 098269",098269,Contemporary|European,0,4.1,RESORTS WORLD AT SENTOSA PTE. LTD.,SW09807B000,30 SENTOSA GATEWAY #01-303 USS HOLLYWOOD - MEL'S DRIVE-IN SINGAPORE 098269,A,na,na,na,postal_code,medium_needs_shop_unit_review
82,Ocean Restaurant,"8 Sentosa Gateway, B1M, B1-455 & 456 Equarius Hotel, 098269",098269,Contemporary|European,0,4.1,RESORTS WORLD AT SENTOSA PTE. LTD.,SW09806C000,30 SENTOSA GATEWAY #01-K156 USS HOLLYWOOD-NY-STUDIO SNACKS SINGAPORE 098269,A,na,na,na,postal_code,medium_needs_shop_unit_review
82,Ocean Restaurant,"8 Sentosa Gateway, B1M, B1-455 & 456 Equarius Hotel, 098269",098269,Contemporary|European,0,4.1,STARBUCKS COFFEE SINGAPORE PTE. LTD.,SW09805E000,30 SENTOSA GATEWAY #01-309 UNIVERSAL STUDIO SINGAPORE RESORTS WORLD SENTOSA SINGAPORE 098269,A,na,na,na,postal_code,medium_needs_shop_unit_review
82,Ocean Restaurant,"8 Sentosa Gateway, B1M, B1-455 & 456 Equarius Hotel, 098269",098269,Contemporary|European,0,4.1,RESORTS WORLD AT SENTOSA PTE. LTD.,SW09804J000,30 SENTOSA GATEWAY #01-K153 USS HOLLYWOOD-NY-POPS! POPCORN DELIGHT SINGAPORE 098269,A,na,na,na,postal_code,medium_needs_shop_unit_review
82,Ocean Restaurant,"8 Sentosa Gateway, B1M, B1-455 & 456 Equarius Hotel, 098269",098269,Contemporary|European,0,4.1,RESORTS WORLD AT SENTOSA PTE. LTD.,SW09803K000,30 SENTOSA GATEWAY #01-302 USS - HOLLYWOOD CHINA BISTRO SINGAPORE 098269,A,na,na,na,postal_code,medium_needs_shop_unit_review
82,Ocean Restaurant,"8 Sentosa Gateway, B1M, B1-455 & 456 Equarius Hotel, 098269",098269,Contemporary|European,0,4.1,RESORTS WORLD AT SENTOSA PTE. LTD.,SW09792C000,8 SENTOSA GATEWAY FESTIVE GRAND - BAR A SINGAPORE 098269,A,na,na,na,postal_code,medium_needs_shop_unit_review
82,Ocean Restaurant,"8 Sentosa Gateway, B1M, B1-455 & 456 Equarius Hotel, 098269",098269,Contemporary|European,0,4.1,RESORTS WORLD AT SENTOSA PTE. LTD.,SW09791E000,8 SENTOSA GATEWAY HARD ROCK HOTEL (ROCK POOL BAR) SINGAPORE 098269,na,na,na,na,postal_code,medium_needs_shop_unit_review
82,Ocean Restaurant,"8 Sentosa Gateway, B1M, B1-455 & 456 Equarius Hotel, 098269",098269,Contemporary|European,0,4.1,RESORTS WORLD AT SENTOSA PTE. LTD.,SW09790J000,8 SENTOSA GATEWAY HARD ROCK HOTEL (THE ROCK BAR) SINGAPORE 098269,na,na,na,na,postal_code,medium_needs_shop_unit_review
82,Ocean Restaurant,"8 Sentosa Gateway, B1M, B1-455 & 456 Equarius Hotel, 098269",098269,Contemporary|European,0,4.1,RESORTS WORLD AT SENTOSA PTE. LTD.,SW09784C000,8 SENTOSA GATEWAY HARD ROCK HOTEL (STARZ RESTAURANT) SINGAPORE 098269,A,na,na,na,postal_code,medium_needs_shop_unit_review
82,Ocean Restaurant,"8 Sentosa Gateway, B1M, B1-455 & 456 Equarius Hotel, 098269",098269,Contemporary|European,0,4.1,PAPPAMIA GROUP PTE. LTD.,SW09783E000,26 SENTOSA GATEWAY #02-115/116 FESTIVE HOTEL RESORTS WORLD SENTOSA SINGAPORE 098269,A,na,na,na,postal_code,medium_needs_shop_unit_review
82,Ocean Restaurant,"8 Sentosa Gateway, B1M, B1-455 & 456 Equarius Hotel, 098269",098269,Contemporary|European,0,4.1,RESORTS WORLD AT SENTOSA PTE. LTD.,SW09781K000,8 SENTOSA GATEWAY HOTEL MICHAEL (PALIO) - L2 SINGAPORE 098269,A,na,na,na,postal_code,medium_needs_shop_unit_review
79,Gunther's,"36 Purvis St, #01-03, Singapore 188613",188613,European|French,0,4.5,GARIBALDI PTE. LTD.,W99214K000,36 PURVIS STREET #01-01/02 SINGAPORE 188613,A,na,na,na,postal_code,medium_needs_shop_unit_review
79,Gunther's,"36 Purvis St, #01-03, Singapore 188613",188613,European|French,0,4.5,GURO PRIVATE LIMITED,W98288C000,36 PURVIS STREET #01-03 SINGAPORE 188613,A,na,na,na,postal_code,medium_needs_shop_unit_review
79,Gunther's,"36 Purvis St, #01-03, Singapore 188613",188613,European|French,0,4.5,TAY CHIN SOON,W97429A000,36 PURVIS STREET #01-04 SINGAPORE 188613,A,na,na,na,postal_code,medium_needs_shop_unit_review
24,Terra Tokyo Italian,"54 Tras St, Singapore 078993",078993,Asian|European|Fusion|Italian|Japanese|Omakase,1,4.5,AROMA SEITA PTE. LTD.,W01106P000,54 TRAS STREET #01-01 SINGAPORE 078993,A,na,na,na,postal_code,medium_needs_shop_unit_review
24,Terra Tokyo Italian,"54 Tras St, Singapore 078993",078993,Asian|European|Fusion|Italian|Japanese|Omakase,1,4.5,TOH CHIN LENG (ZHUO ZHENLONG),CE15177K000,54 TRAS STREET #02-01 SINGAPORE 078993,A,na,na,na,postal_code,medium_needs_shop_unit_review
23,Table65,"8 Sentosa Gateway, #01-104 & 105 Hotel Michael, 098269",098269,European,1,4.6,RESORTS WORLD AT SENTOSA PTE. LTD.,SW09786A000,8 SENTOSA GATEWAY HARD ROCK HOTEL LEVEL B2 (BALLROOM) SINGAPORE 098269,A,na,na,na,postal_code,medium_needs_shop_unit_review
23,Table65,"8 Sentosa Gateway, #01-104 & 105 Hotel Michael, 098269",098269,European,1,4.6,TALL SHIP ADVENTURES PTE. LTD.,SW16136C000,8 SENTOSA GATEWAY RESORTS WORLD SENTOSA SINGAPORE 098269,na,na,na,na,postal_code,medium_needs_shop_unit_review
23,Table65,"8 Sentosa Gateway, #01-104 & 105 Hotel Michael, 098269",098269,European,1,4.6,J W CENTRAL PTE. LTD.,SW14562N000,26 SENTOSA GATEWAY #B1-225 THE FORUM RESORTS WORLD SENTOSA SINGAPORE 098269,A,na,na,na,postal_code,medium_needs_shop_unit_review
23,Table65,"8 Sentosa Gateway, #01-104 & 105 Hotel Michael, 098269",098269,European,1,4.6,RESORTS WORLD AT SENTOSA PTE. LTD.,SW13344P000,8 SENTOSA GATEWAY #02-146 HOTEL MICHAEL RESORTS WORLD SENTOSA SINGAPORE 098269,na,na,na,na,postal_code,medium_needs_shop_unit_review
23,Table65,"8 Sentosa Gateway, #01-104 & 105 Hotel Michael, 098269",098269,European,1,4.6,RESORTS WORLD AT SENTOSA PTE. LTD.,SW11882L000,30 SENTOSA GATEWAY #01-373 SCI-FI CITY USS RWS (STARBOT CAFE) SINGAPORE 098269,A,na,na,na,postal_code,medium_needs_shop_unit_review
23,Table65,"8 Sentosa Gateway, #01-104 & 105 Hotel Michael, 098269",098269,European,1,4.6,RESORTS WORLD AT SENTOSA PTE. LTD.,SW11263K000,26 SENTOSA GATEWAY #01-104/105 HOTEL MICHAEL - RWS SINGAPORE 098269,A,na,na,na,postal_code,medium_needs_shop_unit_review
23,Table65,"8 Sentosa Gateway, #01-104 & 105 Hotel Michael, 098269",098269,European,1,4.6,RESORTS WORLD AT SENTOSA PTE. LTD.,SW11248J000,26 SENTOSA GATEWAY #01-101/102/103 HOTEL MICHAEL - RWS SINGAPORE 098269,A,na,na,na,postal_code,medium_needs_shop_unit_review
23,Table65,"8 Sentosa Gateway, #01-104 & 105 Hotel Michael, 098269",098269,European,1,4.6,RESORTS WORLD AT SENTOSA PTE. LTD.,SW10996B000,8 SENTOSA GATEWAY SKY BAR - 11th STY HOTEL MICHAEL (RWS) SINGAPORE 098269,na,na,na,na,postal_code,medium_needs_shop_unit_review
23,Table65,"8 Sentosa Gateway, #01-104 & 105 Hotel Michael, 098269",098269,European,1,4.6,RESORTS WORLD AT SENTOSA PTE. LTD.,SW10086P000,26 SENTOSA GATEWAY #02-140/141 RESORT WORLD AT SENTOSA SINGAPORE 098269,A,na,na,na,postal_code,medium_needs_shop_unit_review
23,Table65,"8 Sentosa Gateway, #01-104 & 105 Hotel Michael, 098269",098269,European,1,4.6,COMPASS GROUP (SINGAPORE) PTE. LTD.,SW09996E000,30 SENTOSA GATEWAY #02-321 MAD CAFE @ DREAMWORK USS RWS SINGAPORE 098269,A,na,na,na,postal_code,medium_needs_shop_unit_review
23,Table65,"8 Sentosa Gateway, #01-104 & 105 Hotel Michael, 098269",098269,European,1,4.6,COMPASS GROUP (SINGAPORE) PTE. LTD.,SW09995J000,30 SENTOSA GATEWAY #B1-302 TAKE 5 CAFE @ USS - RWS SINGAPORE 098269,A,na,na,na,postal_code,medium_needs_shop_unit_review
23,Table65,"8 Sentosa Gateway, #01-104 & 105 Hotel Michael, 098269",098269,European,1,4.6,RESORTS WORLD AT SENTOSA PTE. LTD.,SW09877X000,8 SENTOSA GATEWAY CASINO (CASINO ROYALE BAR) SINGAPORE 098269,na,na,na,na,postal_code,medium_needs_shop_unit_review
23,Table65,"8 Sentosa Gateway, #01-104 & 105 Hotel Michael, 098269",098269,European,1,4.6,RESORTS WORLD AT SENTOSA PTE. LTD.,SW09855J000,8 SENTOSA GATEWAY MAXIMS CLUB & CROCKFORDS CLUB (HAPPY 9) SINGAPORE 098269,A,na,na,na,postal_code,medium_needs_shop_unit_review
23,Table65,"8 Sentosa Gateway, #01-104 & 105 Hotel Michael, 098269",098269,European,1,4.6,RESORTS WORLD AT SENTOSA PTE. LTD.,SW09854K000,8 SENTOSA GATEWAY MAXIMS CLUB & CROCKFORDS CLUB (FENG SHUI INN) SINGAPORE 098269,A,na,na,na,postal_code,medium_needs_shop_unit_review
23,Table65,"8 Sentosa Gateway, #01-104 & 105 Hotel Michael, 098269",098269,European,1,4.6,RESORTS WORLD AT SENTOSA PTE. LTD.,SW09853L000,8 SENTOSA GATEWAY MAXIMS CLUB & CROCKFORDS (Crockfords Grill) SINGAPORE 098269,A,na,na,na,postal_code,medium_needs_shop_unit_review
23,Table65,"8 Sentosa Gateway, #01-104 & 105 Hotel Michael, 098269",098269,European,1,4.6,RESORTS WORLD AT SENTOSA PTE. LTD.,SW09847J000,8 SENTOSA GATEWAY CASINO CROCKFORDS CLUB (CIGAR LOUNGE) -RWS SINGAPORE 098269,A,na,na,na,postal_code,medium_needs_shop_unit_review
23,Table65,"8 Sentosa Gateway, #01-104 & 105 Hotel Michael, 098269",098269,European,1,4.6,RESORTS WORLD AT SENTOSA PTE. LTD.,SW09845L000,8 SENTOSA GATEWAY CASINO (FULL HOUSE) SINGAPORE 098269,A,na,na,na,postal_code,medium_needs_shop_unit_review
23,Table65,"8 Sentosa Gateway, #01-104 & 105 Hotel Michael, 098269",098269,European,1,4.6,RESORTS WORLD AT SENTOSA PTE. LTD.,SW09844N000,8 SENTOSA GATEWAY CASINO (WING CHOI) SINGAPORE 098269,A,na,na,na,postal_code,medium_needs_shop_unit_review
23,Table65,"8 Sentosa Gateway, #01-104 & 105 Hotel Michael, 098269",098269,European,1,4.6,RESORTS WORLD AT SENTOSA PTE. LTD.,SW09843P000,26 SENTOSA GATEWAY #B1-102 RESORTS WORLD SENTOSA SINGAPORE 098269,A,na,na,na,postal_code,medium_needs_shop_unit_review
23,Table65,"8 Sentosa Gateway, #01-104 & 105 Hotel Michael, 098269",098269,European,1,4.6,RESORTS WORLD AT SENTOSA PTE. LTD.,SW09834X000,30 SENTOSA GATEWAY #01-K173 USS MADAGASCAR-ANTARCTIC REFRESHMENTS SINGAPORE 098269,A,na,na,na,postal_code,medium_needs_shop_unit_review
23,Table65,"8 Sentosa Gateway, #01-104 & 105 Hotel Michael, 098269",098269,European,1,4.6,RESORTS WORLD AT SENTOSA PTE. LTD.,SW09833V000,30 SENTOSA GATEWAY #01-K174 USS MADAGASCAR-TROPICAL DELIGHT SINGAPORE 098269,A,na,na,na,postal_code,medium_needs_shop_unit_review
23,Table65,"8 Sentosa Gateway, #01-104 & 105 Hotel Michael, 098269",098269,European,1,4.6,RESORTS WORLD AT SENTOSA PTE. LTD.,SW09831B000,30 SENTOSA GATEWAY USS - MADAGASCAR - CASA DEL WILD #01-323/324 SINGAPORE 098269,A,na,na,na,postal_code,medium_needs_shop_unit_review
23,Table65,"8 Sentosa Gateway, #01-104 & 105 Hotel Michael, 098269",098269,European,1,4.6,RESORTS WORLD AT SENTOSA PTE. LTD.,SW09830C000,30 SENTOSA GATEWAY #01-K181 USS SHREK(FAR FAR AWAY)-GINGY'S HOUSE OF SWEETS SINGAPORE 098269,A,na,na,na,postal_code,medium_needs_shop_unit_review
23,Table65,"8 Sentosa Gateway, #01-104 & 105 Hotel Michael, 098269",098269,European,1,4.6,RESORTS WORLD AT SENTOSA PTE. LTD.,SW09828N000,30 SENTOSA GATEWAY #01-321 USS -MADAGASCAR -GLORIA'S SNACK SHACK SINGAPORE 098269,A,na,na,na,postal_code,medium_needs_shop_unit_review
23,Table65,"8 Sentosa Gateway, #01-104 & 105 Hotel Michael, 098269",098269,European,1,4.6,RESORTS WORLD AT SENTOSA PTE. LTD.,SW09827P000,30 SENTOSA GATEWAY #01-K194 USS LOST WORLD-MARINER'S MARKET SINGAPORE 098269,A,na,na,na,postal_code,medium_needs_shop_unit_review
23,Table65,"8 Sentosa Gateway, #01-104 & 105 Hotel Michael, 098269",098269,European,1,4.6,RESORTS WORLD AT SENTOSA PTE. LTD.,SW09826X000,30 SENTOSA GATEWAY #01-K195 USS LOST WORLD-JUNGLE BITES SINGAPORE 098269,A,na,na,na,postal_code,medium_needs_shop_unit_review
23,Table65,"8 Sentosa Gateway, #01-104 & 105 Hotel Michael, 098269",098269,European,1,4.6,RESORTS WORLD AT SENTOSA PTE. LTD.,SW09824A000,30 SENTOSA GATEWAY #01-341 USS LOST WORLD -DISCOVERY CENTRE FOODCOURT SINGAPORE 098269,A,na,na,na,postal_code,medium_needs_shop_unit_review
23,Table65,"8 Sentosa Gateway, #01-104 & 105 Hotel Michael, 098269",098269,European,1,4.6,RESORTS WORLD AT SENTOSA PTE. LTD.,SW09823B000,30 SENTOSA GATEWAY #01-K202 USS-EGYPT CAIRO MARKET SINGAPORE 098269,A,na,na,na,postal_code,medium_needs_shop_unit_review
23,Table65,"8 Sentosa Gateway, #01-104 & 105 Hotel Michael, 098269",098269,European,1,4.6,RESORTS WORLD AT SENTOSA PTE. LTD.,SW09822C000,30 SENTOSA GATEWAY #01-K184 USS - SHREK (FAR FAR AWAY) FAIRY GODMOTHER SINGAPORE 098269,A,na,na,na,postal_code,medium_needs_shop_unit_review
23,Table65,"8 Sentosa Gateway, #01-104 & 105 Hotel Michael, 098269",098269,European,1,4.6,RESORTS WORLD AT SENTOSA PTE. LTD.,SW09821E000,30 SENTOSA GATEWAY #01-K203 USS-EGYPT PHARAOH'S-DESSERT OASIS SINGAPORE 098269,A,na,na,na,postal_code,medium_needs_shop_unit_review
23,Table65,"8 Sentosa Gateway, #01-104 & 105 Hotel Michael, 098269",098269,European,1,4.6,RESORTS WORLD AT SENTOSA PTE. LTD.,SW09820J000,30 SENTOSA GATEWAY #01-332 USS - SHREK (FFA) GOLDILOCKS F.C. SINGAPORE 098269,A,na,na,na,postal_code,medium_needs_shop_unit_review
23,Table65,"8 Sentosa Gateway, #01-104 & 105 Hotel Michael, 098269",098269,European,1,4.6,RESORTS WORLD AT SENTOSA PTE. LTD.,SW09819P000,30 SENTOSA GATEWAY #01-342 USS LOST WORLD - FOSSIL FUELS SINGAPORE 098269,A,na,na,na,postal_code,medium_needs_shop_unit_review
23,Table65,"8 Sentosa Gateway, #01-104 & 105 Hotel Michael, 098269",098269,European,1,4.6,RESORTS WORLD AT SENTOSA PTE. LTD.,SW09817V000,30 SENTOSA GATEWAY #01-333 USS - SHREK (FFA) FRIAR'S FAT BOY SINGAPORE 098269,A,na,na,na,postal_code,medium_needs_shop_unit_review
23,Table65,"8 Sentosa Gateway, #01-104 & 105 Hotel Michael, 098269",098269,European,1,4.6,RESORTS WORLD AT SENTOSA PTE. LTD.,SW09816A000,30 SENTOSA GATEWAY #01-K221 USS-SCI-FI PLANET YEN SINGAPORE 098269,A,na,na,na,postal_code,medium_needs_shop_unit_review
23,Table65,"8 Sentosa Gateway, #01-104 & 105 Hotel Michael, 098269",098269,European,1,4.6,RESORTS WORLD AT SENTOSA PTE. LTD.,SW09815B000,30 SENTOSA GATEWAY #01-361 USS EGYPT - OASIS SPICE CAFE SINGAPORE 098269,A,na,na,na,postal_code,medium_needs_shop_unit_review
23,Table65,"8 Sentosa Gateway, #01-104 & 105 Hotel Michael, 098269",098269,European,1,4.6,RESORTS WORLD AT SENTOSA PTE. LTD.,SW09814C000,30 SENTOSA GATEWAY #01-K212 USS-SCI-FI FROZEN FUEL SINGAPORE 098269,A,na,na,na,postal_code,medium_needs_shop_unit_review
23,Table65,"8 Sentosa Gateway, #01-104 & 105 Hotel Michael, 098269",098269,European,1,4.6,RESORTS WORLD AT SENTOSA PTE. LTD.,SW09813E000,30 SENTOSA GATEWAY #01-304 USS - NEW YORK - KT'S GRILL (L1 & L2) SINGAPORE 098269,A,na,na,na,postal_code,medium_needs_shop_unit_review
23,Table65,"8 Sentosa Gateway, #01-104 & 105 Hotel Michael, 098269",098269,European,1,4.6,RESORTS WORLD AT SENTOSA PTE. LTD.,SW09812J000,30 SENTOSA GATEWAY USS-SCI-FI GALACTIC TREATS #01-K211/01-363 SINGAPORE 098269,A,na,na,na,postal_code,medium_needs_shop_unit_review
23,Table65,"8 Sentosa Gateway, #01-104 & 105 Hotel Michael, 098269",098269,European,1,4.6,RESORTS WORLD AT SENTOSA PTE. LTD.,SW09810L000,30 SENTOSA GATEWAY #01-381 USS - NEW YORK - LOUI'S NY PIZZA PARLOR SINGAPORE 098269,A,na,na,na,postal_code,medium_needs_shop_unit_review
23,Table65,"8 Sentosa Gateway, #01-104 & 105 Hotel Michael, 098269",098269,European,1,4.6,RESORTS WORLD AT SENTOSA PTE. LTD.,SW09809V000,30 SENTOSA GATEWAY #01-K157 USS HOLLYWOOD-NY-HOME-MADE PRATAS SINGAPORE 098269,A,na,na,na,postal_code,medium_needs_shop_unit_review
23,Table65,"8 Sentosa Gateway, #01-104 & 105 Hotel Michael, 098269",098269,European,1,4.6,RESORTS WORLD AT SENTOSA PTE. LTD.,SW09807B000,30 SENTOSA GATEWAY #01-303 USS HOLLYWOOD - MEL'S DRIVE-IN SINGAPORE 098269,A,na,na,na,postal_code,medium_needs_shop_unit_review
23,Table65,"8 Sentosa Gateway, #01-104 & 105 Hotel Michael, 098269",098269,European,1,4.6,RESORTS WORLD AT SENTOSA PTE. LTD.,SW09806C000,30 SENTOSA GATEWAY #01-K156 USS HOLLYWOOD-NY-STUDIO SNACKS SINGAPORE 098269,A,na,na,na,postal_code,medium_needs_shop_unit_review
23,Table65,"8 Sentosa Gateway, #01-104 & 105 Hotel Michael, 098269",098269,European,1,4.6,STARBUCKS COFFEE SINGAPORE PTE. LTD.,SW09805E000,30 SENTOSA GATEWAY #01-309 UNIVERSAL STUDIO SINGAPORE RESORTS WORLD SENTOSA SINGAPORE 098269,A,na,na,na,postal_code,medium_needs_shop_unit_review
23,Table65,"8 Sentosa Gateway, #01-104 & 105 Hotel Michael, 098269",098269,European,1,4.6,RESORTS WORLD AT SENTOSA PTE. LTD.,SW09804J000,30 SENTOSA GATEWAY #01-K153 USS HOLLYWOOD-NY-POPS! POPCORN DELIGHT SINGAPORE 098269,A,na,na,na,postal_code,medium_needs_shop_unit_review
23,Table65,"8 Sentosa Gateway, #01-104 & 105 Hotel Michael, 098269",098269,European,1,4.6,RESORTS WORLD AT SENTOSA PTE. LTD.,SW09803K000,30 SENTOSA GATEWAY #01-302 USS - HOLLYWOOD CHINA BISTRO SINGAPORE 098269,A,na,na,na,postal_code,medium_needs_shop_unit_review
23,Table65,"8 Sentosa Gateway, #01-104 & 105 Hotel Michael, 098269",098269,European,1,4.6,RESORTS WORLD AT SENTOSA PTE. LTD.,SW09792C000,8 SENTOSA GATEWAY FESTIVE GRAND - BAR A SINGAPORE 098269,A,na,na,na,postal_code,medium_needs_shop_unit_review
23,Table65,"8 Sentosa Gateway, #01-104 & 105 Hotel Michael, 098269",098269,European,1,4.6,RESORTS WORLD AT SENTOSA PTE. LTD.,SW09791E000,8 SENTOSA GATEWAY HARD ROCK HOTEL (ROCK POOL BAR) SINGAPORE 098269,na,na,na,na,postal_code,medium_needs_shop_unit_review
23,Table65,"8 Sentosa Gateway, #01-104 & 105 Hotel Michael, 098269",098269,European,1,4.6,RESORTS WORLD AT SENTOSA PTE. LTD.,SW09790J000,8 SENTOSA GATEWAY HARD ROCK HOTEL (THE ROCK BAR) SINGAPORE 098269,na,na,na,na,postal_code,medium_needs_shop_unit_review
23,Table65,"8 Sentosa Gateway, #01-104 & 105 Hotel Michael, 098269",098269,European,1,4.6,RESORTS WORLD AT SENTOSA PTE. LTD.,SW09784C000,8 SENTOSA GATEWAY HARD ROCK HOTEL (STARZ RESTAURANT) SINGAPORE 098269,A,na,na,na,postal_code,medium_needs_shop_unit_review
23,Table65,"8 Sentosa Gateway, #01-104 & 105 Hotel Michael, 098269",098269,European,1,4.6,PAPPAMIA GROUP PTE. LTD.,SW09783E000,26 SENTOSA GATEWAY #02-115/116 FESTIVE HOTEL RESORTS WORLD SENTOSA SINGAPORE 098269,A,na,na,na,postal_code,medium_needs_shop_unit_review
23,Table65,"8 Sentosa Gateway, #01-104 & 105 Hotel Michael, 098269",098269,European,1,4.6,RESORTS WORLD AT SENTOSA PTE. LTD.,SW09781K000,8 SENTOSA GATEWAY HOTEL MICHAEL (PALIO) - L2 SINGAPORE 098269,A,na,na,na,postal_code,medium_needs_shop_unit_review
129,Chef’s Table by Chef Stephan Zoisl,"61 Tras Street, Singapore 079000",079000,Contemporary|European|French,0,4.7,MY PRIVATE PANTRY PTE. LTD.,CE13S15B000,61 TRAS STREET SINGAPORE 079000,A,na,na,na,postal_code,medium_needs_shop_unit_review
120,Jade,"1 Fullerton Square, The Fullerton Hotel, Singapore 049178",049178,Asian|Cantonese|Chinese,0,4.4,PRECIOUS TREASURE PTE LTD,W00381L000,1 FULLERTON SQUARE THE FULLERTON HOTEL (MUSLIM KITCHEN) SINGAPORE 049178,A,na,na,na,postal_code,medium_needs_shop_unit_review
120,Jade,"1 Fullerton Square, The Fullerton Hotel, Singapore 049178",049178,Asian|Cantonese|Chinese,0,4.4,PRECIOUS TREASURE PTE LTD,W00356N000,1 FULLERTON SQUARE THE FULLERTON HOTEL (CENTRAL KITCHEN) SINGAPORE 049178,A,na,na,na,postal_code,medium_needs_shop_unit_review
120,Jade,"1 Fullerton Square, The Fullerton Hotel, Singapore 049178",049178,Asian|Cantonese|Chinese,0,4.4,PRECIOUS TREASURE PTE LTD,W00403L000,1 FULLERTON SQUARE #01-02 THE FULLERTON HOTEL SINGAPORE 049178,A,na,na,na,postal_code,medium_needs_shop_unit_review
120,Jade,"1 Fullerton Square, The Fullerton Hotel, Singapore 049178",049178,Asian|Cantonese|Chinese,0,4.4,PRECIOUS TREASURE PTE LTD,W00380N000,1 FULLERTON SQUARE THE FULLERTON HOTEL (STAFF CANTEEN) SINGAPORE 049178,A,na,na,na,postal_code,medium_needs_shop_unit_review
120,Jade,"1 Fullerton Square, The Fullerton Hotel, Singapore 049178",049178,Asian|Cantonese|Chinese,0,4.4,PRECIOUS TREASURE PTE LTD,W00379A000,1 FULLERTON SQUARE THE FULLERTON HOTEL (BASEMENT 1) SINGAPORE 049178,na,na,na,na,postal_code,medium_needs_shop_unit_review
120,Jade,"1 Fullerton Square, The Fullerton Hotel, Singapore 049178",049178,Asian|Cantonese|Chinese,0,4.4,PRECIOUS TREASURE PTE LTD,W00368E000,1 FULLERTON SQUARE FULLERTON HOTEL (LEVEL 8) SINGAPORE 049178,A,na,na,na,postal_code,medium_needs_shop_unit_review
120,Jade,"1 Fullerton Square, The Fullerton Hotel, Singapore 049178",049178,Asian|Cantonese|Chinese,0,4.4,PRECIOUS TREASURE PTE LTD,W00359J000,1 FULLERTON SQUARE #01-03 THE FULLERTON HOTEL SINGAPORE 049178,na,na,na,na,postal_code,medium_needs_shop_unit_review
120,Jade,"1 Fullerton Square, The Fullerton Hotel, Singapore 049178",049178,Asian|Cantonese|Chinese,0,4.4,PRECIOUS TREASURE PTE LTD,W00358K000,1 FULLERTON SQUARE #01-01 THE FULLERTON HOTEL SINGAPORE 049178,A,na,na,na,postal_code,medium_needs_shop_unit_review
120,Jade,"1 Fullerton Square, The Fullerton Hotel, Singapore 049178",049178,Asian|Cantonese|Chinese,0,4.4,PRECIOUS TREASURE PTE LTD,W00357L000,1 FULLERTON SQUARE FULLERTON HOTEL (COURTYARD) SINGAPORE 049178,A,na,na,na,postal_code,medium_needs_shop_unit_review
118,Cassia,"1 The Knolls, Capella Singapore, Sentosa Island, 098297",098297,Asian|Cantonese|Chinese,0,4.7,MILLENIA HOTEL PRIVATE LIMITED,SW09077A000,1 THE KNOLLS SENTOSA ISLAND CAPELLA SINGAPORE BASEMENT 1 SINGAPORE 098297,A,na,na,na,postal_code,medium_needs_shop_unit_review
118,Cassia,"1 The Knolls, Capella Singapore, Sentosa Island, 098297",098297,Asian|Cantonese|Chinese,0,4.7,MILLENIA HOTEL PRIVATE LIMITED,SW09072K000,1 THE KNOLLS. SENTOSA ISLAND CAPELLA SINGAPORE 2ND STY SINGAPORE 098297,na,na,na,na,postal_code,medium_needs_shop_unit_review
118,Cassia,"1 The Knolls, Capella Singapore, Sentosa Island, 098297",098297,Asian|Cantonese|Chinese,0,4.7,MILLENIA HOTEL PRIVATE LIMITED,SW09071L000,1 THE KNOLLS. SENTOSA ISLAND CAPELLA SINGAPORE 1ST STY (BANQUENT) SINGAPORE 098297,A,na,na,na,postal_code,medium_needs_shop_unit_review
118,Cassia,"1 The Knolls, Capella Singapore, Sentosa Island, 098297",098297,Asian|Cantonese|Chinese,0,4.7,MILLENIA HOTEL PRIVATE LIMITED,SW09070N000,1 THE KNOLLS SENTOSA ISLAND CAPELLA SINGAPORE 3RD/4TH STY (CASSIA) SINGAPORE 098297,A,na,na,na,postal_code,medium_needs_shop_unit_review
118,Cassia,"1 The Knolls, Capella Singapore, Sentosa Island, 098297",098297,Asian|Cantonese|Chinese,0,4.7,MILLENIA HOTEL PRIVATE LIMITED,SW09053P000,1 THE KNOLLS SENTOSA ISLAND CAPELLA SINGAPORE 1ST STY SINGAPORE 098297,A,na,na,na,postal_code,medium_needs_shop_unit_review
139,Crystal Jade Golden Palace,"290 Orchard Rd, #05 - 22, Paragon Shopping Centre, Singapore 238859",238859,Asian|Chinese,0,4.4,CRYSTAL JADE GOLDEN PALACE RESTAURANT PTE LTD,W02322X000,290 ORCHARD ROAD #05-22 THE PARAGON SINGAPORE 238859,A,na,na,na,postal_code,medium_needs_shop_unit_review
139,Crystal Jade Golden Palace,"290 Orchard Rd, #05 - 22, Paragon Shopping Centre, Singapore 238859",238859,Asian|Chinese,0,4.4,THE COFFEE BEAN & TEA LEAF (SINGAPORE) PTE LTD,W98309E000,290 ORCHARD ROAD #01-37 PARAGON SINGAPORE 238859,A,na,na,na,postal_code,medium_needs_shop_unit_review
139,Crystal Jade Golden Palace,"290 Orchard Rd, #05 - 22, Paragon Shopping Centre, Singapore 238859",238859,Asian|Chinese,0,4.4,THE SOUP SPOON PTE LTD,W03562C000,290 ORCHARD ROAD #B1-K4/K7 PARAGON SINGAPORE 238859,A,na,na,na,postal_code,medium_needs_shop_unit_review
139,Crystal Jade Golden Palace,"290 Orchard Rd, #05 - 22, Paragon Shopping Centre, Singapore 238859",238859,Asian|Chinese,0,4.4,BACHMANN JAPANESE RESTAURANT PTE LTD,W03442X000,290 ORCHARD ROAD #B1-47 PARAGON SINGAPORE 238859,A,na,na,na,postal_code,medium_needs_shop_unit_review
139,Crystal Jade Golden Palace,"290 Orchard Rd, #05 - 22, Paragon Shopping Centre, Singapore 238859",238859,Asian|Chinese,0,4.4,BREADTALK PTE LTD,W03439J000,290 ORCHARD ROAD #02-08A PARAGON SINGAPORE 238859,A,na,na,na,postal_code,medium_needs_shop_unit_review
139,Crystal Jade Golden Palace,"290 Orchard Rd, #05 - 22, Paragon Shopping Centre, Singapore 238859",238859,Asian|Chinese,0,4.4,MAXWYN PROPERTIES PTE LTD,W03413E000,290 ORCHARD ROAD #B1-44 PARAGON SINGAPORE 238859,A,na,na,na,postal_code,medium_needs_shop_unit_review
139,Crystal Jade Golden Palace,"290 Orchard Rd, #05 - 22, Paragon Shopping Centre, Singapore 238859",238859,Asian|Chinese,0,4.4,LIM ENG WAH,W03408A000,290 ORCHARD ROAD #B1-K3 PARAGON SINGAPORE 238859,A,na,na,na,postal_code,medium_needs_shop_unit_review
139,Crystal Jade Golden Palace,"290 Orchard Rd, #05 - 22, Paragon Shopping Centre, Singapore 238859",238859,Asian|Chinese,0,4.4,AKASHI GLOBAL PTE. LTD.,W03393B000,290 ORCHARD ROAD #B1-01/02 PARAGON SINGAPORE 238859,A,na,na,na,postal_code,medium_needs_shop_unit_review
139,Crystal Jade Golden Palace,"290 Orchard Rd, #05 - 22, Paragon Shopping Centre, Singapore 238859",238859,Asian|Chinese,0,4.4,YA KUN CAFE PTE. LTD.,W03391E000,290 ORCHARD ROAD #B1-38 & #B1-K11 PARAGON SINGAPORE 238859,A,na,na,na,postal_code,medium_needs_shop_unit_review
139,Crystal Jade Golden Palace,"290 Orchard Rd, #05 - 22, Paragon Shopping Centre, Singapore 238859",238859,Asian|Chinese,0,4.4,R E & S ENTERPRISES PTE LTD,W03376C000,290 ORCHARD ROAD #B1-41 PARAGON SINGAPORE 238859,A,na,na,na,postal_code,medium_needs_shop_unit_review
139,Crystal Jade Golden Palace,"290 Orchard Rd, #05 - 22, Paragon Shopping Centre, Singapore 238859",238859,Asian|Chinese,0,4.4,HARMONIC FOOD PTE. LTD.,W03375E000,290 ORCHARD ROAD #B1-42/43 PARAGON SINGAPORE 238859,A,na,na,na,postal_code,medium_needs_shop_unit_review
139,Crystal Jade Golden Palace,"290 Orchard Rd, #05 - 22, Paragon Shopping Centre, Singapore 238859",238859,Asian|Chinese,0,4.4,OEDO FOOD SERVICES PTE LTD,W03365K000,290 ORCHARD ROAD #B1-K1 PARAGON SINGAPORE 238859,A,na,na,na,postal_code,medium_needs_shop_unit_review
139,Crystal Jade Golden Palace,"290 Orchard Rd, #05 - 22, Paragon Shopping Centre, Singapore 238859",238859,Asian|Chinese,0,4.4,TASTER FOOD PTE. LTD.,W03362P000,290 ORCHARD ROAD #B1-03/06 PARAGON SINGAPORE 238859,A,na,na,na,postal_code,medium_needs_shop_unit_review
139,Crystal Jade Golden Palace,"290 Orchard Rd, #05 - 22, Paragon Shopping Centre, Singapore 238859",238859,Asian|Chinese,0,4.4,ROYAL T GROUP PTE. LTD.,W03354P000,290 ORCHARD ROAD #B1-39/40 PARAGON SINGAPORE 238859,A,na,na,na,postal_code,medium_needs_shop_unit_review
139,Crystal Jade Golden Palace,"290 Orchard Rd, #05 - 22, Paragon Shopping Centre, Singapore 238859",238859,Asian|Chinese,0,4.4,MINOR FOOD GROUP (SINGAPORE) PTE. LTD.,W03347N000,290 ORCHARD ROAD #B1-45/46 PARAGON SINGAPORE 238859,A,na,na,na,postal_code,medium_needs_shop_unit_review
139,Crystal Jade Golden Palace,"290 Orchard Rd, #05 - 22, Paragon Shopping Centre, Singapore 238859",238859,Asian|Chinese,0,4.4,IMPERIAL TREASURE WINDOWS OF HONG KONG PTE. LTD.,W03325C000,290 ORCHARD ROAD #B1-08 PARAGON SINGAPORE 238859,A,na,na,na,postal_code,medium_needs_shop_unit_review
139,Crystal Jade Golden Palace,"290 Orchard Rd, #05 - 22, Paragon Shopping Centre, Singapore 238859",238859,Asian|Chinese,0,4.4,MINOR FOOD GROUP (SINGAPORE) PTE. LTD.,W03271V000,68 ORCHARD ROAD #03-24 PLAZA SINGAPURA SINGAPORE 238859,A,na,na,na,postal_code,medium_needs_shop_unit_review
139,Crystal Jade Golden Palace,"290 Orchard Rd, #05 - 22, Paragon Shopping Centre, Singapore 238859",238859,Asian|Chinese,0,4.4,DA PAOLO LA GASTRONOMIA PTE. LTD.,W03186L000,290 ORCHARD ROAD #B1-K8 PARAGON SINGAPORE 238859,A,na,na,na,postal_code,medium_needs_shop_unit_review
139,Crystal Jade Golden Palace,"290 Orchard Rd, #05 - 22, Paragon Shopping Centre, Singapore 238859",238859,Asian|Chinese,0,4.4,FISH & CO. RESTAURANTS PTE. LTD.,W01027L000,290 ORCHARD ROAD #B1-35/36 PARAGON SHOPPING CENTRE SINGAPORE 238859,B,na,na,na,postal_code,medium_needs_shop_unit_review
139,Crystal Jade Golden Palace,"290 Orchard Rd, #05 - 22, Paragon Shopping Centre, Singapore 238859",238859,Asian|Chinese,0,4.4,IT''S TEA TIME PTE. LTD.,W01008X000,290 ORCHARD ROAD #B1-K2 PARAGON SHOPPING CENTRE SINGAPORE 238859,A,na,na,na,postal_code,medium_needs_shop_unit_review
139,Crystal Jade Golden Palace,"290 Orchard Rd, #05 - 22, Paragon Shopping Centre, Singapore 238859",238859,Asian|Chinese,0,4.4,BREADTALK PTE LTD,W01005B000,290 ORCHARD ROAD #B1-11/12 PARAGON SHOPPING CENTRE SINGAPORE 238859,A,na,na,na,postal_code,medium_needs_shop_unit_review
139,Crystal Jade Golden Palace,"290 Orchard Rd, #05 - 22, Paragon Shopping Centre, Singapore 238859",238859,Asian|Chinese,0,4.4,STARBUCKS COFFEE SINGAPORE PTE. LTD.,W01002J000,290 ORCHARD ROAD #B1-34 PARAGON SHOPPING CENTRE SINGAPORE 238859,A,na,na,na,postal_code,medium_needs_shop_unit_review
139,Crystal Jade Golden Palace,"290 Orchard Rd, #05 - 22, Paragon Shopping Centre, Singapore 238859",238859,Asian|Chinese,0,4.4,BACHMANN JAPANESE RESTAURANT PTE LTD,CE16413P000,290 ORCHARD ROAD #B1-13 THE PARAGON SINGAPORE 238859,A,na,na,na,postal_code,medium_needs_shop_unit_review
139,Crystal Jade Golden Palace,"290 Orchard Rd, #05 - 22, Paragon Shopping Centre, Singapore 238859",238859,Asian|Chinese,0,4.4,MUJI (SINGAPORE) PTE. LTD.,CE15D48N000,290 ORCHARD ROAD #04-36/40 THE PARAGON SINGAPORE 238859,A,na,na,na,postal_code,medium_needs_shop_unit_review
139,Crystal Jade Golden Palace,"290 Orchard Rd, #05 - 22, Paragon Shopping Centre, Singapore 238859",238859,Asian|Chinese,0,4.4,PAUL SINGAPORE PTE. LTD.,CE15C98A000,290 ORCHARD ROAD #02-09/K1 THE PARAGON SINGAPORE 238859,A,na,na,na,postal_code,medium_needs_shop_unit_review
139,Crystal Jade Golden Palace,"290 Orchard Rd, #05 - 22, Paragon Shopping Centre, Singapore 238859",238859,Asian|Chinese,0,4.4,COLD STORAGE SINGAPORE (1983) PTE LTD,CE13V33B000,290 ORCHARD ROAD #02-08B PARAGON THE SINGAPORE 238859,A,na,na,na,postal_code,medium_needs_shop_unit_review
139,Crystal Jade Golden Palace,"290 Orchard Rd, #05 - 22, Paragon Shopping Centre, Singapore 238859",238859,Asian|Chinese,0,4.4,CHALK FARM PTE. LTD.,CE13R66J000,290 ORCHARD ROAD #B1-K24 PARAGON THE SINGAPORE 238859,A,na,na,na,postal_code,medium_needs_shop_unit_review
139,Crystal Jade Golden Palace,"290 Orchard Rd, #05 - 22, Paragon Shopping Centre, Singapore 238859",238859,Asian|Chinese,0,4.4,THE BAKERY DEPOT PTE LTD,CE12B76V000,290 ORCHARD ROAD THE PARAGON(PART OF #01-25A) SINGAPORE 238859,A,na,na,na,postal_code,medium_needs_shop_unit_review
139,Crystal Jade Golden Palace,"290 Orchard Rd, #05 - 22, Paragon Shopping Centre, Singapore 238859",238859,Asian|Chinese,0,4.4,MULTI CONCEPTS LINK (SINGAPORE) PTE. LTD.,CE11L75N000,290 ORCHARD ROAD #B1-09 PARAGON THE SINGAPORE 238859,A,na,na,na,postal_code,medium_needs_shop_unit_review
139,Crystal Jade Golden Palace,"290 Orchard Rd, #05 - 22, Paragon Shopping Centre, Singapore 238859",238859,Asian|Chinese,0,4.4,SOUP RESTAURANT SINGAPORE PTE. LTD,CE09M15A000,290 ORCHARD ROAD #B1-07 THE PARAGON SINGAPORE 238859,A,na,na,na,postal_code,medium_needs_shop_unit_review
139,Crystal Jade Golden Palace,"290 Orchard Rd, #05 - 22, Paragon Shopping Centre, Singapore 238859",238859,Asian|Chinese,0,4.4,DOME COFFEES (S) PTE LTD,CE09L98L000,290 ORCHARD ROAD #04-09 PARAGON THE SINGAPORE 238859,A,na,na,na,postal_code,medium_needs_shop_unit_review
139,Crystal Jade Golden Palace,"290 Orchard Rd, #05 - 22, Paragon Shopping Centre, Singapore 238859",238859,Asian|Chinese,0,4.4,IMPERIAL TREASURE CANTONESE CUISINE PTE. LTD.,CE09I84V000,290 ORCHARD ROAD #05-42/45 PARAGON THE SINGAPORE 238859,A,na,na,na,postal_code,medium_needs_shop_unit_review
139,Crystal Jade Golden Palace,"290 Orchard Rd, #05 - 22, Paragon Shopping Centre, Singapore 238859",238859,Asian|Chinese,0,4.4,SUSHI-TEI PTE LTD,CE09601V000,290 ORCHARD ROAD #05-04/05 PARAGON THE SINGAPORE 238859,A,na,na,na,postal_code,medium_needs_shop_unit_review
139,Crystal Jade Golden Palace,"290 Orchard Rd, #05 - 22, Paragon Shopping Centre, Singapore 238859",238859,Asian|Chinese,0,4.4,COFFEE CLUB PTE LTD,CE08B80L000,290 ORCHARD ROAD #03-09 PARAGON THE SINGAPORE 238859,A,na,na,na,postal_code,medium_needs_shop_unit_review
139,Crystal Jade Golden Palace,"290 Orchard Rd, #05 - 22, Paragon Shopping Centre, Singapore 238859",238859,Asian|Chinese,0,4.4,CREATIVE FOOD CONCEPT PTE. LTD.,CE07R67E000,290 ORCHARD ROAD #B1-25 PARAGON THE SINGAPORE 238859,A,na,na,na,postal_code,medium_needs_shop_unit_review
139,Crystal Jade Golden Palace,"290 Orchard Rd, #05 - 22, Paragon Shopping Centre, Singapore 238859",238859,Asian|Chinese,0,4.4,MANNA 360 PTE. LTD,CE07Q12V000,290 ORCHARD ROAD #B1-K6 PARAGON THE SINGAPORE 238859,A,na,na,na,postal_code,medium_needs_shop_unit_review
139,Crystal Jade Golden Palace,"290 Orchard Rd, #05 - 22, Paragon Shopping Centre, Singapore 238859",238859,Asian|Chinese,0,4.4,KATRINA HOLDINGS PTE LTD,CE07C34C000,290 ORCHARD ROAD #B1-20 THE PARAGON SINGAPORE 238859,A,na,na,na,postal_code,medium_needs_shop_unit_review
139,Crystal Jade Golden Palace,"290 Orchard Rd, #05 - 22, Paragon Shopping Centre, Singapore 238859",238859,Asian|Chinese,0,4.4,MANUKA PTE. LTD.,CE05484C000,290 ORCHARD ROAD #05-K3/K4 PARAGON THE SINGAPORE 238859,A,na,na,na,postal_code,medium_needs_shop_unit_review
139,Crystal Jade Golden Palace,"290 Orchard Rd, #05 - 22, Paragon Shopping Centre, Singapore 238859",238859,Asian|Chinese,0,4.4,PSGOURMET PTE. LTD.,CE05227L000,290 ORCHARD ROAD #03-41/44 THE PARAGON SINGAPORE 238859,A,na,na,na,postal_code,medium_needs_shop_unit_review
139,Crystal Jade Golden Palace,"290 Orchard Rd, #05 - 22, Paragon Shopping Centre, Singapore 238859",238859,Asian|Chinese,0,4.4,TEN & HAN TRADING PTE LTD,CE05222A000,290 ORCHARD ROAD #B1-10 THE PARAGON SINGAPORE 238859,A,na,na,na,postal_code,medium_needs_shop_unit_review
139,Crystal Jade Golden Palace,"290 Orchard Rd, #05 - 22, Paragon Shopping Centre, Singapore 238859",238859,Asian|Chinese,0,4.4,BEE CHENG HIANG HUP CHONG FOODSTUFF PTE LTD,CE05168A000,290 ORCHARD ROAD #B1-10A PARAGON SINGAPORE 238859,na,na,na,na,postal_code,medium_needs_shop_unit_review
139,Crystal Jade Golden Palace,"290 Orchard Rd, #05 - 22, Paragon Shopping Centre, Singapore 238859",238859,Asian|Chinese,0,4.4,THE FAMOUS AMOS CHOCOLATE CHIP COOKIE SINGAPORE PTE LTD,CE04389J000,290 ORCHARD ROAD #B1-K5 PARAGON THE SINGAPORE 238859,A,na,na,na,postal_code,medium_needs_shop_unit_review
47,Cure,"21 Keong Saik Road, Singapore 089128",089128,European|Irish,1,4.7,CURE RESTAURANT PTE LTD,CE12B98J000,21 KEONG SAIK ROAD SINGAPORE 089128,A,na,na,na,postal_code,medium_needs_shop_unit_review
18,Sushi Kimura,"390 Orchard Road, #01-07 Palais Renaissance, Singapore 238871",238871,Asian|Japanese|Omakase,1,4.6,P BISTRO PRIVATE LIMITED,CE14N47J000,390 ORCHARD ROAD #B1-06 PALAIS RENAISSANCE SINGAPORE 238871,A,na,na,na,postal_code,medium_needs_shop_unit_review
18,Sushi Kimura,"390 Orchard Road, #01-07 Palais Renaissance, Singapore 238871",238871,Asian|Japanese|Omakase,1,4.6,THREE BOND JING HUA PTE. LTD.,CE14I29V000,390 ORCHARD ROAD #B1-04/05 PALAIS RENAISSANCE SINGAPORE 238871,A,na,na,na,postal_code,medium_needs_shop_unit_review
18,Sushi Kimura,"390 Orchard Road, #01-07 Palais Renaissance, Singapore 238871",238871,Asian|Japanese|Omakase,1,4.6,TABLE CONCEPTS PTE. LTD.,CE14E64P000,390 ORCHARD ROAD #B1-02/2A PALAIS RENAISSANCE SINGAPORE 238871,A,na,na,na,postal_code,medium_needs_shop_unit_review
18,Sushi Kimura,"390 Orchard Road, #01-07 Palais Renaissance, Singapore 238871",238871,Asian|Japanese|Omakase,1,4.6,JEDA INVESTMENT HOLDINGS PTE. LTD.,CE13Y65L000,390 ORCHARD ROAD #01-07 PALAIS RENAISSANCE SINGAPORE 238871,A,na,na,na,postal_code,medium_needs_shop_unit_review
18,Sushi Kimura,"390 Orchard Road, #01-07 Palais Renaissance, Singapore 238871",238871,Asian|Japanese|Omakase,1,4.6,PSGOURMET PTE. LTD.,CE08707K000,390 ORCHARD ROAD #02-09A PALAIS RENAISSANCE SINGAPORE 238871,A,na,na,na,postal_code,medium_needs_shop_unit_review
44,Cut by Wolfgang Puck,"2 Bayfront Avenue, Suite B1-71, Singapore 018972",018972,American|Steakhouse,1,4.6,TODAI SINGAPORE PTE. LTD.,CE10L75A000,2 BAYFRONT AVENUE #B2-01 SINGAPORE 018972,A,na,na,na,postal_code,medium_needs_shop_unit_review
44,Cut by Wolfgang Puck,"2 Bayfront Avenue, Suite B1-71, Singapore 018972",018972,American|Steakhouse,1,4.6,Z YOGURT THREE PTE. LTD.,CE15K84J000,2 BAYFRONT AVENUE #B2-56A MARINA BAY SANDS SINGAPORE 018972,A,na,na,na,postal_code,medium_needs_shop_unit_review
44,Cut by Wolfgang Puck,"2 Bayfront Avenue, Suite B1-71, Singapore 018972",018972,American|Steakhouse,1,4.6,MARINA BAY SANDS PTE. LTD.,CE15749C000,2 BAYFRONT AVENUE #01-81 MARINA BAY SANDS SINGAPORE 018972,A,na,na,na,postal_code,medium_needs_shop_unit_review
44,Cut by Wolfgang Puck,"2 Bayfront Avenue, Suite B1-71, Singapore 018972",018972,American|Steakhouse,1,4.6,GBL VENTURES PTE. LTD.,CE15019N000,2 BAYFRONT AVENUE #B2-2 3&4 THE SHOPPES AT MBS (unit: #B2-02/03/04) SINGAPORE 018972,A,na,na,na,postal_code,medium_needs_shop_unit_review
44,Cut by Wolfgang Puck,"2 Bayfront Avenue, Suite B1-71, Singapore 018972",018972,American|Steakhouse,1,4.6,CHINA FOOD CONCEPTS PTE. LTD.,CE14G19N000,2 BAYFRONT AVENUE #B1-01B THE SHOPPES AT MARINA BAY SANDS SINGAPORE 018972,A,na,na,na,postal_code,medium_needs_shop_unit_review
44,Cut by Wolfgang Puck,"2 Bayfront Avenue, Suite B1-71, Singapore 018972",018972,American|Steakhouse,1,4.6,HIGH SOCIETY CULTURE PTE. LTD.,CE13Y25E000,2 BAYFRONT AVENUE #B2-47/48 MARINA BAY SANDS SINGAPORE 018972,A,na,na,na,postal_code,medium_needs_shop_unit_review
44,Cut by Wolfgang Puck,"2 Bayfront Avenue, Suite B1-71, Singapore 018972",018972,American|Steakhouse,1,4.6,KUSTO LIFESTYLE CONCEPTS PTE. LTD.,CE12Y90X000,2 BAYFRONT AVENUE #01-03 NORTH PODIUM SINGAPORE 018972,A,na,na,na,postal_code,medium_needs_shop_unit_review
44,Cut by Wolfgang Puck,"2 Bayfront Avenue, Suite B1-71, Singapore 018972",018972,American|Steakhouse,1,4.6,TRUNG NGUYEN CAFE CHAIN PTE. LTD.,CE12A49K000,2 BAYFRONT AVENUE #01-071 MARINA BAY SANDS SINGAPORE 018972,A,na,na,na,postal_code,medium_needs_shop_unit_review
44,Cut by Wolfgang Puck,"2 Bayfront Avenue, Suite B1-71, Singapore 018972",018972,American|Steakhouse,1,4.6,BAY SUSHI PTE. LTD.,CE12210A000,2 BAYFRONT AVENUE #B2-01B MARINA BAY SANDS SINGAPORE 018972,A,na,na,na,postal_code,medium_needs_shop_unit_review
44,Cut by Wolfgang Puck,"2 Bayfront Avenue, Suite B1-71, Singapore 018972",018972,American|Steakhouse,1,4.6,DELIJOY PTE. LTD.,CE12069X000,2 BAYFRONT AVENUE #B1-01 THE SHOPPES AT MARINA BAY SANDS SINGAPORE 018972,na,na,na,na,postal_code,medium_needs_shop_unit_review
44,Cut by Wolfgang Puck,"2 Bayfront Avenue, Suite B1-71, Singapore 018972",018972,American|Steakhouse,1,4.6,TASTER FOOD PTE. LTD.,CE11Q04N000,2 BAYFRONT AVENUE #B2-63/64 MARINA BAY SANDS SINGAPORE 018972,A,na,na,na,postal_code,medium_needs_shop_unit_review
44,Cut by Wolfgang Puck,"2 Bayfront Avenue, Suite B1-71, Singapore 018972",018972,American|Steakhouse,1,4.6,BREADTALK PTE LTD,CE11O15V000,2 BAYFRONT AVENUE #B2-62 MARINA BAY SANDS SINGAPORE 018972,A,na,na,na,postal_code,medium_needs_shop_unit_review
44,Cut by Wolfgang Puck,"2 Bayfront Avenue, Suite B1-71, Singapore 018972",018972,American|Steakhouse,1,4.6,PITA PAN MANAGEMENT PTE. LTD.,CE11K95L000,2 BAYFRONT AVENUE #01-87 MARINA BAY SANDS SINGAPORE 018972,A,na,na,na,postal_code,medium_needs_shop_unit_review
44,Cut by Wolfgang Puck,"2 Bayfront Avenue, Suite B1-71, Singapore 018972",018972,American|Steakhouse,1,4.6,CRYSTAL PAVILION MARINA PRODUCTION PTE. LTD.,CE11J94V000,2 BAYFRONT AVENUE #B2-05 MARINA BAY SANDS (PANGAEA) SINGAPORE 018972,na,na,na,na,postal_code,medium_needs_shop_unit_review
44,Cut by Wolfgang Puck,"2 Bayfront Avenue, Suite B1-71, Singapore 018972",018972,American|Steakhouse,1,4.6,CRYSTAL PAVILION MARINA PRODUCTION PTE. LTD.,CE11J37P000,2 BAYFRONT AVENUE #B2-05 MARINA BAY SANDS (AVALON) SINGAPORE 018972,na,na,na,na,postal_code,medium_needs_shop_unit_review
44,Cut by Wolfgang Puck,"2 Bayfront Avenue, Suite B1-71, Singapore 018972",018972,American|Steakhouse,1,4.6,CARNIVORE BRAZILIAN CHURRASCARIA PTE. LTD.,CE11I92J000,2 BAYFRONT AVENUE #01-77/80 MARINA BAY SANDS SINGAPORE 018972,A,na,na,na,postal_code,medium_needs_shop_unit_review
44,Cut by Wolfgang Puck,"2 Bayfront Avenue, Suite B1-71, Singapore 018972",018972,American|Steakhouse,1,4.6,COLD STORAGE SINGAPORE (1983) PTE LTD,CE11G38K000,2 BAYFRONT AVENUE #01-73/76 SINGAPORE 018972,A,na,na,na,postal_code,medium_needs_shop_unit_review
44,Cut by Wolfgang Puck,"2 Bayfront Avenue, Suite B1-71, Singapore 018972",018972,American|Steakhouse,1,4.6,SARIKA CONNOISSUER CAF? PTE LTD,CE11B51B000,2 BAYFRONT AVENUE #B2-120/120A THE SHOPPES AT MARINA BAY SANDS SINGAPORE 018972,A,na,na,na,postal_code,medium_needs_shop_unit_review
44,Cut by Wolfgang Puck,"2 Bayfront Avenue, Suite B1-71, Singapore 018972",018972,American|Steakhouse,1,4.6,WRAPSTER FOODS (S) PTE. LTD.,CE11B40J000,2 BAYFRONT AVENUE #B1-01A SINGAPORE 018972,A,na,na,na,postal_code,medium_needs_shop_unit_review
44,Cut by Wolfgang Puck,"2 Bayfront Avenue, Suite B1-71, Singapore 018972",018972,American|Steakhouse,1,4.6,TWG TEA COMPANY PTE. LTD.,CE11846N000,2 BAYFRONT AVENUE #B2-65/68A SINGAPORE 018972,A,na,na,na,postal_code,medium_needs_shop_unit_review
44,Cut by Wolfgang Puck,"2 Bayfront Avenue, Suite B1-71, Singapore 018972",018972,American|Steakhouse,1,4.6,NEXT CAPITAL ENTERTAINMENT PTE. LTD.,CE11745A000,2 BAYFRONT AVENUE #01-86 SINGAPORE 018972,A,na,na,na,postal_code,medium_needs_shop_unit_review
44,Cut by Wolfgang Puck,"2 Bayfront Avenue, Suite B1-71, Singapore 018972",018972,American|Steakhouse,1,4.6,BAZIN GROUP PTE. LTD.,CE11708K000,2 BAYFRONT AVENUE #01-84 SINGAPORE 018972,A,na,na,na,postal_code,medium_needs_shop_unit_review
44,Cut by Wolfgang Puck,"2 Bayfront Avenue, Suite B1-71, Singapore 018972",018972,American|Steakhouse,1,4.6,THREE BOND WINE & DINE PTE. LTD.,CE10N36B000,2 BAYFRONT AVENUE #01-83 SINGAPORE 018972,A,na,na,na,postal_code,medium_needs_shop_unit_review
44,Cut by Wolfgang Puck,"2 Bayfront Avenue, Suite B1-71, Singapore 018972",018972,American|Steakhouse,1,4.6,KOUFU PTE LTD,CE10L76V000,2 BAYFRONT AVENUE #01-01 SINGAPORE 018972,A,na,na,na,postal_code,medium_needs_shop_unit_review
44,Cut by Wolfgang Puck,"2 Bayfront Avenue, Suite B1-71, Singapore 018972",018972,American|Steakhouse,1,4.6,YU CUISINE PTE. LTD.,CE10K71N000,2 BAYFRONT AVENUE #B1-07 SINGAPORE 018972,A,na,na,na,postal_code,medium_needs_shop_unit_review
44,Cut by Wolfgang Puck,"2 Bayfront Avenue, Suite B1-71, Singapore 018972",018972,American|Steakhouse,1,4.6,ELBOW HOLDINGS PTE. LTD.,CE10J52C000,2 BAYFRONT AVENUE #01-07 #01-R07/#B1-R07 SINGAPORE 018972,A,na,na,na,postal_code,medium_needs_shop_unit_review
44,Cut by Wolfgang Puck,"2 Bayfront Avenue, Suite B1-71, Singapore 018972",018972,American|Steakhouse,1,4.6,KOUFU PTE LTD,CE10H74C000,2 BAYFRONT AVENUE #B2-49/53 THE SHOPPES AT MARINA BAY SANDS SINGAPORE 018972,na,na,na,na,postal_code,medium_needs_shop_unit_review
44,Cut by Wolfgang Puck,"2 Bayfront Avenue, Suite B1-71, Singapore 018972",018972,American|Steakhouse,1,4.6,THREE BOND WINE & DINE PTE. LTD.,CE10274E000,2 BAYFRONT AVENUE #B1-15 SINGAPORE 018972,A,na,na,na,postal_code,medium_needs_shop_unit_review
44,Cut by Wolfgang Puck,"2 Bayfront Avenue, Suite B1-71, Singapore 018972",018972,American|Steakhouse,1,4.6,THE COFFEE BEAN & TEA LEAF (SINGAPORE) PTE LTD,CE10126E000,2 BAYFRONT AVENUE #B2-020 SINGAPORE 018972,A,na,na,na,postal_code,medium_needs_shop_unit_review
44,Cut by Wolfgang Puck,"2 Bayfront Avenue, Suite B1-71, Singapore 018972",018972,American|Steakhouse,1,4.6,TWG TEA COMPANY PTE. LTD.,CE09M16V000,2 BAYFRONT AVENUE #B2-89/89A MARINA BAY SANDS SHOPPES SINGAPORE 018972,A,na,na,na,postal_code,medium_needs_shop_unit_review
44,Cut by Wolfgang Puck,"2 Bayfront Avenue, Suite B1-71, Singapore 018972",018972,American|Steakhouse,1,4.6,DELIJOY PTE. LTD.,CE12069X003,2 BAYFRONT AVENUE #B1-01 THE SHOPPES AT MARINA BAY SANDS SINGAPORE 018972,A,na,na,na,postal_code,medium_needs_shop_unit_review
44,Cut by Wolfgang Puck,"2 Bayfront Avenue, Suite B1-71, Singapore 018972",018972,American|Steakhouse,1,4.6,LAU DI FANG SCISSORS-CUT CURRY RICE PTE. LTD.,CE12069X002,2 BAYFRONT AVENUE #B1-01 THE SHOPPES AT MARINA BAY SANDS SINGAPORE 018972,A,na,na,na,postal_code,medium_needs_shop_unit_review
44,Cut by Wolfgang Puck,"2 Bayfront Avenue, Suite B1-71, Singapore 018972",018972,American|Steakhouse,1,4.6,DELIJOY PTE. LTD.,CE12069X001,2 BAYFRONT AVENUE #B1-01 THE SHOPPES AT MARINA BAY SANDS SINGAPORE 018972,A,na,na,na,postal_code,medium_needs_shop_unit_review
44,Cut by Wolfgang Puck,"2 Bayfront Avenue, Suite B1-71, Singapore 018972",018972,American|Steakhouse,1,4.6,KOUFU PTE LTD,CE10H74C027,2 BAYFRONT AVENUE #B2-49/53 THE SHOPPES AT MARINA BAY SANDS SINGAPORE 018972,A,na,na,na,postal_code,medium_needs_shop_unit_review
44,Cut by Wolfgang Puck,"2 Bayfront Avenue, Suite B1-71, Singapore 018972",018972,American|Steakhouse,1,4.6,GOLDEN GROWTH PTE LTD,CE10H74C026,2 BAYFRONT AVENUE #B2-49/53 THE SHOPPES AT MARINA BAY SANDS SINGAPORE 018972,A,na,na,na,postal_code,medium_needs_shop_unit_review
44,Cut by Wolfgang Puck,"2 Bayfront Avenue, Suite B1-71, Singapore 018972",018972,American|Steakhouse,1,4.6,LIM BEE KIAN ANNIE,CE10H74C025,2 BAYFRONT AVENUE #B2-49/53 THE SHOPPES AT MARINA BAY SANDS SINGAPORE 018972,na,na,na,na,postal_code,medium_needs_shop_unit_review
44,Cut by Wolfgang Puck,"2 Bayfront Avenue, Suite B1-71, Singapore 018972",018972,American|Steakhouse,1,4.6,BOON TAT CATERING & SUPPLY PTE. LTD.,CE10H74C024,2 BAYFRONT AVENUE #B2-49/53 THE SHOPPES AT MARINA BAY SANDS SINGAPORE 018972,A,na,na,na,postal_code,medium_needs_shop_unit_review
44,Cut by Wolfgang Puck,"2 Bayfront Avenue, Suite B1-71, Singapore 018972",018972,American|Steakhouse,1,4.6,LONGEN PTE. LTD.,CE10H74C023,2 BAYFRONT AVENUE #B2-49/53 THE SHOPPES AT MARINA BAY SANDS SINGAPORE 018972,A,na,na,na,postal_code,medium_needs_shop_unit_review
44,Cut by Wolfgang Puck,"2 Bayfront Avenue, Suite B1-71, Singapore 018972",018972,American|Steakhouse,1,4.6,GAO JI FOOD (S) PTE LTD,CE10H74C022,2 BAYFRONT AVENUE #B2-49/53 THE SHOPPES AT MARINA BAY SANDS SINGAPORE 018972,A,na,na,na,postal_code,medium_needs_shop_unit_review
44,Cut by Wolfgang Puck,"2 Bayfront Avenue, Suite B1-71, Singapore 018972",018972,American|Steakhouse,1,4.6,KOUFU PTE LTD,CE10H74C021,2 BAYFRONT AVENUE #B2-49/53 THE SHOPPES AT MARINA BAY SANDS SINGAPORE 018972,A,na,na,na,postal_code,medium_needs_shop_unit_review
44,Cut by Wolfgang Puck,"2 Bayfront Avenue, Suite B1-71, Singapore 018972",018972,American|Steakhouse,1,4.6,YU KEE DUCK AND NOODLE HOUSE PTE. LTD.,CE10H74C020,2 BAYFRONT AVENUE #B2-49/53 THE SHOPPES AT MARINA BAY SANDS SINGAPORE 018972,A,na,na,na,postal_code,medium_needs_shop_unit_review
44,Cut by Wolfgang Puck,"2 Bayfront Avenue, Suite B1-71, Singapore 018972",018972,American|Steakhouse,1,4.6,THE SONG OF INDIA PTE. LTD.,CE10H74C019,2 BAYFRONT AVENUE #B2-49/53 THE SHOPPES AT MARINA BAY SANDS SINGAPORE 018972,A,na,na,na,postal_code,medium_needs_shop_unit_review
44,Cut by Wolfgang Puck,"2 Bayfront Avenue, Suite B1-71, Singapore 018972",018972,American|Steakhouse,1,4.6,HYANGTOGOL (KOREAN RESTAURANT) PTE. LTD.,CE10H74C018,2 BAYFRONT AVENUE #B2-49/53 THE SHOPPES AT MARINA BAY SANDS SINGAPORE 018972,A,na,na,na,postal_code,medium_needs_shop_unit_review
44,Cut by Wolfgang Puck,"2 Bayfront Avenue, Suite B1-71, Singapore 018972",018972,American|Steakhouse,1,4.6,CHANG CHENG FOOD PARADISE PTE. LTD.,CE10H74C017,2 BAYFRONT AVENUE #B2-49/53 THE SHOPPES AT MARINA BAY SANDS SINGAPORE 018972,A,na,na,na,postal_code,medium_needs_shop_unit_review
44,Cut by Wolfgang Puck,"2 Bayfront Avenue, Suite B1-71, Singapore 018972",018972,American|Steakhouse,1,4.6,LONGEN PTE. LTD.,CE10H74C016,2 BAYFRONT AVENUE #B2-49/53 THE SHOPPES AT MARINA BAY SANDS SINGAPORE 018972,A,na,na,na,postal_code,medium_needs_shop_unit_review
44,Cut by Wolfgang Puck,"2 Bayfront Avenue, Suite B1-71, Singapore 018972",018972,American|Steakhouse,1,4.6,KOUFU PTE LTD,CE10H74C015,2 BAYFRONT AVENUE #B2-49/53 THE SHOPPES AT MARINA BAY SANDS SINGAPORE 018972,A,na,na,na,postal_code,medium_needs_shop_unit_review
44,Cut by Wolfgang Puck,"2 Bayfront Avenue, Suite B1-71, Singapore 018972",018972,American|Steakhouse,1,4.6,MEIXI CUISINE PTE LTD,CE10H74C014,2 BAYFRONT AVENUE #B2-49/53 THE SHOPPES AT MARINA BAY SANDS SINGAPORE 018972,A,na,na,na,postal_code,medium_needs_shop_unit_review
44,Cut by Wolfgang Puck,"2 Bayfront Avenue, Suite B1-71, Singapore 018972",018972,American|Steakhouse,1,4.6,SFBI (ASIA-PACIFIC) PTE. LTD.,CE10H74C013,2 BAYFRONT AVENUE #B2-49/53 THE SHOPPES AT MARINA BAY SANDS SINGAPORE 018972,A,na,na,na,postal_code,medium_needs_shop_unit_review
44,Cut by Wolfgang Puck,"2 Bayfront Avenue, Suite B1-71, Singapore 018972",018972,American|Steakhouse,1,4.6,XIE ENWU,CE10H74C012,2 BAYFRONT AVENUE #B2-49/53 THE SHOPPES AT MARINA BAY SANDS SINGAPORE 018972,A,na,na,na,postal_code,medium_needs_shop_unit_review
44,Cut by Wolfgang Puck,"2 Bayfront Avenue, Suite B1-71, Singapore 018972",018972,American|Steakhouse,1,4.6,NG AH SIO INVESTMENTS PTE. LTD.,CE10H74C011,2 BAYFRONT AVENUE #B2-49/53 THE SHOPPES AT MARINA BAY SANDS SINGAPORE 018972,A,na,na,na,postal_code,medium_needs_shop_unit_review
44,Cut by Wolfgang Puck,"2 Bayfront Avenue, Suite B1-71, Singapore 018972",018972,American|Steakhouse,1,4.6,GUAN CHEE HONG KONG ROASTED DUCK PTE. LTD.,CE10H74C009,2 BAYFRONT AVENUE #B2-49/53 THE SHOPPES AT MARINA BAY SANDS SINGAPORE 018972,A,na,na,na,postal_code,medium_needs_shop_unit_review
44,Cut by Wolfgang Puck,"2 Bayfront Avenue, Suite B1-71, Singapore 018972",018972,American|Steakhouse,1,4.6,LAU DI FANG SCISSORS-CUT CURRY RICE PTE. LTD.,CE10H74C008,2 BAYFRONT AVENUE #B2-49/53 THE SHOPPES AT MARINA BAY SANDS SINGAPORE 018972,A,na,na,na,postal_code,medium_needs_shop_unit_review
44,Cut by Wolfgang Puck,"2 Bayfront Avenue, Suite B1-71, Singapore 018972",018972,American|Steakhouse,1,4.6,THYE HONG EATERIES PTE. LTD.,CE10H74C007,2 BAYFRONT AVENUE #B2-49/53 THE SHOPPES AT MARINA BAY SANDS SINGAPORE 018972,A,na,na,na,postal_code,medium_needs_shop_unit_review
44,Cut by Wolfgang Puck,"2 Bayfront Avenue, Suite B1-71, Singapore 018972",018972,American|Steakhouse,1,4.6,BACHMANN JAPANESE RESTAURANT PTE LTD,CE10H74C006,2 BAYFRONT AVENUE #B2-49/53 THE SHOPPES AT MARINA BAY SANDS SINGAPORE 018972,A,na,na,na,postal_code,medium_needs_shop_unit_review
44,Cut by Wolfgang Puck,"2 Bayfront Avenue, Suite B1-71, Singapore 018972",018972,American|Steakhouse,1,4.6,LAU DI FANG SCISSORS-CUT CURRY RICE PTE. LTD.,CE10H74C005,2 BAYFRONT AVENUE #B2-49/53 THE SHOPPES AT MARINA BAY SANDS SINGAPORE 018972,A,na,na,na,postal_code,medium_needs_shop_unit_review
44,Cut by Wolfgang Puck,"2 Bayfront Avenue, Suite B1-71, Singapore 018972",018972,American|Steakhouse,1,4.6,JIA XIANG KUCHING RESTAURANT PTE. LTD.,CE10H74C004,2 BAYFRONT AVENUE #B2-49/53 THE SHOPPES AT MARINA BAY SANDS SINGAPORE 018972,A,na,na,na,postal_code,medium_needs_shop_unit_review
44,Cut by Wolfgang Puck,"2 Bayfront Avenue, Suite B1-71, Singapore 018972",018972,American|Steakhouse,1,4.6,GOH JEE TEE,CE10H74C003,2 BAYFRONT AVENUE #B2-49/53 THE SHOPPES AT MARINA BAY SANDS SINGAPORE 018972,A,4,na,na,postal_code,medium_needs_shop_unit_review
44,Cut by Wolfgang Puck,"2 Bayfront Avenue, Suite B1-71, Singapore 018972",018972,American|Steakhouse,1,4.6,CHEN ZHIJIAN,CE10H74C002,2 BAYFRONT AVENUE #B2-49/53 THE SHOPPES AT MARINA BAY SANDS SINGAPORE 018972,A,na,na,na,postal_code,medium_needs_shop_unit_review
44,Cut by Wolfgang Puck,"2 Bayfront Avenue, Suite B1-71, Singapore 018972",018972,American|Steakhouse,1,4.6,CHANG CHENG FOOD & BEVERAGE PTE. LTD.,CE10H74C001,2 BAYFRONT AVENUE #B2-49/53 THE SHOPPES AT MARINA BAY SANDS SINGAPORE 018972,A,na,na,na,postal_code,medium_needs_shop_unit_review
140,Akira Back,"30 Beach Road, Level B1M, JW Marriott Hotel Singapore South Beach, Singapore 189763",189763,Asian|Fusion|Japanese|Korean,0,4.3,SOUTH BEACH CONSORTIUM PTE. LTD.,CE15C82P000,30 BEACH ROAD #B1M-01 SOUTH BEACH SINGAPORE 189763,A,na,na,na,postal_code,medium_needs_shop_unit_review
140,Akira Back,"30 Beach Road, Level B1M, JW Marriott Hotel Singapore South Beach, Singapore 189763",189763,Asian|Fusion|Japanese|Korean,0,4.3,QUAICH PTE. LTD.,CE16905J000,30 BEACH ROAD #01-16 THE SOUTH BEACH SINGAPORE 189763,na,na,na,na,postal_code,medium_needs_shop_unit_review
140,Akira Back,"30 Beach Road, Level B1M, JW Marriott Hotel Singapore South Beach, Singapore 189763",189763,Asian|Fusion|Japanese|Korean,0,4.3,SOUTH BEACH CONSORTIUM PTE. LTD.,CE15I37L000,30 BEACH ROAD #01-C14 SOUTH BEACH SINGAPORE 189763,na,na,na,na,postal_code,medium_needs_shop_unit_review
140,Akira Back,"30 Beach Road, Level B1M, JW Marriott Hotel Singapore South Beach, Singapore 189763",189763,Asian|Fusion|Japanese|Korean,0,4.3,SOUTH BEACH CONSORTIUM PTE. LTD.,CE15G08L000,30 BEACH ROAD #18-00 SOUTH BEACH SINGAPORE 189763,A,na,na,na,postal_code,medium_needs_shop_unit_review
140,Akira Back,"30 Beach Road, Level B1M, JW Marriott Hotel Singapore South Beach, Singapore 189763",189763,Asian|Fusion|Japanese|Korean,0,4.3,SOUTH BEACH CONSORTIUM PTE. LTD.,CE15D65L000,30 BEACH ROAD #B1-00 SOUTH BEACH SINGAPORE 189763,A,na,na,na,postal_code,medium_needs_shop_unit_review
140,Akira Back,"30 Beach Road, Level B1M, JW Marriott Hotel Singapore South Beach, Singapore 189763",189763,Asian|Fusion|Japanese|Korean,0,4.3,SOUTH BEACH CONSORTIUM PTE. LTD.,CE15D42C000,30 BEACH ROAD #01-00 SOUTH BEACH SINGAPORE 189763,na,na,na,na,postal_code,medium_needs_shop_unit_review
140,Akira Back,"30 Beach Road, Level B1M, JW Marriott Hotel Singapore South Beach, Singapore 189763",189763,Asian|Fusion|Japanese|Korean,0,4.3,SOUTH BEACH CONSORTIUM PTE. LTD.,CE15B49B000,30 BEACH ROAD #01-00 SOUTH BEACH SINGAPORE 189763,A,na,na,na,postal_code,medium_needs_shop_unit_review
21,Summer Pavilion,"The Ritz-Carlton, Millenia Singapore, 7 Raffles Avenue, Singapore, 039799 Singapore",039799,Asian|Cantonese|Chinese,1,4.6,RCMS PROPERTIES PTE LTD,W95169X000,7 RAFFLES AVENUE (BANQUET FINISHING KITCHEN) RITZ CARLTON MILLENIA SINGAPORE (2ND FLR) SINGAPORE 039799,A,na,na,na,postal_code,medium_needs_shop_unit_review
21,Summer Pavilion,"The Ritz-Carlton, Millenia Singapore, 7 Raffles Avenue, Singapore, 039799 Singapore",039799,Asian|Cantonese|Chinese,1,4.6,RCMS PROPERTIES PTE LTD,W95163J000,7 RAFFLES AVENUE (PRODUCTION KITCHEN) RITZ CARLTON MILLENIA SINGAPORE (1ST LEVEL) SINGAPORE 039799,A,na,na,na,postal_code,medium_needs_shop_unit_review
21,Summer Pavilion,"The Ritz-Carlton, Millenia Singapore, 7 Raffles Avenue, Singapore, 039799 Singapore",039799,Asian|Cantonese|Chinese,1,4.6,SHIRAISHI FOOD ENTERPRISES PTE LTD,W96220P000,7 RAFFLES AVENUE #03-01/03 THE RITZ CARLTON SINGAPORE 039799,A,na,na,na,postal_code,medium_needs_shop_unit_review
21,Summer Pavilion,"The Ritz-Carlton, Millenia Singapore, 7 Raffles Avenue, Singapore, 039799 Singapore",039799,Asian|Cantonese|Chinese,1,4.6,RCMS PROPERTIES PTE LTD,W95174B000,7 RAFFLES AVENUE (STAFF CAFETERIA) RITZ CARLTON MILLENIA SINGAPORE (2ND FLR) SINGAPORE 039799,A,na,na,na,postal_code,medium_needs_shop_unit_review
21,Summer Pavilion,"The Ritz-Carlton, Millenia Singapore, 7 Raffles Avenue, Singapore, 039799 Singapore",039799,Asian|Cantonese|Chinese,1,4.6,RCMS PROPERTIES PTE LTD,W95167A000,7 RAFFLES AVENUE (PRE-FUNCTION BAR) RITZ CARLTON MILLENIA SINGAPORE (1ST FLR) SINGAPORE 039799,na,na,na,na,postal_code,medium_needs_shop_unit_review
21,Summer Pavilion,"The Ritz-Carlton, Millenia Singapore, 7 Raffles Avenue, Singapore, 039799 Singapore",039799,Asian|Cantonese|Chinese,1,4.6,RCMS PROPERTIES PTE LTD,W95165C000,7 RAFFLES AVENUE (SNAPPERS) RITZ CARLTON MILLENIA SINGAPORE (1ST LEVEL) SINGAPORE 039799,A,na,na,na,postal_code,medium_needs_shop_unit_review
21,Summer Pavilion,"The Ritz-Carlton, Millenia Singapore, 7 Raffles Avenue, Singapore, 039799 Singapore",039799,Asian|Cantonese|Chinese,1,4.6,RCMS PROPERTIES PTE LTD,W95164E000,7 RAFFLES AVENUE (POOL BAR) RITZ CARLTON MILLENIA SINGAPORE (1ST LEVEL) SINGAPORE 039799,A,na,na,na,postal_code,medium_needs_shop_unit_review
21,Summer Pavilion,"The Ritz-Carlton, Millenia Singapore, 7 Raffles Avenue, Singapore, 039799 Singapore",039799,Asian|Cantonese|Chinese,1,4.6,RCMS PROPERTIES PTE LTD,W95162K000,7 RAFFLES AVENUE RITZ CARLTON MILLENIA SINGAPORE (3RD FLR) SINGAPORE 039799,A,na,na,na,postal_code,medium_needs_shop_unit_review
21,Summer Pavilion,"The Ritz-Carlton, Millenia Singapore, 7 Raffles Avenue, Singapore, 039799 Singapore",039799,Asian|Cantonese|Chinese,1,4.6,RCMS PROPERTIES PTE LTD,W95161L000,7 RAFFLES AVENUE (SUMMER PAVILION) RITZ CARLTON MILLENIA SINGAPORE (3RD FLR) SINGAPORE 039799,A,na,na,na,postal_code,medium_needs_shop_unit_review
21,Summer Pavilion,"The Ritz-Carlton, Millenia Singapore, 7 Raffles Avenue, Singapore, 039799 Singapore",039799,Asian|Cantonese|Chinese,1,4.6,RCMS PROPERTIES PTE LTD,W95160N000,7 RAFFLES AVENUE RITZ CARLTON MILLENIA SINGAPORE (3RD FLR) SINGAPORE 039799,A,na,na,na,postal_code,medium_needs_shop_unit_review
53,Shinji by Kanesaka (St. Regis),"29 Tanglin Road, Lobby Floor, The St Regis, Singapore 247911",247911,Asian|Japanese|Omakase,0,4.6,TOMLINSON HOTEL PTE. LTD.,CE07D39K000,29 TANGLIN ROAD #B1 SAINT REGIS HOTEL SINGAPORE 247911,A,na,na,na,postal_code,medium_needs_shop_unit_review
53,Shinji by Kanesaka (St. Regis),"29 Tanglin Road, Lobby Floor, The St Regis, Singapore 247911",247911,Asian|Japanese|Omakase,0,4.6,TOMLINSON HOTEL PTE. LTD.,CE07A75V000,29 TANGLIN ROAD (BANQUET BALLROOM) ST REGIS HOTEL SINGAPORE 247911,A,na,na,na,postal_code,medium_needs_shop_unit_review
53,Shinji by Kanesaka (St. Regis),"29 Tanglin Road, Lobby Floor, The St Regis, Singapore 247911",247911,Asian|Japanese|Omakase,0,4.6,KANESAKA SUSHI PRIVATE LIMITED,CE14369E000,29 TANGLIN ROAD ST REGIS HOTEL (DECANTER/VINTAGE ROOM) SINGAPORE 247911,A,na,na,na,postal_code,medium_needs_shop_unit_review
53,Shinji by Kanesaka (St. Regis),"29 Tanglin Road, Lobby Floor, The St Regis, Singapore 247911",247911,Asian|Japanese|Omakase,0,4.6,TOMLINSON HOTEL PTE. LTD.,CE07D38L000,29 TANGLIN ROAD #B1 ST REGIS HOTEL SINGAPORE 247911,na,na,na,na,postal_code,medium_needs_shop_unit_review
53,Shinji by Kanesaka (St. Regis),"29 Tanglin Road, Lobby Floor, The St Regis, Singapore 247911",247911,Asian|Japanese|Omakase,0,4.6,TOMLINSON HOTEL PTE. LTD.,CE07A78N000,29 TANGLIN ROAD (DECANTER BAR/LOBBY BAR) ST REGIS HOTEL SINGAPORE 247911,na,na,na,na,postal_code,medium_needs_shop_unit_review
53,Shinji by Kanesaka (St. Regis),"29 Tanglin Road, Lobby Floor, The St Regis, Singapore 247911",247911,Asian|Japanese|Omakase,0,4.6,TOMLINSON HOTEL PTE. LTD.,CE07A76X000,29 TANGLIN ROAD #03 (POOL GARDEN) ST REGIS HOTEL SINGAPORE 247911,A,na,na,na,postal_code,medium_needs_shop_unit_review
53,Shinji by Kanesaka (St. Regis),"29 Tanglin Road, Lobby Floor, The St Regis, Singapore 247911",247911,Asian|Japanese|Omakase,0,4.6,TOMLINSON HOTEL PTE. LTD.,CE07A72C000,29 TANGLIN ROAD (COFFEE HOUSE) ST REGIS HOTEL SINGAPORE 247911,A,na,na,na,postal_code,medium_needs_shop_unit_review
53,Shinji by Kanesaka (St. Regis),"29 Tanglin Road, Lobby Floor, The St Regis, Singapore 247911",247911,Asian|Japanese|Omakase,0,4.6,TOMLINSON HOTEL PTE. LTD.,CE07A71E000,29 TANGLIN ROAD #02 (CHINESE RESTAURANT) ST REGIS HOTEL SINGAPORE 247911,A,na,na,na,postal_code,medium_needs_shop_unit_review
53,Shinji by Kanesaka (St. Regis),"29 Tanglin Road, Lobby Floor, The St Regis, Singapore 247911",247911,Asian|Japanese|Omakase,0,4.6,TOMLINSON HOTEL PTE. LTD.,CE07A69P000,29 TANGLIN ROAD #B1 ST REGIS HOTEL (STAFF CANTEEN) SINGAPORE 247911,A,na,na,na,postal_code,medium_needs_shop_unit_review
51,Jag,"#02-02, 41 Robertson Quay, Singapore 238236",238236,European|French,1,4.8,LES BOUCHONS RIVE GAUCHE PTE. LTD.,W02279L000,41 ROBERTSON QUAY #01-01 SINGAPORE 238236,A,na,na,na,postal_code,medium_needs_shop_unit_review
51,Jag,"#02-02, 41 Robertson Quay, Singapore 238236",238236,European|French,1,4.8,LES BOUCHONS RIVE GAUCHE PTE. LTD.,CE07B28E000,41 ROBERTSON QUAY #02-01 SINGAPORE 238236,A,na,na,na,postal_code,medium_needs_shop_unit_review
91,Élan,"1 Scotts Rd, #01-13 Shaw Centre, Singapore 228208",228208,European|French,0,4.7,WA FU PTE LTD,W97162P000,1 SCOTTS ROAD #01-19 SHAW CENTRE SINGAPORE 228208,A,na,na,na,postal_code,medium_needs_shop_unit_review
91,Élan,"1 Scotts Rd, #01-13 Shaw Centre, Singapore 228208",228208,European|French,0,4.7,LES AMIS HOLDINGS PTE. LTD.?,W94340N000,1 SCOTTS ROAD #01-16/17/18 & #02-14/15/16 SHAW CENTRE SINGAPORE 228208,A,na,na,na,postal_code,medium_needs_shop_unit_review
91,Élan,"1 Scotts Rd, #01-13 Shaw Centre, Singapore 228208",228208,European|French,0,4.7,LES AMIS HOLDINGS PTE. LTD.?,W03283L000,1 SCOTTS ROAD #01-12/13 SHAW CENTRE SINGAPORE 228208,A,na,na,na,postal_code,medium_needs_shop_unit_review
91,Élan,"1 Scotts Rd, #01-13 Shaw Centre, Singapore 228208",228208,European|French,0,4.7,BANGKOK GEM PTE. LTD.,CE15I67A000,1 SCOTTS ROAD #B1-01 (MR#7) SHAW CENTRE SINGAPORE 228208,A,na,na,na,postal_code,medium_needs_shop_unit_review
91,Élan,"1 Scotts Rd, #01-13 Shaw Centre, Singapore 228208",228208,European|French,0,4.7,IPPUDO SINGAPORE PTE. LTD.,CE15099C000,1 SCOTTS ROAD #04-22/23 SHAW CENTRE SINGAPORE 228208,A,na,na,na,postal_code,medium_needs_shop_unit_review
91,Élan,"1 Scotts Rd, #01-13 Shaw Centre, Singapore 228208",228208,European|French,0,4.7,COCOA COLONY (S) PTE. LTD.,CE14N46K000,1 SCOTTS ROAD #01-06 SHAW CENTRE SINGAPORE 228208,A,na,na,na,postal_code,medium_needs_shop_unit_review
91,Élan,"1 Scotts Rd, #01-13 Shaw Centre, Singapore 228208",228208,European|French,0,4.7,I WANT MY NOODLE PTE. LTD.,CE14L10B000,1 SCOTTS ROAD #03-14/15 SHAW CENTRE SINGAPORE 228208,A,na,na,na,postal_code,medium_needs_shop_unit_review
91,Élan,"1 Scotts Rd, #01-13 Shaw Centre, Singapore 228208",228208,European|French,0,4.7,LES AMIS HOLDINGS PTE. LTD.?,CE14K40X000,1 SCOTTS ROAD #02-10/11 SHAW CENTRE SINGAPORE 228208,A,na,na,na,postal_code,medium_needs_shop_unit_review
91,Élan,"1 Scotts Rd, #01-13 Shaw Centre, Singapore 228208",228208,European|French,0,4.7,XI YAN SHAW PTE. LTD.,CE14J88N000,1 SCOTTS ROAD #03-12/13 SHAW CENTRE SINGAPORE 228208,A,na,na,na,postal_code,medium_needs_shop_unit_review
91,Élan,"1 Scotts Rd, #01-13 Shaw Centre, Singapore 228208",228208,European|French,0,4.7,THE SHIP RESTAURANT & BAR PTE. LTD.,CE14H04A000,1 SCOTTS ROAD #03-16/18 SHAW CENTRE SINGAPORE 228208,A,na,na,na,postal_code,medium_needs_shop_unit_review
91,Élan,"1 Scotts Rd, #01-13 Shaw Centre, Singapore 228208",228208,European|French,0,4.7,DAWOOD PRATA POINT PTE. LTD.,CE14830E000,1 SCOTTS ROAD #B1-01 SHAW CENTRE (MINI RESTAURANT 5) SINGAPORE 228208,na,na,na,na,postal_code,medium_needs_shop_unit_review
91,Élan,"1 Scotts Rd, #01-13 Shaw Centre, Singapore 228208",228208,European|French,0,4.7,JIL & YELLOWTAIL PTE. LTD.,CE14825A000,1 SCOTTS ROAD #B1-01 SHAW CENTRE (RESTAURANT 6) SINGAPORE 228208,A,na,na,na,postal_code,medium_needs_shop_unit_review
91,Élan,"1 Scotts Rd, #01-13 Shaw Centre, Singapore 228208",228208,European|French,0,4.7,FOOD REPUBLIC PTE. LTD.,CE14452X000,1 SCOTTS ROAD #B1-01 SHAW CENTRE (FOODCOURT) SINGAPORE 228208,na,na,na,na,postal_code,medium_needs_shop_unit_review
91,Élan,"1 Scotts Rd, #01-13 Shaw Centre, Singapore 228208",228208,European|French,0,4.7,L & A PTE. LTD.,CE09D43B000,1 SCOTTS ROAD #01-15 SHAW CENTRE SINGAPORE 228208,A,na,na,na,postal_code,medium_needs_shop_unit_review
91,Élan,"1 Scotts Rd, #01-13 Shaw Centre, Singapore 228208",228208,European|French,0,4.7,LES AMIS HOLDINGS PTE. LTD.?,CE09507N000,1 SCOTTS ROAD #01-14 SHAW CENTRE SINGAPORE 228208,A,na,na,na,postal_code,medium_needs_shop_unit_review
91,Élan,"1 Scotts Rd, #01-13 Shaw Centre, Singapore 228208",228208,European|French,0,4.7,FOOD REPUBLIC PTE. LTD.,CE14452X018,1 SCOTTS ROAD #B1-01 SHAW CENTRE (FOODCOURT) SINGAPORE 228208,A,na,na,na,postal_code,medium_needs_shop_unit_review
91,Élan,"1 Scotts Rd, #01-13 Shaw Centre, Singapore 228208",228208,European|French,0,4.7,LIDO FISH SOUP PTE. LTD.,CE14452X017,1 SCOTTS ROAD #B1-01 SHAW CENTRE (FOODCOURT) SINGAPORE 228208,A,na,na,na,postal_code,medium_needs_shop_unit_review
91,Élan,"1 Scotts Rd, #01-13 Shaw Centre, Singapore 228208",228208,European|French,0,4.7,WONG YOU MEN,CE14452X014,1 SCOTTS ROAD #B1-01 SHAW CENTRE (FOODCOURT) SINGAPORE 228208,A,na,na,na,postal_code,medium_needs_shop_unit_review
91,Élan,"1 Scotts Rd, #01-13 Shaw Centre, Singapore 228208",228208,European|French,0,4.7,QIU LIAN BAN MEE PTE LTD,CE14452X013,1 SCOTTS ROAD #B1-01 SHAW CENTRE (FOODCOURT) SINGAPORE 228208,A,na,na,na,postal_code,medium_needs_shop_unit_review
91,Élan,"1 Scotts Rd, #01-13 Shaw Centre, Singapore 228208",228208,European|French,0,4.7,SIM BOON SENG,CE14452X010,1 SCOTTS ROAD #B1-01 SHAW CENTRE (FOODCOURT) SINGAPORE 228208,A,na,na,na,postal_code,medium_needs_shop_unit_review
91,Élan,"1 Scotts Rd, #01-13 Shaw Centre, Singapore 228208",228208,European|French,0,4.7,XING WANG ZHAN PTE. LTD.,CE14452X009,1 SCOTTS ROAD #B1-01 SHAW CENTRE (FOODCOURT) SINGAPORE 228208,A,na,na,na,postal_code,medium_needs_shop_unit_review
91,Élan,"1 Scotts Rd, #01-13 Shaw Centre, Singapore 228208",228208,European|French,0,4.7,MANNA WOK PTE. LTD.,CE14452X008,1 SCOTTS ROAD #B1-01 SHAW CENTRE (FOODCOURT) SINGAPORE 228208,A,na,na,na,postal_code,medium_needs_shop_unit_review
91,Élan,"1 Scotts Rd, #01-13 Shaw Centre, Singapore 228208",228208,European|French,0,4.7,FOOD REPUBLIC PTE. LTD.,CE14452X007,1 SCOTTS ROAD #B1-01 SHAW CENTRE (FOODCOURT) SINGAPORE 228208,A,na,na,na,postal_code,medium_needs_shop_unit_review
91,Élan,"1 Scotts Rd, #01-13 Shaw Centre, Singapore 228208",228208,European|French,0,4.7,TAN KOK FUANG,CE14452X006,1 SCOTTS ROAD #B1-01 SHAW CENTRE (FOODCOURT) SINGAPORE 228208,A,na,na,na,postal_code,medium_needs_shop_unit_review
91,Élan,"1 Scotts Rd, #01-13 Shaw Centre, Singapore 228208",228208,European|French,0,4.7,LE SEN PTE. LTD.,CE14452X005,1 SCOTTS ROAD #B1-01 SHAW CENTRE (FOODCOURT) SINGAPORE 228208,A,na,na,na,postal_code,medium_needs_shop_unit_review
91,Élan,"1 Scotts Rd, #01-13 Shaw Centre, Singapore 228208",228208,European|French,0,4.7,DINING INNOVATION ASIA-PACIFIC PTE. LTD.,CE14452X004,1 SCOTTS ROAD #B1-01 SHAW CENTRE (FOODCOURT) SINGAPORE 228208,A,na,na,na,postal_code,medium_needs_shop_unit_review
91,Élan,"1 Scotts Rd, #01-13 Shaw Centre, Singapore 228208",228208,European|French,0,4.7,KOH CHIN SOON,CE14452X003,1 SCOTTS ROAD #B1-01 SHAW CENTRE (FOODCOURT) SINGAPORE 228208,A,na,na,na,postal_code,medium_needs_shop_unit_review
91,Élan,"1 Scotts Rd, #01-13 Shaw Centre, Singapore 228208",228208,European|French,0,4.7,MARUSAN LPC SINGAPORE PTE. LTD.,CE14452X002,1 SCOTTS ROAD #B1-01 SHAW CENTRE (FOODCOURT) SINGAPORE 228208,A,na,na,na,postal_code,medium_needs_shop_unit_review
91,Élan,"1 Scotts Rd, #01-13 Shaw Centre, Singapore 228208",228208,European|French,0,4.7,FOOD REPUBLIC PTE. LTD.,CE14452X001,1 SCOTTS ROAD #B1-01 SHAW CENTRE (FOODCOURT) SINGAPORE 228208,A,na,na,na,postal_code,medium_needs_shop_unit_review
67,Fleur de Sel,"64 Tras Street #01-01, Singapore 079003",079003,European|French,0,4.5,FLEUR DE SEL LE RESTAURANT PTE. LTD.,CE13032N000,64 TRAS STREET #01-01 SINGAPORE 079003,A,na,na,na,postal_code,medium_needs_shop_unit_review
101,Flutes,"93 Stamford Rd, #01-02 National Museum of Singapore, Singapore 178897",178897,Contemporary|European,0,4.6,FFT NMS PTE. LTD.,CE06K23N000,93 STAMFORD ROAD #01-04/05 NATIONAL MUSEUM SINGAPORE 178897,A,na,na,na,postal_code,medium_needs_shop_unit_review
101,Flutes,"93 Stamford Rd, #01-02 National Museum of Singapore, Singapore 178897",178897,Contemporary|European,0,4.6,SECOND CHAPTER PTE LTD,CE06J96J000,93 STAMFORD ROAD #01-02 THE NATIONAL MUSEUM SINGAPORE 178897,A,na,na,na,postal_code,medium_needs_shop_unit_review
22,Ginza Sushi Ichi,"Singapore Marriott Tang Plaza Hotel, 320 Orchard Road, Singapore 238865",238865,Asian|Japanese|Omakase,1,4.5,LEGACY HOTEL PTE LTD,W95334J000,320 ORCHARD ROAD (FUNCTION ROOM) SINGAPORE MARRIOTT HOTEL (LEVEL 2) SINGAPORE 238865,A,na,na,na,postal_code,medium_needs_shop_unit_review
22,Ginza Sushi Ichi,"Singapore Marriott Tang Plaza Hotel, 320 Orchard Road, Singapore 238865",238865,Asian|Japanese|Omakase,1,4.5,LEGACY HOTEL PTE LTD,W95336P000,320 ORCHARD ROAD (POOL GRILL) SINGAPORE MARRIOTT HOTEL (LEVEL 5) SINGAPORE 238865,A,na,na,na,postal_code,medium_needs_shop_unit_review
22,Ginza Sushi Ichi,"Singapore Marriott Tang Plaza Hotel, 320 Orchard Road, Singapore 238865",238865,Asian|Japanese|Omakase,1,4.5,LEGACY HOTEL PTE LTD,W95335N000,320 ORCHARD ROAD (BALLROOM) SINGAPORE MARRIOTT HOTEL (LEVEL 3) SINGAPORE 238865,A,na,na,na,postal_code,medium_needs_shop_unit_review
22,Ginza Sushi Ichi,"Singapore Marriott Tang Plaza Hotel, 320 Orchard Road, Singapore 238865",238865,Asian|Japanese|Omakase,1,4.5,LEGACY HOTEL PTE LTD,W95333E000,320 ORCHARD ROAD (CROSS ROADS CAFE) SINGAPORE MARRIOTT HOTEL (LEVEL 1) SINGAPORE 238865,A,na,na,na,postal_code,medium_needs_shop_unit_review
22,Ginza Sushi Ichi,"Singapore Marriott Tang Plaza Hotel, 320 Orchard Road, Singapore 238865",238865,Asian|Japanese|Omakase,1,4.5,LEGACY HOTEL PTE LTD,W95332C000,320 ORCHARD ROAD (LOBBY BAR) SINAPORE MARRIOTT HOTEL (LEVEL 1) SINGAPORE 238865,A,na,na,na,postal_code,medium_needs_shop_unit_review
22,Ginza Sushi Ichi,"Singapore Marriott Tang Plaza Hotel, 320 Orchard Road, Singapore 238865",238865,Asian|Japanese|Omakase,1,4.5,LEGACY HOTEL PTE LTD,W95247K000,320 ORCHARD ROAD (LEVEL 3) SINGAPORE MARRIOTT HOTEL (WANHAO) SINGAPORE 238865,A,na,na,na,postal_code,medium_needs_shop_unit_review
22,Ginza Sushi Ichi,"Singapore Marriott Tang Plaza Hotel, 320 Orchard Road, Singapore 238865",238865,Asian|Japanese|Omakase,1,4.5,LEGACY HOTEL PTE LTD,W03101K000,320 ORCHARD ROAD #01 SINGAPORE MARRIOTT HOTEL SINGAPORE 238865,A,na,na,na,postal_code,medium_needs_shop_unit_review
22,Ginza Sushi Ichi,"Singapore Marriott Tang Plaza Hotel, 320 Orchard Road, Singapore 238865",238865,Asian|Japanese|Omakase,1,4.5,THE OTHER ROOM PTE. LTD.,CE16695L000,320 ORCHARD ROAD #01-05 SINGAPORE MARRIOTT TANG PLAZA HOTEL SINGAPORE 238865,na,na,na,na,postal_code,medium_needs_shop_unit_review
22,Ginza Sushi Ichi,"Singapore Marriott Tang Plaza Hotel, 320 Orchard Road, Singapore 238865",238865,Asian|Japanese|Omakase,1,4.5,Z YOGURT THREE PTE. LTD.,CE16654J000,320 ORCHARD ROAD #01 SINGAPORE MARRIOTT TANG PLAZA HOTEL (KIOSK 1) SINGAPORE 238865,A,na,na,na,postal_code,medium_needs_shop_unit_review
22,Ginza Sushi Ichi,"Singapore Marriott Tang Plaza Hotel, 320 Orchard Road, Singapore 238865",238865,Asian|Japanese|Omakase,1,4.5,GINZA SUSHI ICHI PTE. LTD.,CE15849V000,320 ORCHARD ROAD #01-04 MARRIOTT HOTEL SINGAPORE SINGAPORE 238865,A,na,na,na,postal_code,medium_needs_shop_unit_review
22,Ginza Sushi Ichi,"Singapore Marriott Tang Plaza Hotel, 320 Orchard Road, Singapore 238865",238865,Asian|Japanese|Omakase,1,4.5,LEGACY HOTEL PTE LTD,CE11R41V000,320 ORCHARD ROAD LEVEL 1 SINGAPORE MARRIOTT HOTEL SINGAPORE 238865,A,na,na,na,postal_code,medium_needs_shop_unit_review
110,Sushi Sei 鮓煋 ,"11 Cavenagh Road #01-13/14 Holiday Inn Singapore, City Centre, 229616",229616,Asian|Japanese|Omakase,0,5.0,HARILELA HOTELS (SINGAPORE) PTE LTD?,W85209A000,11 CAVENAGH ROAD (2ND FLOOR) HOLIDAY INN SINGAPORE ORCHARD CITY CENTRE SINGAPORE 229616,A,na,na,na,postal_code,medium_needs_shop_unit_review
110,Sushi Sei 鮓煋 ,"11 Cavenagh Road #01-13/14 Holiday Inn Singapore, City Centre, 229616",229616,Asian|Japanese|Omakase,0,5.0,HARILELA HOTELS (SINGAPORE) PTE LTD?,W85220L000,11 CAVENAGH ROAD HOLIDAY INN SINGAPORE ORCHARD CITY CENTRE SINGAPORE 229616,A,na,na,na,postal_code,medium_needs_shop_unit_review
110,Sushi Sei 鮓煋 ,"11 Cavenagh Road #01-13/14 Holiday Inn Singapore, City Centre, 229616",229616,Asian|Japanese|Omakase,0,5.0,THE WOK PEOPLE PTE. LTD.,W85218P000,11 CAVENAGH ROAD HOLIDAY INN PARKVIEW SINGAPORE 229616,A,na,na,na,postal_code,medium_needs_shop_unit_review
110,Sushi Sei 鮓煋 ,"11 Cavenagh Road #01-13/14 Holiday Inn Singapore, City Centre, 229616",229616,Asian|Japanese|Omakase,0,5.0,HARILELA HOTELS (SINGAPORE) PTE LTD?,W85199J000,11 CAVENAGH ROAD (1ST STOREY) HOLIDAY INN SINGAPORE ORCHARD CITY CENTRE SINGAPORE 229616,na,na,na,na,postal_code,medium_needs_shop_unit_review
110,Sushi Sei 鮓煋 ,"11 Cavenagh Road #01-13/14 Holiday Inn Singapore, City Centre, 229616",229616,Asian|Japanese|Omakase,0,5.0,SHINSHI PTE. LTD.,W01095K000,11 CAVENAGH ROAD #01-13/14 HOLIDAY INN PARK VIEW SINGAPORE 229616,B,na,na,na,postal_code,medium_needs_shop_unit_review
127,Tóng Lè Private Dining,"60 Collyer Quay, Level 10 OUE Tower, Singapore 049322",049322,Asian|Chinese,0,4.4,TONG LE PRIVATE DINING PTE. LTD.,CE11S97C000,60 COLLYER QUAY #04-01/#05-01 SINGAPORE 049322,A,na,na,na,postal_code,medium_needs_shop_unit_review
104,Guccio Ristorante,"20 Gemmill Ln, Singapore 069256",069256,European|Italian,0,4.5,TMRG PTE. LTD.,W99121X000,20 GEMMILL LANE SINGAPORE 069256,A,na,na,na,postal_code,medium_needs_shop_unit_review
37,Art di Daniele Sperindio,"1 St Andrews Road, 06-02 National Gallery, Singapore 178957",178957,European|Italian,1,4.5,BY ANDCO PTE. LTD.,CE16244N000,1 ST. ANDREW''S ROAD #01-09 NATIONAL GALLERY SINGAPORE SINGAPORE 178957,A,na,na,na,postal_code,medium_needs_shop_unit_review
37,Art di Daniele Sperindio,"1 St Andrews Road, 06-02 National Gallery, Singapore 178957",178957,European|Italian,1,4.5,BY ANDCO PTE. LTD.,CE15N42K000,1 ST. ANDREW'S ROAD #01-11 NATIONAL GALLERY SINGAPORE SINGAPORE 178957,A,na,na,na,postal_code,medium_needs_shop_unit_review
37,Art di Daniele Sperindio,"1 St Andrews Road, 06-02 National Gallery, Singapore 178957",178957,European|Italian,1,4.5,THE PADANG FNB PTE. LTD.,CE15L96P000,1 ST. ANDREW'S ROAD #01-02 NATIONAL GALLERY SINGAPORE SINGAPORE 178957,A,na,na,na,postal_code,medium_needs_shop_unit_review
37,Art di Daniele Sperindio,"1 St Andrews Road, 06-02 National Gallery, Singapore 178957",178957,European|Italian,1,4.5,VIOLET OON INC. PTE. LTD.,CE15J69L000,1 ST. ANDREW'S ROAD #02-01 SUPREME COURT SINGAPORE 178957,A,na,na,na,postal_code,medium_needs_shop_unit_review
37,Art di Daniele Sperindio,"1 St Andrews Road, 06-02 National Gallery, Singapore 178957",178957,European|Italian,1,4.5,YAN PTE. LTD.,CE15I85X000,1 ST. ANDREW'S ROAD #05-02 NATIONAL GALLERY SINGAPORE SINGAPORE 178957,B,na,na,na,postal_code,medium_needs_shop_unit_review
37,Art di Daniele Sperindio,"1 St Andrews Road, 06-02 National Gallery, Singapore 178957",178957,European|Italian,1,4.5,ODETTE RESTAURANT PTE. LTD.,CE15G87C000,1 ST. ANDREW''S ROAD #01-04 SUPREME COURT SINGAPORE 178957,A,na,na,na,postal_code,medium_needs_shop_unit_review
37,Art di Daniele Sperindio,"1 St Andrews Road, 06-02 National Gallery, Singapore 178957",178957,European|Italian,1,4.5,IL LIDO PTE. LTD.,CE15E20K000,1 SAINT ANDREW'S ROAD #05-03 SUPREME COURT SINGAPORE 178957,A,na,na,na,postal_code,medium_needs_shop_unit_review
138,Jiang-Nan Chun,"190 Orchard Blvd, Level 3, Four Seasons Hotel, Singapore 248646",248646,Asian|Cantonese|Chinese,0,4.4,HPL PROPERTIES PTE LTD?,W94245L000,190 ORCHARD BOULEVARD FOUR SEASONS HOTEL SINGAPORE SINGAPORE 248646,A,na,na,na,postal_code,medium_needs_shop_unit_review
138,Jiang-Nan Chun,"190 Orchard Blvd, Level 3, Four Seasons Hotel, Singapore 248646",248646,Asian|Cantonese|Chinese,0,4.4,HPL PROPERTIES PTE LTD?,W94248E000,190 ORCHARD BOULEVARD #B1 FOUR SEASONS HOTEL SINGAPORE SINGAPORE 248646,A,na,na,na,postal_code,medium_needs_shop_unit_review
138,Jiang-Nan Chun,"190 Orchard Blvd, Level 3, Four Seasons Hotel, Singapore 248646",248646,Asian|Cantonese|Chinese,0,4.4,HPL PROPERTIES PTE LTD?,W94247K000,190 ORCHARD BOULEVARD LEVEL 3 FOUR SEASONS HOTEL SINGAPORE SINGAPORE 248646,A,na,na,na,postal_code,medium_needs_shop_unit_review
138,Jiang-Nan Chun,"190 Orchard Blvd, Level 3, Four Seasons Hotel, Singapore 248646",248646,Asian|Cantonese|Chinese,0,4.4,HPL PROPERTIES PTE LTD?,W94246V000,190 ORCHARD BOULEVARD FOUR SEASONS HOTEL SINGAPORE SINGAPORE 248646,A,na,na,na,postal_code,medium_needs_shop_unit_review
138,Jiang-Nan Chun,"190 Orchard Blvd, Level 3, Four Seasons Hotel, Singapore 248646",248646,Asian|Cantonese|Chinese,0,4.4,HPL PROPERTIES PTE LTD?,W94244A000,190 ORCHARD BOULEVARD FOUR SEASONS HOTEL SINGAPORE SINGAPORE 248646,na,na,na,na,postal_code,medium_needs_shop_unit_review
138,Jiang-Nan Chun,"190 Orchard Blvd, Level 3, Four Seasons Hotel, Singapore 248646",248646,Asian|Cantonese|Chinese,0,4.4,HPL PROPERTIES PTE LTD?,W94243B000,190 ORCHARD BOULEVARD LEVEL 1 FOUR SEASONS HOTEL SINGAPORE SINGAPORE 248646,A,na,na,na,postal_code,medium_needs_shop_unit_review
138,Jiang-Nan Chun,"190 Orchard Blvd, Level 3, Four Seasons Hotel, Singapore 248646",248646,Asian|Cantonese|Chinese,0,4.4,HPL PROPERTIES PTE LTD?,W94242C000,190 ORCHARD BOULEVARD LEVEL 1 FOUR SEASONS HOTEL SINGAPORE SINGAPORE 248646,na,na,na,na,postal_code,medium_needs_shop_unit_review
138,Jiang-Nan Chun,"190 Orchard Blvd, Level 3, Four Seasons Hotel, Singapore 248646",248646,Asian|Cantonese|Chinese,0,4.4,HPL PROPERTIES PTE LTD?,CE14P62V000,190 ORCHARD BOULEVARD #20-00 FOUR SEASONS HOTEL SINGAPORE 248646,A,na,na,na,postal_code,medium_needs_shop_unit_review
68,Artemis Grill & Sky Bar,"138 Market Street, CapitaGreen Rooftop (Level 40), Singapore 048946",048946,Mediterranean,0,4.5,LLOYD'S OF LONDON (ASIA) PTE LTD,CE15O09E000,138 MARKET STREET #05-01 SINGAPORE 048946,A,na,na,na,postal_code,medium_needs_shop_unit_review
68,Artemis Grill & Sky Bar,"138 Market Street, CapitaGreen Rooftop (Level 40), Singapore 048946",048946,Mediterranean,0,4.5,ARTEMIS GRILL PTE. LTD.,CE15D15K000,138 MARKET STREET #40-01 CAPITAGREEN SINGAPORE 048946,A,na,na,na,postal_code,medium_needs_shop_unit_review
68,Artemis Grill & Sky Bar,"138 Market Street, CapitaGreen Rooftop (Level 40), Singapore 048946",048946,Mediterranean,0,4.5,FITNESS FIRST SINGAPORE PTE. LTD.,CE15B51N000,138 MARKET STREET #38-01 CAPITAGREEN SINGAPORE 048946,A,na,na,na,postal_code,medium_needs_shop_unit_review
68,Artemis Grill & Sky Bar,"138 Market Street, CapitaGreen Rooftop (Level 40), Singapore 048946",048946,Mediterranean,0,4.5,GRAIN TRADERS PTE. LTD.,CE15663N000,138 MARKET STREET #01-1 & 2 CAPITAGREEN SINGAPORE 048946,A,na,na,na,postal_code,medium_needs_shop_unit_review
68,Artemis Grill & Sky Bar,"138 Market Street, CapitaGreen Rooftop (Level 40), Singapore 048946",048946,Mediterranean,0,4.5,THE NEST COLLECTION PTE. LTD.,CE15189B000,138 MARKET STREET #01-04 MARKET STREET CARPARK SINGAPORE 048946,A,na,na,na,postal_code,medium_needs_shop_unit_review
130,Lolla,"22 Ann Siang Rd, Singapore 069702",069702,Mediterranean,0,4.4,LOLLA PTE. LTD.,CE12898C000,22 ANN SIANG ROAD SINGAPORE 069702,A,na,na,na,postal_code,medium_needs_shop_unit_review
100,Hashida Singapore,"77 Amoy St, Singapore 069896",069896,Asian|Japanese|Omakase,0,4.8,BURLAMACCO (PTE.) LTD.,CE12E03N000,77 AMOY STREET SINGAPORE 069896,A,na,na,na,postal_code,medium_needs_shop_unit_review
136,Hanazen,"30 Victoria St, #01-21/22 CHIJMES, Singapore 187996",187996,Asian|Japanese,0,4.5,CALDWELL DINING PTE. LTD.,W97450E000,30 VICTORIA STREET #01-26/27 CHIJMES SINGAPORE 187996,A,na,na,na,postal_code,medium_needs_shop_unit_review
136,Hanazen,"30 Victoria St, #01-21/22 CHIJMES, Singapore 187996",187996,Asian|Japanese,0,4.5,BERLIN GROUP PTE. LTD.,W96337N000,30 VICTORIA STREET #B1-06 THE CHIJMES SINGAPORE 187996,A,na,na,na,postal_code,medium_needs_shop_unit_review
136,Hanazen,"30 Victoria St, #01-21/22 CHIJMES, Singapore 187996",187996,Asian|Japanese,0,4.5,CARNIVORE BRAZILIAN CHURRASCARIA PTE. LTD.,W96301P000,30 VICTORIA STREET #01-30 CHIJMES SINGAPORE 187996,A,na,na,na,postal_code,medium_needs_shop_unit_review
136,Hanazen,"30 Victoria St, #01-21/22 CHIJMES, Singapore 187996",187996,Asian|Japanese,0,4.5,DIMBULAH COFFEE (S) PTE LTD,W96300X000,30 VICTORIA STREET #01-17 CHIJMES SINGAPORE 187996,A,na,na,na,postal_code,medium_needs_shop_unit_review
136,Hanazen,"30 Victoria St, #01-21/22 CHIJMES, Singapore 187996",187996,Asian|Japanese,0,4.5,MADAM BUTTERFLY BAR & RESTAURANT PTE. LTD.,W96297X000,30 VICTORIA STREET #01-21/22 CHIJMES SINGAPORE 187996,B,na,na,na,postal_code,medium_needs_shop_unit_review
136,Hanazen,"30 Victoria St, #01-21/22 CHIJMES, Singapore 187996",187996,Asian|Japanese,0,4.5,DINELIKE PTE. LTD.,W96177K000,30 VICTORIA STREET #01-19 CHIJMES SINGAPORE 187996,A,na,na,na,postal_code,medium_needs_shop_unit_review
136,Hanazen,"30 Victoria St, #01-21/22 CHIJMES, Singapore 187996",187996,Asian|Japanese,0,4.5,LEI GARDEN RESTAURANT PTE LTD,W96120A000,30 VICTORIA STREET #01-24 CHIJMES SINGAPORE 187996,B,na,na,na,postal_code,medium_needs_shop_unit_review
136,Hanazen,"30 Victoria St, #01-21/22 CHIJMES, Singapore 187996",187996,Asian|Japanese,0,4.5,REINS INTERNATIONAL (SINGAPORE) PTE. LTD.,W02235N000,30 VICTORIA STREET #01-01/02 CHIJMES SINGAPORE 187996,A,na,na,na,postal_code,medium_needs_shop_unit_review
136,Hanazen,"30 Victoria St, #01-21/22 CHIJMES, Singapore 187996",187996,Asian|Japanese,0,4.5,KAAMA PTE. LTD.,W00054N000,30 VICTORIA STREET #B1-03/04 CHIJMES SINGAPORE 187996,na,na,na,na,postal_code,medium_needs_shop_unit_review
136,Hanazen,"30 Victoria St, #01-21/22 CHIJMES, Singapore 187996",187996,Asian|Japanese,0,4.5,ADILICIOUS PRIVATE LIMITED,CE15G47V000,30 VICTORIA STREET #02-01B/C SINGAPORE 187996,A,na,na,na,postal_code,medium_needs_shop_unit_review
136,Hanazen,"30 Victoria St, #01-21/22 CHIJMES, Singapore 187996",187996,Asian|Japanese,0,4.5,KAAMA PTE. LTD.,CE15904X000,30 VICTORIA STREET #B1-01 SINGAPORE 187996,A,na,na,na,postal_code,medium_needs_shop_unit_review
136,Hanazen,"30 Victoria St, #01-21/22 CHIJMES, Singapore 187996",187996,Asian|Japanese,0,4.5,REKOOK SINGAPORE PTE. LTD.,CE15684C000,30 VICTORIA STREET #01-23 SINGAPORE 187996,A,na,na,na,postal_code,medium_needs_shop_unit_review
136,Hanazen,"30 Victoria St, #01-21/22 CHIJMES, Singapore 187996",187996,Asian|Japanese,0,4.5,PRIME CUISINE PTE. LTD.,CE14Q45P000,30 VICTORIA STREET #B1-07 CHIJMES SINGAPORE 187996,A,na,na,na,postal_code,medium_needs_shop_unit_review
136,Hanazen,"30 Victoria St, #01-21/22 CHIJMES, Singapore 187996",187996,Asian|Japanese,0,4.5,THE GAZEBO HOUSE PTE. LTD.,CE14O22V000,30 VICTORIA STREET #01-32 SINGAPORE 187996,A,na,na,na,postal_code,medium_needs_shop_unit_review
136,Hanazen,"30 Victoria St, #01-21/22 CHIJMES, Singapore 187996",187996,Asian|Japanese,0,4.5,HIGHLANDER @ CHIJMES PTE. LTD.,CE14N72E000,30 VICTORIA STREET #B1-05 SINGAPORE 187996,A,na,na,na,postal_code,medium_needs_shop_unit_review
136,Hanazen,"30 Victoria St, #01-21/22 CHIJMES, Singapore 187996",187996,Asian|Japanese,0,4.5,BULLETPROOF PTE. LTD.,CE14I84E000,30 VICTORIA STREET #01-33 SINGAPORE 187996,A,na,na,na,postal_code,medium_needs_shop_unit_review
136,Hanazen,"30 Victoria St, #01-21/22 CHIJMES, Singapore 187996",187996,Asian|Japanese,0,4.5,Harry's International Pte Ltd,CE14I16J000,30 VICTORIA STREET #01-14 SINGAPORE 187996,A,na,na,na,postal_code,medium_needs_shop_unit_review
136,Hanazen,"30 Victoria St, #01-21/22 CHIJMES, Singapore 187996",187996,Asian|Japanese,0,4.5,PLAN B VENTURES PTE. LTD.,CE14G04E000,30 VICTORIA STREET #01-20 CHIJMES SINGAPORE 187996,A,na,na,na,postal_code,medium_needs_shop_unit_review
136,Hanazen,"30 Victoria St, #01-21/22 CHIJMES, Singapore 187996",187996,Asian|Japanese,0,4.5,AKINORI SINGAPORE PTE LTD,CE14D31X000,30 VICTORIA STREET #01-09 SINGAPORE 187996,A,na,na,na,postal_code,medium_needs_shop_unit_review
136,Hanazen,"30 Victoria St, #01-21/22 CHIJMES, Singapore 187996",187996,Asian|Japanese,0,4.5,REINS INTERNATIONAL (SINGAPORE) PTE. LTD.,CE14C85X000,30 VICTORIA STREET #01-03/04 SINGAPORE 187996,A,na,na,na,postal_code,medium_needs_shop_unit_review
136,Hanazen,"30 Victoria St, #01-21/22 CHIJMES, Singapore 187996",187996,Asian|Japanese,0,4.5,HAKATA GENYO-SHA PTE. LTD.,CE14961J000,30 VICTORIA STREET #01-07 SINGAPORE 187996,A,na,na,na,postal_code,medium_needs_shop_unit_review
136,Hanazen,"30 Victoria St, #01-21/22 CHIJMES, Singapore 187996",187996,Asian|Japanese,0,4.5,TATSU TEPPANYAKI PTE. LTD.,CE14762X000,30 VICTORIA STREET #01-08 SINGAPORE 187996,A,na,na,na,postal_code,medium_needs_shop_unit_review
136,Hanazen,"30 Victoria St, #01-21/22 CHIJMES, Singapore 187996",187996,Asian|Japanese,0,4.5,BREADTALK PTE LTD,CE14521C000,30 VICTORIA STREET #01-10 SINGAPORE 187996,A,na,na,na,postal_code,medium_needs_shop_unit_review
136,Hanazen,"30 Victoria St, #01-21/22 CHIJMES, Singapore 187996",187996,Asian|Japanese,0,4.5,PAPRIKA & CUMIN PTE LTD,CE14190B000,30 VICTORIA STREET #01-15/16 SINGAPORE 187996,A,na,na,na,postal_code,medium_needs_shop_unit_review
136,Hanazen,"30 Victoria St, #01-21/22 CHIJMES, Singapore 187996",187996,Asian|Japanese,0,4.5,THE SINGLE CASK PTE. LTD.,CE10M97C000,30 VICTORIA STREET #01-25 SINGAPORE 187996,A,na,na,na,postal_code,medium_needs_shop_unit_review
136,Hanazen,"30 Victoria St, #01-21/22 CHIJMES, Singapore 187996",187996,Asian|Japanese,0,4.5,SHIROKIYA SINGAPORE PTE. LTD.,CE10L88L000,30 VICTORIA STREET #01-06 SINGAPORE 187996,A,na,na,na,postal_code,medium_needs_shop_unit_review
136,Hanazen,"30 Victoria St, #01-21/22 CHIJMES, Singapore 187996",187996,Asian|Japanese,0,4.5,CORIANDER LEAF PTE LTD,CE05130E000,30 VICTORIA STREET #02-01 CHIJMES SINGAPORE 187996,A,na,na,na,postal_code,medium_needs_shop_unit_review
11,Nouri,"72 Amoy Street, Singapore 069891",069891,Asian|European|Fusion,1,4.6,SUSHI MENTAI SINGAPORE PTE. LTD.,CE15C88C000,72 AMOY STREET #01 SINGAPORE 069891,A,na,na,na,postal_code,medium_needs_shop_unit_review
147,Sushi Sakuta,"15 Stamford Rd, #01-88 The Capitol Kempinski Hotel, Singapore 178906",178906,Asian|Japanese|Omakase,1,4.9,AKMA VENTURES PTE. LTD.,CE15857V000,15 STAMFORD ROAD #01-84 SINGAPORE 178906,B,na,na,na,postal_code,medium_needs_shop_unit_review
147,Sushi Sakuta,"15 Stamford Rd, #01-88 The Capitol Kempinski Hotel, Singapore 178906",178906,Asian|Japanese|Omakase,1,4.9,THE CRE8TIVE GROUP PTE. LTD.,CE15773C000,15 STAMFORD ROAD #01-86 SINGAPORE 178906,A,na,na,na,postal_code,medium_needs_shop_unit_review
147,Sushi Sakuta,"15 Stamford Rd, #01-88 The Capitol Kempinski Hotel, Singapore 178906",178906,Asian|Japanese|Omakase,1,4.9,NEF INTERNATIONAL PTE. LTD.,CE15750X000,15 STAMFORD ROAD #01-87 SINGAPORE 178906,A,na,na,na,postal_code,medium_needs_shop_unit_review
147,Sushi Sakuta,"15 Stamford Rd, #01-88 The Capitol Kempinski Hotel, Singapore 178906",178906,Asian|Japanese|Omakase,1,4.9,CRAFT DRINKS PTE. LTD.,CE15719P000,15 STAMFORD ROAD #01-88/90 SINGAPORE 178906,A,na,na,na,postal_code,medium_needs_shop_unit_review
147,Sushi Sakuta,"15 Stamford Rd, #01-88 The Capitol Kempinski Hotel, Singapore 178906",178906,Asian|Japanese|Omakase,1,4.9,BREADTALK PTE LTD,CE15384A000,15 STAMFORD ROAD #01-83 SINGAPORE 178906,A,na,na,na,postal_code,medium_needs_shop_unit_review
147,Sushi Sakuta,"15 Stamford Rd, #01-88 The Capitol Kempinski Hotel, Singapore 178906",178906,Asian|Japanese|Omakase,1,4.9,SAVOURY CREATIONS PTE. LTD.,CE14O06V000,15 STAMFORD ROAD #01-85 CAPITOL BUILDING SINGAPORE 178906,A,na,na,na,postal_code,medium_needs_shop_unit_review
29,Shisen Hanten by Chen Kentaro,"Level 35, 333 Orchard Road, Hilton Singapore Orchard, Singapore 238867",238867,Asian|Chinese|Sze Chuan,1,4.7,OVERSEAS UNION ENTERPRISE LTD,W80086E000,333 ORCHARD ROAD MANDARIN HOTEL (4TH STOREY) SINGAPORE 238867,A,na,na,na,postal_code,medium_needs_shop_unit_review
29,Shisen Hanten by Chen Kentaro,"Level 35, 333 Orchard Road, Hilton Singapore Orchard, Singapore 238867",238867,Asian|Chinese|Sze Chuan,1,4.7,OUE LIMITED,W79080A000,333 ORCHARD ROAD MANDARIN HOTEL SINGAPORE 238867,A,na,na,na,postal_code,medium_needs_shop_unit_review
29,Shisen Hanten by Chen Kentaro,"Level 35, 333 Orchard Road, Hilton Singapore Orchard, Singapore 238867",238867,Asian|Chinese|Sze Chuan,1,4.7,OUE LIMITED,W79079J000,333 ORCHARD ROAD MANDARIN HOTEL SINGAPORE 238867,na,na,na,na,postal_code,medium_needs_shop_unit_review
29,Shisen Hanten by Chen Kentaro,"Level 35, 333 Orchard Road, Hilton Singapore Orchard, Singapore 238867",238867,Asian|Chinese|Sze Chuan,1,4.7,OUE LIMITED,W74088B000,333 ORCHARD ROAD #05-01 (BAR ON 5) SINGAPORE 238867,na,na,na,na,postal_code,medium_needs_shop_unit_review
29,Shisen Hanten by Chen Kentaro,"Level 35, 333 Orchard Road, Hilton Singapore Orchard, Singapore 238867",238867,Asian|Chinese|Sze Chuan,1,4.7,OUE LIMITED,W73057B000,333 ORCHARD ROAD MANDARIN HOTEL SINGAPORE 238867,A,na,na,na,postal_code,medium_needs_shop_unit_review
29,Shisen Hanten by Chen Kentaro,"Level 35, 333 Orchard Road, Hilton Singapore Orchard, Singapore 238867",238867,Asian|Chinese|Sze Chuan,1,4.7,OUE LIMITED,W73056C000,333 ORCHARD ROAD MANDARIN HOTEL SINGAPORE 238867,A,na,na,na,postal_code,medium_needs_shop_unit_review
29,Shisen Hanten by Chen Kentaro,"Level 35, 333 Orchard Road, Hilton Singapore Orchard, Singapore 238867",238867,Asian|Chinese|Sze Chuan,1,4.7,OUE LIMITED,W71054B000,333 ORCHARD ROAD #05-00 MANDARIN HOTEL (CHATTERBOX) SINGAPORE 238867,A,na,na,na,postal_code,medium_needs_shop_unit_review
29,Shisen Hanten by Chen Kentaro,"Level 35, 333 Orchard Road, Hilton Singapore Orchard, Singapore 238867",238867,Asian|Chinese|Sze Chuan,1,4.7,PHILLIP WAIN INTERNATIONAL (SINGAPORE) PTE. LTD.,CE14I99N000,333 ORCHARD ROAD #07-00 MANDARIN ORCHARD SINGAPORE SINGAPORE 238867,A,na,na,na,postal_code,medium_needs_shop_unit_review
29,Shisen Hanten by Chen Kentaro,"Level 35, 333 Orchard Road, Hilton Singapore Orchard, Singapore 238867",238867,Asian|Chinese|Sze Chuan,1,4.7,AKINORI SINGAPORE PTE LTD,CE09L76B000,333 ORCHARD ROAD #02-35/36 SINGAPORE 238867,A,na,na,na,postal_code,medium_needs_shop_unit_review
29,Shisen Hanten by Chen Kentaro,"Level 35, 333 Orchard Road, Hilton Singapore Orchard, Singapore 238867",238867,Asian|Chinese|Sze Chuan,1,4.7,IPPUDO SINGAPORE PTE. LTD.,CE09K30N000,333 ORCHARD ROAD #04-02/03/04 MANDARIN HOTEL SINGAPORE 238867,A,na,na,na,postal_code,medium_needs_shop_unit_review
29,Shisen Hanten by Chen Kentaro,"Level 35, 333 Orchard Road, Hilton Singapore Orchard, Singapore 238867",238867,Asian|Chinese|Sze Chuan,1,4.7,WILD HONEY PTE. LIMITED,CE09C99V000,333A ORCHARD ROAD #03-02 SINGAPORE 238867,A,na,na,na,postal_code,medium_needs_shop_unit_review
29,Shisen Hanten by Chen Kentaro,"Level 35, 333 Orchard Road, Hilton Singapore Orchard, Singapore 238867",238867,Asian|Chinese|Sze Chuan,1,4.7,OUE LIMITED,CE09819K000,333 ORCHARD ROAD #05-00 MANDARIN HOTEL (TRIPLE 3) SINGAPORE 238867,A,na,na,na,postal_code,medium_needs_shop_unit_review
10,Marguerite,"18 Marina Gardens Dr, #01-09 Flower Dome, Singapore 018953",018953,Contemporary,1,4.5,PEACH GARDEN @GBB PTE. LTD.,CE12428L000,18 MARINA GARDENS DRIVE #01-06 GARDENS BY THE BAY SINGAPORE 018953,A,na,na,na,postal_code,medium_needs_shop_unit_review
10,Marguerite,"18 Marina Gardens Dr, #01-09 Flower Dome, Singapore 018953",018953,Contemporary,1,4.5,MAKAN BY THE BAY PTE LTD,CE16501X000,18 MARINA GARDENS DRIVE #01-19 GARDENS BY THE BAY SINGAPORE 018953,na,na,na,na,postal_code,medium_needs_shop_unit_review
10,Marguerite,"18 Marina Gardens Dr, #01-09 Flower Dome, Singapore 018953",018953,Contemporary,1,4.5,GABRIEL SANTHOSH CYRIL,CE15J90X000,18 MARINA GARDENS DRIVE #01-03 GARDENS BY THE BAY SINGAPORE 018953,B,na,na,na,postal_code,medium_needs_shop_unit_review
10,Marguerite,"18 Marina Gardens Dr, #01-09 Flower Dome, Singapore 018953",018953,Contemporary,1,4.5,HATS OFF PTE. LTD.,CE15I65C000,18 MARINA GARDENS DRIVE #01-04 GARDENS BY THE BAY SINGAPORE 018953,A,na,na,na,postal_code,medium_needs_shop_unit_review
10,Marguerite,"18 Marina Gardens Dr, #01-09 Flower Dome, Singapore 018953",018953,Contemporary,1,4.5,26@MARINA BAR & BISTRO PTE. LTD.,CE15E21J000,18 MARINA GARDENS DRIVE #01-19 GARDENS BY THE BAY (SHOP 3) SINGAPORE 018953,B,na,na,na,postal_code,medium_needs_shop_unit_review
10,Marguerite,"18 Marina Gardens Dr, #01-09 Flower Dome, Singapore 018953",018953,Contemporary,1,4.5,GARDENS BY THE BAY,CE13859K000,18 MARINA GARDENS DRIVE #01-18 GARDENS BY THE BAY SINGAPORE 018953,A,na,na,na,postal_code,medium_needs_shop_unit_review
10,Marguerite,"18 Marina Gardens Dr, #01-09 Flower Dome, Singapore 018953",018953,Contemporary,1,4.5,WATERHOLE HOLDINGS PTE. LTD.,CE13592C000,18 MARINA GARDENS DRIVE GARDENS BY THE BAY (SATAY BY THE BAY SHOP 2) SINGAPORE 018953,B,na,na,na,postal_code,medium_needs_shop_unit_review
10,Marguerite,"18 Marina Gardens Dr, #01-09 Flower Dome, Singapore 018953",018953,Contemporary,1,4.5,MARINA LIVE SEAFOOD & STEAMBOAT PTE LTD,CE12K69J000,18 MARINA GARDENS DRIVE #01-19 GARDENS BY THE BAY (Hawker Centr -part off) SINGAPORE 018953,B,na,na,na,postal_code,medium_needs_shop_unit_review
10,Marguerite,"18 Marina Gardens Dr, #01-09 Flower Dome, Singapore 018953",018953,Contemporary,1,4.5,SATAY BY THE BAY PTE. LTD.,CE12H48N000,18 MARINA GARDENS DRIVE #01-19 GARDENS BY THE BAY SINGAPORE 018953,na,na,na,na,postal_code,medium_needs_shop_unit_review
10,Marguerite,"18 Marina Gardens Dr, #01-09 Flower Dome, Singapore 018953",018953,Contemporary,1,4.5,INDOCHINE WATERFRONT PTE LTD,CE12931N000,18 MARINA GARDENS DRIVE #03-01 (SUPERTREE BAR 3 LEVELS) GARDENS BY THE BAY SINGAPORE 018953,A,na,na,na,postal_code,medium_needs_shop_unit_review
10,Marguerite,"18 Marina Gardens Dr, #01-09 Flower Dome, Singapore 018953",018953,Contemporary,1,4.5,MAJESTIC SEAFOOD PTE. LTD.,CE12832X000,18 MARINA GARDENS DRIVE #01-10 GARDENS BY THE BAY SINGAPORE 018953,A,na,na,na,postal_code,medium_needs_shop_unit_review
10,Marguerite,"18 Marina Gardens Dr, #01-09 Flower Dome, Singapore 018953",018953,Contemporary,1,4.5,BAKERZIN HOLDINGS PTE. LTD.,CE12733A000,18 MARINA GARDENS DRIVE #03-03 GARDENS BY THE BAY SINGAPORE 018953,A,na,na,na,postal_code,medium_needs_shop_unit_review
10,Marguerite,"18 Marina Gardens Dr, #01-09 Flower Dome, Singapore 018953",018953,Contemporary,1,4.5,GARDENS BY THE BAY,CE12583N000,18 MARINA GARDENS DRIVE #01-11 GARDENS BY THE BAY SINGAPORE 018953,A,na,na,na,postal_code,medium_needs_shop_unit_review
10,Marguerite,"18 Marina Gardens Dr, #01-09 Flower Dome, Singapore 018953",018953,Contemporary,1,4.5,HILL STREET COFFEE SHOP PTE. LTD.,CE12305K000,18 MARINA GARDENS DRIVE #01-05 GARDENS BY THE BAY SINGAPORE 018953,A,na,na,na,postal_code,medium_needs_shop_unit_review
10,Marguerite,"18 Marina Gardens Dr, #01-09 Flower Dome, Singapore 018953",018953,Contemporary,1,4.5,TEXAS CHICKEN RESTAURANT PTE. LTD.,CE12151K000,18 MARINA GARDENS DRIVE #01-02 GARDENS BY THE BAY SINGAPORE 018953,A,na,na,na,postal_code,medium_needs_shop_unit_review
10,Marguerite,"18 Marina Gardens Dr, #01-09 Flower Dome, Singapore 018953",018953,Contemporary,1,4.5,J C TAPAS BAR PTE. LTD.,CE12089K000,18 MARINA GARDENS DRIVE #01-09 GARDENS BY THE BAY SINGAPORE 018953,A,na,na,na,postal_code,medium_needs_shop_unit_review
10,Marguerite,"18 Marina Gardens Dr, #01-09 Flower Dome, Singapore 018953",018953,Contemporary,1,4.5,MCDONALD'S RESTAURANTS PTE. LTD.,CE12026X000,18 MARINA GARDENS DRIVE #02-04 GARDENS BY THE BAY (BAY SOUTH) SINGAPORE 018953,A,na,na,na,postal_code,medium_needs_shop_unit_review
10,Marguerite,"18 Marina Gardens Dr, #01-09 Flower Dome, Singapore 018953",018953,Contemporary,1,4.5,CAFE CONCEPTS WESTGATE PTE. LTD.,CE12025V000,18 MARINA GARDENS DRIVE #02-03 GARDENS BY THE BAY SINGAPORE 018953,A,na,na,na,postal_code,medium_needs_shop_unit_review
10,Marguerite,"18 Marina Gardens Dr, #01-09 Flower Dome, Singapore 018953",018953,Contemporary,1,4.5,SATAY BY THE BAY PTE. LTD.,CE12H48N025,18 MARINA GARDENS DRIVE #01-19 GARDENS BY THE BAY SINGAPORE 018953,B,na,na,na,postal_code,medium_needs_shop_unit_review
10,Marguerite,"18 Marina Gardens Dr, #01-09 Flower Dome, Singapore 018953",018953,Contemporary,1,4.5,MARINA LIVE SEAFOOD & STEAMBOAT PTE LTD,CE12H48N024,18 MARINA GARDENS DRIVE #01-19 GARDENS BY THE BAY SINGAPORE 018953,B,na,na,na,postal_code,medium_needs_shop_unit_review
10,Marguerite,"18 Marina Gardens Dr, #01-09 Flower Dome, Singapore 018953",018953,Contemporary,1,4.5,MARINA LIVE SEAFOOD & STEAMBOAT PTE LTD,CE12H48N023,18 MARINA GARDENS DRIVE #01-19 GARDENS BY THE BAY SINGAPORE 018953,B,na,na,na,postal_code,medium_needs_shop_unit_review
10,Marguerite,"18 Marina Gardens Dr, #01-09 Flower Dome, Singapore 018953",018953,Contemporary,1,4.5,LIM CHONG SENG,CE12H48N022,18 MARINA GARDENS DRIVE #01-19 GARDENS BY THE BAY SINGAPORE 018953,B,na,na,na,postal_code,medium_needs_shop_unit_review
10,Marguerite,"18 Marina Gardens Dr, #01-09 Flower Dome, Singapore 018953",018953,Contemporary,1,4.5,SATAY BY THE BAY PTE. LTD.,CE12H48N021,18 MARINA GARDENS DRIVE #01-19 GARDENS BY THE BAY SINGAPORE 018953,B,na,na,na,postal_code,medium_needs_shop_unit_review
10,Marguerite,"18 Marina Gardens Dr, #01-09 Flower Dome, Singapore 018953",018953,Contemporary,1,4.5,SATAY BY THE BAY PTE. LTD.,CE12H48N020,18 MARINA GARDENS DRIVE #01-19 GARDENS BY THE BAY SINGAPORE 018953,B,na,na,na,postal_code,medium_needs_shop_unit_review
10,Marguerite,"18 Marina Gardens Dr, #01-09 Flower Dome, Singapore 018953",018953,Contemporary,1,4.5,WANG YING,CE12H48N019,18 MARINA GARDENS DRIVE #01-19 GARDENS BY THE BAY SINGAPORE 018953,B,na,na,na,postal_code,medium_needs_shop_unit_review
10,Marguerite,"18 Marina Gardens Dr, #01-09 Flower Dome, Singapore 018953",018953,Contemporary,1,4.5,MADAM MINK PTE. LTD.,CE12H48N017,18 MARINA GARDENS DRIVE #01-19 GARDENS BY THE BAY SINGAPORE 018953,B,na,na,na,postal_code,medium_needs_shop_unit_review
10,Marguerite,"18 Marina Gardens Dr, #01-09 Flower Dome, Singapore 018953",018953,Contemporary,1,4.5,POWER SATAY PTE. LTD.,CE12H48N011,18 MARINA GARDENS DRIVE #01-19 GARDENS BY THE BAY SINGAPORE 018953,B,na,na,na,postal_code,medium_needs_shop_unit_review
10,Marguerite,"18 Marina Gardens Dr, #01-09 Flower Dome, Singapore 018953",018953,Contemporary,1,4.5,CHEAH SOO GEIK,CE12H48N009,18 MARINA GARDENS DRIVE #01-19 GARDENS BY THE BAY SINGAPORE 018953,B,na,na,na,postal_code,medium_needs_shop_unit_review
10,Marguerite,"18 Marina Gardens Dr, #01-09 Flower Dome, Singapore 018953",018953,Contemporary,1,4.5,Mohamed Thaha Bin Kamal Batcha,CE12H48N008,18 MARINA GARDENS DRIVE #01-19 GARDENS BY THE BAY SINGAPORE 018953,B,na,na,na,postal_code,medium_needs_shop_unit_review
10,Marguerite,"18 Marina Gardens Dr, #01-09 Flower Dome, Singapore 018953",018953,Contemporary,1,4.5,SRI GEYLANG SATE PTE LTD,CE12H48N007,18 MARINA GARDENS DRIVE #01-19 GARDENS BY THE BAY SINGAPORE 018953,B,na,na,na,postal_code,medium_needs_shop_unit_review
10,Marguerite,"18 Marina Gardens Dr, #01-09 Flower Dome, Singapore 018953",018953,Contemporary,1,4.5,SRI GEYLANG SATE PTE LTD,CE12H48N006,18 MARINA GARDENS DRIVE #01-19 GARDENS BY THE BAY SINGAPORE 018953,B,na,na,na,postal_code,medium_needs_shop_unit_review
10,Marguerite,"18 Marina Gardens Dr, #01-09 Flower Dome, Singapore 018953",018953,Contemporary,1,4.5,BOON TAT CATERING & SUPPLY PTE. LTD.,CE12H48N005,18 MARINA GARDENS DRIVE #01-19 GARDENS BY THE BAY SINGAPORE 018953,B,na,na,na,postal_code,medium_needs_shop_unit_review
10,Marguerite,"18 Marina Gardens Dr, #01-09 Flower Dome, Singapore 018953",018953,Contemporary,1,4.5,LOW ENG WEI,CE12H48N003,18 MARINA GARDENS DRIVE #01-19 GARDENS BY THE BAY SINGAPORE 018953,B,na,na,na,postal_code,medium_needs_shop_unit_review
10,Marguerite,"18 Marina Gardens Dr, #01-09 Flower Dome, Singapore 018953",018953,Contemporary,1,4.5,MARINA LIVE SEAFOOD & STEAMBOAT PTE LTD,CE12H48N002,18 MARINA GARDENS DRIVE #01-19 GARDENS BY THE BAY SINGAPORE 018953,B,na,na,na,postal_code,medium_needs_shop_unit_review
94,Spago Dining Room by Wolfgang Puck,"10 Bayfront Avenue L57, Sands SkyPark, Hotel, Tower 2, 018956",018956,American,0,4.4,MARINA BAY SANDS PTE. LTD.,CE13U45A000,10 BAYFRONT AVENUE (BASEMENT 2) MARINA BAY SANDS SINGAPORE 018956,A,na,na,na,postal_code,medium_needs_shop_unit_review
94,Spago Dining Room by Wolfgang Puck,"10 Bayfront Avenue L57, Sands SkyPark, Hotel, Tower 2, 018956",018956,American,0,4.4,MARINA BAY SANDS PTE. LTD.,CE14P28B000,10 BAYFRONT AVENUE #55-00 MARINA BAY SANDS (55TH STOREY) SINGAPORE 018956,A,na,na,na,postal_code,medium_needs_shop_unit_review
94,Spago Dining Room by Wolfgang Puck,"10 Bayfront Avenue L57, Sands SkyPark, Hotel, Tower 2, 018956",018956,American,0,4.4,MARINA BAY SANDS PTE. LTD.,CE12U27L000,10 BAYFRONT AVENUE #03-01 MARINA BAY SANDS SINGAPORE 018956,A,na,na,na,postal_code,medium_needs_shop_unit_review
94,Spago Dining Room by Wolfgang Puck,"10 Bayfront Avenue L57, Sands SkyPark, Hotel, Tower 2, 018956",018956,American,0,4.4,MARINA BAY SANDS PTE. LTD.,CE11H78K000,10 BAYFRONT AVENUE 5TH STOREY (SERVICE PANTRY 5) MARINA BAY SANDS SINGAPORE 018956,A,na,na,na,postal_code,medium_needs_shop_unit_review
94,Spago Dining Room by Wolfgang Puck,"10 Bayfront Avenue L57, Sands SkyPark, Hotel, Tower 2, 018956",018956,American,0,4.4,MARINA BAY SANDS PTE. LTD.,CE11H77L000,10 BAYFRONT AVENUE 3RD STOREY (SERVICE PANTRY 3) MARINA BAY SANDS SINGAPORE 018956,A,na,na,na,postal_code,medium_needs_shop_unit_review
94,Spago Dining Room by Wolfgang Puck,"10 Bayfront Avenue L57, Sands SkyPark, Hotel, Tower 2, 018956",018956,American,0,4.4,MARINA BAY SANDS PTE. LTD.,CE11H76N000,10 BAYFRONT AVENUE 3RD STOREY (SERVICE PANTRY 2) MARINA BAY SANDS SINGAPORE 018956,A,na,na,na,postal_code,medium_needs_shop_unit_review
94,Spago Dining Room by Wolfgang Puck,"10 Bayfront Avenue L57, Sands SkyPark, Hotel, Tower 2, 018956",018956,American,0,4.4,MARINA BAY SANDS PTE. LTD.,CE11H75P000,10 BAYFRONT AVENUE 3RD STOREY (SERVICE PANTRY 1) MARINA BAY SANDS SINGAPORE 018956,A,na,na,na,postal_code,medium_needs_shop_unit_review
94,Spago Dining Room by Wolfgang Puck,"10 Bayfront Avenue L57, Sands SkyPark, Hotel, Tower 2, 018956",018956,American,0,4.4,ROYAL T GROUP PTE. LTD.,CE11H51K000,10 BAYFRONT AVENUE #01-72 MARINA BAY SANDS SINGAPORE 018956,A,na,na,na,postal_code,medium_needs_shop_unit_review
94,Spago Dining Room by Wolfgang Puck,"10 Bayfront Avenue L57, Sands SkyPark, Hotel, Tower 2, 018956",018956,American,0,4.4,MARINA BAY SANDS PTE. LTD.,CE10C14N000,10 BAYFRONT AVENUE LEVEL 57 (SOUTH PANTRY) SINGAPORE 018956,A,na,na,na,postal_code,medium_needs_shop_unit_review
88,Riviera,"1 Fullerton Rd, #02-06 One Fullerton, Singapore 049213",049213,Mediterranean,0,4.2,DELICIAE HOSPITALITY MANAGEMENT PTE. LTD.,CE08861N000,1 FULLERTON ROAD #02-06 ONE FULLERTON SINGAPORE 049213,A,na,na,na,postal_code,medium_needs_shop_unit_review
88,Riviera,"1 Fullerton Rd, #02-06 One Fullerton, Singapore 049213",049213,Mediterranean,0,4.2,OVER EASY PTE. LTD.,W01237X000,1 FULLERTON ROAD #01-06 SINGAPORE 049213,A,na,na,na,postal_code,medium_needs_shop_unit_review
88,Riviera,"1 Fullerton Rd, #02-06 One Fullerton, Singapore 049213",049213,Mediterranean,0,4.2,PALM BEACH SEAFOOD RESTAURANT PTE LTD,W01167L000,1 FULLERTON ROAD #01-09 ONE FULLERTON SINGAPORE 049213,A,na,na,na,postal_code,medium_needs_shop_unit_review
88,Riviera,"1 Fullerton Rd, #02-06 One Fullerton, Singapore 049213",049213,Mediterranean,0,4.2,TORI-TAMA HOLDINGS PTE. LTD.,W01146A000,1 FULLERTON ROAD #01-05 SINGAPORE 049213,A,na,na,na,postal_code,medium_needs_shop_unit_review
88,Riviera,"1 Fullerton Rd, #02-06 One Fullerton, Singapore 049213",049213,Mediterranean,0,4.2,STARBUCKS COFFEE SINGAPORE PTE. LTD.,W00261C000,1 FULLERTON ROAD #01-04 FULLERTON SQUARE SINGAPORE 049213,A,na,na,na,postal_code,medium_needs_shop_unit_review
88,Riviera,"1 Fullerton Rd, #02-06 One Fullerton, Singapore 049213",049213,Mediterranean,0,4.2,USQUBA SINGAPORE PTE. LTD.,CE16749X000,1 FULLERTON ROAD #02-3B/04 ONE FULLERTON SINGAPORE 049213,na,na,na,na,postal_code,medium_needs_shop_unit_review
88,Riviera,"1 Fullerton Rd, #02-06 One Fullerton, Singapore 049213",049213,Mediterranean,0,4.2,SHOUKOUWA RESTAURANT PTE. LTD.,CE16369L000,1 FULLERTON ROAD #02-02A ONE FULLERTON SINGAPORE 049213,A,na,na,na,postal_code,medium_needs_shop_unit_review
88,Riviera,"1 Fullerton Rd, #02-06 One Fullerton, Singapore 049213",049213,Mediterranean,0,4.2,SAINT PIERRE PTE LTD,CE16292V000,1 FULLERTON ROAD #02-02B ONE FULLERTON SINGAPORE 049213,A,na,na,na,postal_code,medium_needs_shop_unit_review
88,Riviera,"1 Fullerton Rd, #02-06 One Fullerton, Singapore 049213",049213,Mediterranean,0,4.2,LADY M SINGAPORE PTE. LTD.,CE08F62N000,1 FULLERTON ROAD #01-10 ONE FULLERTON SINGAPORE 049213,A,na,na,na,postal_code,medium_needs_shop_unit_review
13,Shinji by Kanesaka (Carlton Hotel),"76 Bras Basah Rd, Lobby Floor, Carlton Hotel, Singapore 189558",189558,Asian|Japanese|Omakase,1,4.6,CARLTON HOTEL (SINGAPORE) PTE LTD?,CE10739C000,76 BRAS BASAH ROAD CARLTON HOTEL (SATELLITE KITCHEN LEVEL 2) SINGAPORE 189558,A,na,na,na,postal_code,medium_needs_shop_unit_review
13,Shinji by Kanesaka (Carlton Hotel),"76 Bras Basah Rd, Lobby Floor, Carlton Hotel, Singapore 189558",189558,Asian|Japanese|Omakase,1,4.6,CARLTON HOTEL (SINGAPORE) PTE LTD?,W88037C000,76 BRAS BASAH ROAD #02-00 CARLTON HOTEL SINGAPORE 189558,A,na,na,na,postal_code,medium_needs_shop_unit_review
13,Shinji by Kanesaka (Carlton Hotel),"76 Bras Basah Rd, Lobby Floor, Carlton Hotel, Singapore 189558",189558,Asian|Japanese|Omakase,1,4.6,CARLTON HOTEL (SINGAPORE) PTE LTD?,W88033L000,76 BRAS BASAH ROAD #01-00 CARLTON HOTEL SINGAPORE 189558,A,na,na,na,postal_code,medium_needs_shop_unit_review
13,Shinji by Kanesaka (Carlton Hotel),"76 Bras Basah Rd, Lobby Floor, Carlton Hotel, Singapore 189558",189558,Asian|Japanese|Omakase,1,4.6,CARLTON HOTEL (SINGAPORE) PTE LTD,W91038C000,76 BRAS BASAH ROAD #04-00 CARLTON HOTEL (POOL SIDE) MEZZANINE SINGAPORE 189558,A,na,na,na,postal_code,medium_needs_shop_unit_review
13,Shinji by Kanesaka (Carlton Hotel),"76 Bras Basah Rd, Lobby Floor, Carlton Hotel, Singapore 189558",189558,Asian|Japanese|Omakase,1,4.6,CARLTON HOTEL (SINGAPORE) PTE LTD?,W88036E000,76 BRAS BASAH ROAD CARLTON HOTEL SINGAPORE 189558,A,na,na,na,postal_code,medium_needs_shop_unit_review
13,Shinji by Kanesaka (Carlton Hotel),"76 Bras Basah Rd, Lobby Floor, Carlton Hotel, Singapore 189558",189558,Asian|Japanese|Omakase,1,4.6,BON RICHE PTE LTD,W02117B000,76 BRAS BASAH ROAD #01-02 CARLTON HOTEL SINGAPORE SINGAPORE 189558,na,na,na,na,postal_code,medium_needs_shop_unit_review
13,Shinji by Kanesaka (Carlton Hotel),"76 Bras Basah Rd, Lobby Floor, Carlton Hotel, Singapore 189558",189558,Asian|Japanese|Omakase,1,4.6,CARLTON HOTEL (SINGAPORE) PTE LTD?,CE12V02B000,76 BRAS BASAH ROAD (LOBBY) CARLTON HOTEL SINGAPORE 189558,A,na,na,na,postal_code,medium_needs_shop_unit_review
13,Shinji by Kanesaka (Carlton Hotel),"76 Bras Basah Rd, Lobby Floor, Carlton Hotel, Singapore 189558",189558,Asian|Japanese|Omakase,1,4.6,CARLTON HOTEL (SINGAPORE) PTE LTD?,CE12491V000,76 BRAS BASAH ROAD (LEVEL 1) CARLTON HOTEL SINGAPORE 189558,na,na,na,na,postal_code,medium_needs_shop_unit_review
13,Shinji by Kanesaka (Carlton Hotel),"76 Bras Basah Rd, Lobby Floor, Carlton Hotel, Singapore 189558",189558,Asian|Japanese|Omakase,1,4.6,CARLTON HOTEL (SINGAPORE) PTE LTD?,CE10723V000,76 BRAS BASAH ROAD CARLTON HOTE (GRAVITY BAR LLEVEL 1) SINGAPORE 189558,A,na,na,na,postal_code,medium_needs_shop_unit_review
31,Thevar,"9 Keong Saik Road, Singapore 089117",089117,Asian|Fusion|Indian,2,4.6,META HOLDINGS PTE. LTD.,CE15F14A000,9 KEONG SAIK ROAD SINGAPORE 089117,A,na,na,na,postal_code,medium_needs_shop_unit_review
106,Tentsuru,"29 Tanglin Rd, The St Regis , Singapore 247911",247911,Asian|Japanese|Omakase,0,4.7,TOMLINSON HOTEL PTE. LTD.,CE07D39K000,29 TANGLIN ROAD #B1 SAINT REGIS HOTEL SINGAPORE 247911,A,na,na,na,postal_code,medium_needs_shop_unit_review
106,Tentsuru,"29 Tanglin Rd, The St Regis , Singapore 247911",247911,Asian|Japanese|Omakase,0,4.7,TOMLINSON HOTEL PTE. LTD.,CE07A75V000,29 TANGLIN ROAD (BANQUET BALLROOM) ST REGIS HOTEL SINGAPORE 247911,A,na,na,na,postal_code,medium_needs_shop_unit_review
106,Tentsuru,"29 Tanglin Rd, The St Regis , Singapore 247911",247911,Asian|Japanese|Omakase,0,4.7,KANESAKA SUSHI PRIVATE LIMITED,CE14369E000,29 TANGLIN ROAD ST REGIS HOTEL (DECANTER/VINTAGE ROOM) SINGAPORE 247911,A,na,na,na,postal_code,medium_needs_shop_unit_review
106,Tentsuru,"29 Tanglin Rd, The St Regis , Singapore 247911",247911,Asian|Japanese|Omakase,0,4.7,TOMLINSON HOTEL PTE. LTD.,CE07D38L000,29 TANGLIN ROAD #B1 ST REGIS HOTEL SINGAPORE 247911,na,na,na,na,postal_code,medium_needs_shop_unit_review
106,Tentsuru,"29 Tanglin Rd, The St Regis , Singapore 247911",247911,Asian|Japanese|Omakase,0,4.7,TOMLINSON HOTEL PTE. LTD.,CE07A78N000,29 TANGLIN ROAD (DECANTER BAR/LOBBY BAR) ST REGIS HOTEL SINGAPORE 247911,na,na,na,na,postal_code,medium_needs_shop_unit_review
106,Tentsuru,"29 Tanglin Rd, The St Regis , Singapore 247911",247911,Asian|Japanese|Omakase,0,4.7,TOMLINSON HOTEL PTE. LTD.,CE07A76X000,29 TANGLIN ROAD #03 (POOL GARDEN) ST REGIS HOTEL SINGAPORE 247911,A,na,na,na,postal_code,medium_needs_shop_unit_review
106,Tentsuru,"29 Tanglin Rd, The St Regis , Singapore 247911",247911,Asian|Japanese|Omakase,0,4.7,TOMLINSON HOTEL PTE. LTD.,CE07A72C000,29 TANGLIN ROAD (COFFEE HOUSE) ST REGIS HOTEL SINGAPORE 247911,A,na,na,na,postal_code,medium_needs_shop_unit_review
106,Tentsuru,"29 Tanglin Rd, The St Regis , Singapore 247911",247911,Asian|Japanese|Omakase,0,4.7,TOMLINSON HOTEL PTE. LTD.,CE07A71E000,29 TANGLIN ROAD #02 (CHINESE RESTAURANT) ST REGIS HOTEL SINGAPORE 247911,A,na,na,na,postal_code,medium_needs_shop_unit_review
106,Tentsuru,"29 Tanglin Rd, The St Regis , Singapore 247911",247911,Asian|Japanese|Omakase,0,4.7,TOMLINSON HOTEL PTE. LTD.,CE07A69P000,29 TANGLIN ROAD #B1 ST REGIS HOTEL (STAFF CANTEEN) SINGAPORE 247911,A,na,na,na,postal_code,medium_needs_shop_unit_review
115,Sushi Ayumu by Masa Ishibashi,"333A Orchard Road #04-16 Mandarin Gallery, 238897",238897,Asian|Japanese|Omakase,0,4.7,ART & FOOD SINGAPORE PTE. LTD.,CE15A51V000,333A ORCHARD ROAD #04-16 MANDARIN GALLERY SINGAPORE 238897,A,na,na,na,postal_code,medium_needs_shop_unit_review
115,Sushi Ayumu by Masa Ishibashi,"333A Orchard Road #04-16 Mandarin Gallery, 238897",238897,Asian|Japanese|Omakase,0,4.7,WILD HONEY PTE. LIMITED,CE14M28V000,333A ORCHARD ROAD #03-01 MANDARIN GALLERY SINGAPORE 238897,A,na,na,na,postal_code,medium_needs_shop_unit_review
115,Sushi Ayumu by Masa Ishibashi,"333A Orchard Road #04-16 Mandarin Gallery, 238897",238897,Asian|Japanese|Omakase,0,4.7,The Providore Singapore Pte Ltd,CE14906A000,333A ORCHARD ROAD #02-25 SINGAPORE 238897,A,na,na,na,postal_code,medium_needs_shop_unit_review
115,Sushi Ayumu by Masa Ishibashi,"333A Orchard Road #04-16 Mandarin Gallery, 238897",238897,Asian|Japanese|Omakase,0,4.7,The Providore Singapore Pte Ltd,CE13U77E000,333A ORCHARD ROAD #02-05/06/07 MANDARIN GALLERY SINGAPORE 238897,A,na,na,na,postal_code,medium_needs_shop_unit_review
115,Sushi Ayumu by Masa Ishibashi,"333A Orchard Road #04-16 Mandarin Gallery, 238897",238897,Asian|Japanese|Omakase,0,4.7,HASHIDA SINGAPORE PTE. LTD.,CE13N47P000,333A ORCHARD ROAD #02-37 SINGAPORE 238897,A,na,na,na,postal_code,medium_needs_shop_unit_review
115,Sushi Ayumu by Masa Ishibashi,"333A Orchard Road #04-16 Mandarin Gallery, 238897",238897,Asian|Japanese|Omakase,0,4.7,SUGAR DADDY GROUP PTE. LTD,CE11G52N000,333A ORCHARD ROAD #02-33/34 MANDARIN GALLERY SINGAPORE 238897,A,na,na,na,postal_code,medium_needs_shop_unit_review
115,Sushi Ayumu by Masa Ishibashi,"333A Orchard Road #04-16 Mandarin Gallery, 238897",238897,Asian|Japanese|Omakase,0,4.7,FONZ INTERNATIONAL PTE. LTD.,CE09M35N000,333A ORCHARD ROAD #04-05/07 MANDARIN GALLERY SINGAPORE 238897,A,na,na,na,postal_code,medium_needs_shop_unit_review
115,Sushi Ayumu by Masa Ishibashi,"333A Orchard Road #04-16 Mandarin Gallery, 238897",238897,Asian|Japanese|Omakase,0,4.7,ARTEASTIQ PTE LTD,CE09L54N000,333A ORCHARD ROAD #04-14/15 SINGAPORE 238897,A,na,na,na,postal_code,medium_needs_shop_unit_review
115,Sushi Ayumu by Masa Ishibashi,"333A Orchard Road #04-16 Mandarin Gallery, 238897",238897,Asian|Japanese|Omakase,0,4.7,FRESH BAY (S) INVESTMENTS PTE. LTD.,CE09L52X000,333A ORCHARD ROAD #04-21 SINGAPORE 238897,A,na,na,na,postal_code,medium_needs_shop_unit_review
115,Sushi Ayumu by Masa Ishibashi,"333A Orchard Road #04-16 Mandarin Gallery, 238897",238897,Asian|Japanese|Omakase,0,4.7,LAWRY'S THE PRIME RIB SINGAPORE PTE LTD,CE09J46C000,333A ORCHARD ROAD #04-01/31 SINGAPORE 238897,A,na,na,na,postal_code,medium_needs_shop_unit_review
115,Sushi Ayumu by Masa Ishibashi,"333A Orchard Road #04-16 Mandarin Gallery, 238897",238897,Asian|Japanese|Omakase,0,4.7,ITO-KACHO HOLDINGS PTE. LTD.,CE09I07B000,333A ORCHARD ROAD #04-08/09/10 SINGAPORE 238897,A,na,na,na,postal_code,medium_needs_shop_unit_review
133,SARAI,"163 Tanglin Road, #03-122, Singapore 247933",247933,Asian|Thai,0,4.7,PAUL SINGAPORE PTE. LTD.,CE13X47A000,163 TANGLIN ROAD #01-16/17 TANGLIN MALL SINGAPORE 247933,A,na,na,na,postal_code,medium_needs_shop_unit_review
133,SARAI,"163 Tanglin Road, #03-122, Singapore 247933",247933,Asian|Thai,0,4.7,GDA RESTAURANTS PTE LTD,W95316V000,163 TANGLIN ROAD #02-23 TANGLIN MALL SINGAPORE 247933,A,na,na,na,postal_code,medium_needs_shop_unit_review
133,SARAI,"163 Tanglin Road, #03-122, Singapore 247933",247933,Asian|Thai,0,4.7,RESTOBARS (S) PTE. LTD.,W94261N000,163 TANGLIN ROAD #01-28/33 TANGLIN MALL SINGAPORE 247933,A,na,na,na,postal_code,medium_needs_shop_unit_review
133,SARAI,"163 Tanglin Road, #03-122, Singapore 247933",247933,Asian|Thai,0,4.7,PATARA FINE THAI CUISINE PTE LTD,W94260B000,163 TANGLIN ROAD #03-14 TANGLIN MALL SINGAPORE 247933,A,na,na,na,postal_code,medium_needs_shop_unit_review
133,SARAI,"163 Tanglin Road, #03-122, Singapore 247933",247933,Asian|Thai,0,4.7,NANDO'S CHICKENLAND SINGAPORE PTE. LTD.,W94259C000,163 TANGLIN ROAD #01-14/15 TANGLIN MALL SINGAPORE 247933,A,na,na,na,postal_code,medium_needs_shop_unit_review
133,SARAI,"163 Tanglin Road, #03-122, Singapore 247933",247933,Asian|Thai,0,4.7,STARBUCKS COFFEE SINGAPORE PTE. LTD.,W94258E000,163 TANGLIN ROAD #01-13 TANGLIN MALL SINGAPORE 247933,A,na,na,na,postal_code,medium_needs_shop_unit_review
133,SARAI,"163 Tanglin Road, #03-122, Singapore 247933",247933,Asian|Thai,0,4.7,LOVELIFE VENTURES PTE. LTD.,W94256L000,163 TANGLIN ROAD #B1-15 TANGLIN MALL SINGAPORE 247933,A,na,na,na,postal_code,medium_needs_shop_unit_review
133,SARAI,"163 Tanglin Road, #03-122, Singapore 247933",247933,Asian|Thai,0,4.7,CAFFE BEVIAMO PTE LTD,W94254A000,163 TANGLIN ROAD #02-K1 TANGLIN MALL SINGAPORE 247933,A,na,na,na,postal_code,medium_needs_shop_unit_review
133,SARAI,"163 Tanglin Road, #03-122, Singapore 247933",247933,Asian|Thai,0,4.7,FOOD-LINK SERVICES PTE LTD,W94227N000,163 TANGLIN ROAD #B1-17 TANGLIN MALL SINGAPORE 247933,na,na,na,na,postal_code,medium_needs_shop_unit_review
133,SARAI,"163 Tanglin Road, #03-122, Singapore 247933",247933,Asian|Thai,0,4.7,THE BAKERY DEPOT PTE LTD,CE08750C000,163 TANGLIN ROAD #B1-07/08 TANGLIN MALL SINGAPORE 247933,A,na,na,na,postal_code,medium_needs_shop_unit_review
133,SARAI,"163 Tanglin Road, #03-122, Singapore 247933",247933,Asian|Thai,0,4.7,COLD STORAGE SINGAPORE (1983) PTE LTD,CE07Y60A000,163 TANGLIN ROAD #01-13A TANGLIN MALL SINGAPORE 247933,A,na,na,na,postal_code,medium_needs_shop_unit_review
133,SARAI,"163 Tanglin Road, #03-122, Singapore 247933",247933,Asian|Thai,0,4.7,KANNUSAMY RAMASAMY,CE07F03A000,163 TANGLIN ROAD #B1-17 TANGLIN MALL (R3) SINGAPORE 247933,A,na,na,na,postal_code,medium_needs_shop_unit_review
133,SARAI,"163 Tanglin Road, #03-122, Singapore 247933",247933,Asian|Thai,0,4.7,RESTOBARS (S) PTE. LTD.,CE07A09X000,163 TANGLIN ROAD #01-03 & #01-35/36 TANGLIN MALL SINGAPORE 247933,A,na,na,na,postal_code,medium_needs_shop_unit_review
133,SARAI,"163 Tanglin Road, #03-122, Singapore 247933",247933,Asian|Thai,0,4.7,LYE BOON SIEW,CE04392X000,163 TANGLIN ROAD #B1-17 TANGLIN MALL SINGAPORE 247933,A,na,na,na,postal_code,medium_needs_shop_unit_review
133,SARAI,"163 Tanglin Road, #03-122, Singapore 247933",247933,Asian|Thai,0,4.7,KOMALA'S F&B ENTERPRISES PTE LTD,CE04390A000,163 TANGLIN ROAD #B1-17 TANGLIN MALL SINGAPORE 247933,A,na,na,na,postal_code,medium_needs_shop_unit_review
133,SARAI,"163 Tanglin Road, #03-122, Singapore 247933",247933,Asian|Thai,0,4.7,TENG MUI HONG,W94227N009,163 TANGLIN ROAD #B1-17 TANGLIN MALL SINGAPORE 247933,A,na,na,na,postal_code,medium_needs_shop_unit_review
133,SARAI,"163 Tanglin Road, #03-122, Singapore 247933",247933,Asian|Thai,0,4.7,FOOD-LINK SERVICES PTE LTD,W94227N008,163 TANGLIN ROAD #B1-17 TANGLIN MALL SINGAPORE 247933,A,na,na,na,postal_code,medium_needs_shop_unit_review
133,SARAI,"163 Tanglin Road, #03-122, Singapore 247933",247933,Asian|Thai,0,4.7,FOOD-LINK SERVICES PTE LTD,W94227N007,163 TANGLIN ROAD #B1-17 TANGLIN MALL SINGAPORE 247933,A,na,na,na,postal_code,medium_needs_shop_unit_review
133,SARAI,"163 Tanglin Road, #03-122, Singapore 247933",247933,Asian|Thai,0,4.7,LIM YEK FONG,W94227N006,163 TANGLIN ROAD #B1-17 TANGLIN MALL SINGAPORE 247933,A,na,na,na,postal_code,medium_needs_shop_unit_review
133,SARAI,"163 Tanglin Road, #03-122, Singapore 247933",247933,Asian|Thai,0,4.7,FOOD-LINK SERVICES PTE LTD,W94227N005,163 TANGLIN ROAD #B1-17 TANGLIN MALL SINGAPORE 247933,A,na,na,na,postal_code,medium_needs_shop_unit_review
133,SARAI,"163 Tanglin Road, #03-122, Singapore 247933",247933,Asian|Thai,0,4.7,FOOD-LINK SERVICES PTE LTD,W94227N004,163 TANGLIN ROAD #B1-17 TANGLIN MALL SINGAPORE 247933,A,na,na,na,postal_code,medium_needs_shop_unit_review
133,SARAI,"163 Tanglin Road, #03-122, Singapore 247933",247933,Asian|Thai,0,4.7,KWA SWEE CHIN,W94227N003,163 TANGLIN ROAD #B1-17 TANGLIN MALL SINGAPORE 247933,B,na,na,na,postal_code,medium_needs_shop_unit_review
133,SARAI,"163 Tanglin Road, #03-122, Singapore 247933",247933,Asian|Thai,0,4.7,FOOD-LINK SERVICES PTE LTD,W94227N002,163 TANGLIN ROAD #B1-17 TANGLIN MALL SINGAPORE 247933,A,na,na,na,postal_code,medium_needs_shop_unit_review
126,Brasserie Les Saveurs,"29 Tanglin Road, Lobby Level, The St. Regis, 247911",247911,European|French,0,4.0,TOMLINSON HOTEL PTE. LTD.,CE07D39K000,29 TANGLIN ROAD #B1 SAINT REGIS HOTEL SINGAPORE 247911,A,na,na,na,postal_code,medium_needs_shop_unit_review
126,Brasserie Les Saveurs,"29 Tanglin Road, Lobby Level, The St. Regis, 247911",247911,European|French,0,4.0,TOMLINSON HOTEL PTE. LTD.,CE07A75V000,29 TANGLIN ROAD (BANQUET BALLROOM) ST REGIS HOTEL SINGAPORE 247911,A,na,na,na,postal_code,medium_needs_shop_unit_review
126,Brasserie Les Saveurs,"29 Tanglin Road, Lobby Level, The St. Regis, 247911",247911,European|French,0,4.0,KANESAKA SUSHI PRIVATE LIMITED,CE14369E000,29 TANGLIN ROAD ST REGIS HOTEL (DECANTER/VINTAGE ROOM) SINGAPORE 247911,A,na,na,na,postal_code,medium_needs_shop_unit_review
126,Brasserie Les Saveurs,"29 Tanglin Road, Lobby Level, The St. Regis, 247911",247911,European|French,0,4.0,TOMLINSON HOTEL PTE. LTD.,CE07D38L000,29 TANGLIN ROAD #B1 ST REGIS HOTEL SINGAPORE 247911,na,na,na,na,postal_code,medium_needs_shop_unit_review
126,Brasserie Les Saveurs,"29 Tanglin Road, Lobby Level, The St. Regis, 247911",247911,European|French,0,4.0,TOMLINSON HOTEL PTE. LTD.,CE07A78N000,29 TANGLIN ROAD (DECANTER BAR/LOBBY BAR) ST REGIS HOTEL SINGAPORE 247911,na,na,na,na,postal_code,medium_needs_shop_unit_review
126,Brasserie Les Saveurs,"29 Tanglin Road, Lobby Level, The St. Regis, 247911",247911,European|French,0,4.0,TOMLINSON HOTEL PTE. LTD.,CE07A76X000,29 TANGLIN ROAD #03 (POOL GARDEN) ST REGIS HOTEL SINGAPORE 247911,A,na,na,na,postal_code,medium_needs_shop_unit_review
126,Brasserie Les Saveurs,"29 Tanglin Road, Lobby Level, The St. Regis, 247911",247911,European|French,0,4.0,TOMLINSON HOTEL PTE. LTD.,CE07A72C000,29 TANGLIN ROAD (COFFEE HOUSE) ST REGIS HOTEL SINGAPORE 247911,A,na,na,na,postal_code,medium_needs_shop_unit_review
126,Brasserie Les Saveurs,"29 Tanglin Road, Lobby Level, The St. Regis, 247911",247911,European|French,0,4.0,TOMLINSON HOTEL PTE. LTD.,CE07A71E000,29 TANGLIN ROAD #02 (CHINESE RESTAURANT) ST REGIS HOTEL SINGAPORE 247911,A,na,na,na,postal_code,medium_needs_shop_unit_review
126,Brasserie Les Saveurs,"29 Tanglin Road, Lobby Level, The St. Regis, 247911",247911,European|French,0,4.0,TOMLINSON HOTEL PTE. LTD.,CE07A69P000,29 TANGLIN ROAD #B1 ST REGIS HOTEL (STAFF CANTEEN) SINGAPORE 247911,A,na,na,na,postal_code,medium_needs_shop_unit_review
42,Buona Terra,"29 Scotts Road, Singapore 228224",228224,European|Italian,1,4.5,SARIKA CONNOISSUER CAF? PTE LTD,CE12742V000,29 SCOTTS ROAD SINGAPORE 228224,A,na,na,na,postal_code,medium_needs_shop_unit_review
1,Burnt Ends,"7 Dempsey Road, #01-04, Singapore 249671",249671,Australian|Barbecue,1,4.5,THE LIFECYCLE CONCEPTS PTE. LTD.,CE09I57C000,7 DEMPSEY ROAD #01-03 SINGAPORE 249671,A,na,na,na,postal_code,medium_needs_shop_unit_review
1,Burnt Ends,"7 Dempsey Road, #01-04, Singapore 249671",249671,Australian|Barbecue,1,4.5,PAMPLEMOUSSE BISTRO + BAR PTE LTD,CE09I23B000,7 DEMPSEY ROAD #01-04 SINGAPORE 249671,A,na,na,na,postal_code,medium_needs_shop_unit_review
1,Burnt Ends,"7 Dempsey Road, #01-04, Singapore 249671",249671,Australian|Barbecue,1,4.5,DON QUIJOTE (SINGAPORE) PTE. LTD.,CE09I20J000,7 DEMPSEY ROAD #01-02 SINGAPORE 249671,A,na,na,na,postal_code,medium_needs_shop_unit_review
1,Burnt Ends,"7 Dempsey Road, #01-04, Singapore 249671",249671,Australian|Barbecue,1,4.5,MC SPICE PTE. LTD.,CE09G36C000,7 DEMPSEY ROAD #01-01 SINGAPORE 249671,A,na,na,na,postal_code,medium_needs_shop_unit_review
1,Burnt Ends,"7 Dempsey Road, #01-04, Singapore 249671",249671,Australian|Barbecue,1,4.5,URBAN GROUP PTE. LTD.,CE09G13X000,7 DEMPSEY ROAD #01-05 SINGAPORE 249671,A,na,na,na,postal_code,medium_needs_shop_unit_review
151,Ikkoten Omakase,"86 Telok Ayer St, Far East Square, Singapore 048469",048469,Asian|Japanese|Omakase,0,5.0,TAN BOON CHAI,W99032X000,86 TELOK AYER STREET #01-01 FAR EAST SQUARE SINGAPORE 048469,na,na,na,na,postal_code,medium_needs_shop_unit_review
