"licensee_name","licence_number","premises_address","grade","demerit_points","suspension_start_date","suspension_end_date"
"FOUR SEASONS MANAGEMENT PTE. LTD.","SW15062N000","1 AYER RAJAH AVENUE 6th STOREY - INSEAD SINGAPORE 138676","A","na","na","na"
"FOUR SEASONS MANAGEMENT PTE. LTD.","C00117J000","1 AYER RAJAH AVENUE First storey INSEAD SINGAPORE 138676","A","na","na","na"
"CHEERS HOLDINGS (2004) PTE. LTD.","SW11501V000","1 CREATE WAY #01-01 UNIVERSITY TOWN - NUS SINGAPORE 138602","A","na","na","na"
"SUBS UT PTE. LTD","SW11670K000","1 CREATE WAY #01-02 UNIVERSITY TOWN - NUS SINGAPORE 138602","A","na","na","na"
"THE ROYALS CAFE PTE. LTD.","SW11461B000","1 CREATE WAY #01-03 UNIVERSITY TOWN NUS SINGAPORE 138602","A","na","na","na"
"ALAN TAN HANG CHENG","SW11562P009","1 CREATE WAY #01-04 UNIVERSITY TOWN - NUS SINGAPORE 138602","A","na","na","na"
"CHEN BIN","SW11562P003","1 CREATE WAY #01-04 UNIVERSITY TOWN - NUS SINGAPORE 138602","B","na","na","na"
"CHEN JIANQING","SW11562P005","1 CREATE WAY #01-04 UNIVERSITY TOWN - NUS SINGAPORE 138602","A","na","na","na"
"CHEN LI","SW11562P004","1 CREATE WAY #01-04 UNIVERSITY TOWN - NUS SINGAPORE 138602","A","na","na","na"
"DING XIAOCONG","SW11562P007","1 CREATE WAY #01-04 UNIVERSITY TOWN - NUS SINGAPORE 138602","A","na","na","na"
"JIU MAO JIU HOTPOT PTE. LTD.","SW11562P010","1 CREATE WAY #01-04 UNIVERSITY TOWN - NUS SINGAPORE 138602","A","na","na","na"
"JIU MAO JIU HOTPOT PTE. LTD.","SW11562P002","1 CREATE WAY #01-04 UNIVERSITY TOWN - NUS SINGAPORE 138602","A","na","na","na"
"KOUFU PTE LTD","SW11562P012","1 CREATE WAY #01-04 UNIVERSITY TOWN - NUS SINGAPORE 138602","A","na","na","na"
"LIM TEIK SOON","SW11562P006","1 CREATE WAY #01-04 UNIVERSITY TOWN - NUS SINGAPORE 138602","B","na","na","na"
"LOW KAM WENG","SW11562P008","1 CREATE WAY #01-04 UNIVERSITY TOWN - NUS SINGAPORE 138602","B","na","na","na"
"MAAYAA RESTAURANT AND CATERING PTE. LTD.","SW11562P011","1 CREATE WAY #01-04 UNIVERSITY TOWN - NUS SINGAPORE 138602","B","na","na","na"
"WU ZHONGMIN","SW11562P001","1 CREATE WAY #01-04 UNIVERSITY TOWN - NUS SINGAPORE 138602","A","na","na","na"
"MEGA DEVELOPMENT & TRADING PTE LTD","SW11773V000","1 CREATE WAY #01-06 UNIVERSITY TOWN NUS SINGAPORE 138602","A","na","na","na"
"HAE BOK'S KOREAN RESTAURANT PTE LTD","SW11843C000","1 CREATE WAY #01-09 UNIVERSITY TOWN - NUS SINGAPORE 138602","A","na","na","na"
"PINES FOOD DELIGHT PTE. LTD.","SW11815L000","1 CREATE WAY #01-12 UNIVERSITY TOWN - NUS SINGAPORE 138602","B","na","na","na"
"HEXA INVESTMENTS PRIVATE LIMITED","SW13056C000","1 LOWER KENT RIDGE ROAD #01-01 ONE@KENTRIDGE SINGAPORE 119082","A","na","na","na"
"NATURAL GRAIN PTE. LTD.","SW13214L000","1 LOWER KENT RIDGE ROAD #01-02 ONE @ KENTRIDGE SINGAPORE 119082","A","na","na","na"
"LEE HOIE HOCK","SW14008L000","1 LOWER KENT RIDGE ROAD #01-03 ONE@KENTRIDGE SINGAPORE 119082","A","na","na","na"
"THE BATTER PEOPLE CO. PTE. LTD.","SW14014P000","1 LOWER KENT RIDGE ROAD #01-04 ONE@KENTRIDGE SINGAPORE 119082","A","na","na","na"
"MINOR FOOD GROUP (SINGAPORE) PTE. LTD.","SW13144E000","1 LOWER KENT RIDGE ROAD #01-09 & #01-19/20 ONE @ KENTRIDGE SINGAPORE 119082","A","na","na","na"
"WILL-WIN (PTE. LTD.)","SW13302N000","1 LOWER KENT RIDGE ROAD #01-10 ONE@KENTRIDGE SINGAPORE 119082","A","na","na","na"
"MSJ GOURMET GROUP PTE. LTD.","SW14298J000","1 LOWER KENT RIDGE ROAD #01-11 ONE@KENTRIDGE SINGAPORE 119082","A","na","na","na"
"CHEN BINGYAO","SW13285C000","1 LOWER KENT RIDGE ROAD #01-12 ONE@KENTRIDGE SINGAPORE 119082","B","na","na","na"
"MILLEHUB PTE. LTD.","SW13070J000","1 LOWER KENT RIDGE ROAD #01-13 & #01-36 ONE@KENTRIDGE SINGAPORE 119082","A","na","na","na"
"UC CONCEPT INTERNATIONAL PRIVATE LIMITED","SW13005C000","1 LOWER KENT RIDGE ROAD #01-14 ONE@KENTRIDGE SINGAPORE 119082","A","na","na","na"
"TAY CHIN HENG","SW13079L000","1 LOWER KENT RIDGE ROAD #01-15 ONE@KENTRIDGE SINGAPORE 119082","A","na","na","na"
"JUZ BREAD HOLDING PTE. LTD.","SW14866K000","1 LOWER KENT RIDGE ROAD #01-17 ONE@KENTRIDGE SINGAPORE 119082","A","na","na","na"
"NIWA SUSHI PTE. LTD.","SW13W74E000","1 LOWER KENT RIDGE ROAD #01-18 ONE @ KENTRIDGE SINGAPORE 119082","A","na","na","na"
"JUZ BREAD HOLDING PTE. LTD.","SW13282K000","1 LOWER KENT RIDGE ROAD #01-23 ONE@KENTRIDGE SINGAPORE 119082","B","na","na","na"
"JUZ BREAD HOLDING PTE. LTD.","SW13283J000","1 LOWER KENT RIDGE ROAD #01-24 ONE@KENTRIDGE SINGAPORE 119082","B","na","na","na"
"CHEERS HOLDINGS (2004) PTE. LTD.","SW13034P000","1 LOWER KENT RIDGE ROAD #01-28 ONE @ KENTRIDGE SINGAPORE 119082","A","na","na","na"
"YOGURT KENT RIDGE PTE. LTD.","SW14970L000","1 LOWER KENT RIDGE ROAD #01-37 ONE@KENTRIDGE SINGAPORE 119082","A","na","na","na"
"JUZ BREAD HOLDING PTE. LTD.","SW15967P000","1 LOWER KENT RIDGE ROAD #02-04/05/06 ONE@ KENTRIDGE SINGAPORE 119082","B","na","na","na"
"MINOR FOOD GROUP (SINGAPORE) PTE. LTD.","SW13025X000","1 LOWER KENT RIDGE ROAD #02-10 ONE@KENTRIDGE SINGAPORE 119082","A","na","na","na"
"MINOR FOOD GROUP (SINGAPORE) PTE. LTD.","SW13X53K000","1 LOWER KENT RIDGE ROAD #02-11/12 ONE@KENTRIDGE SINGAPORE 119082","A","na","na","na"
"COLD STORAGE SINGAPORE (1983) PTE LTD","SW13X57B000","1 LOWER KENT RIDGE ROAD #03-05/06 ONE@KENTRIDGE SINGAPORE 119082","A","na","na","na"
"BURGER KING SINGAPORE PTE. LTD.","SW13325A000","1 LOWER KENT RIDGE ROAD #03-11 SINGAPORE 119082","A","na","na","na"
"STARBUCKS COFFEE SINGAPORE PTE. LTD.","SW13W86V000","1 LOWER KENT RIDGE ROAD #03-12 ONE@KENT RIDGE SINGAPORE 119082","A","na","na","na"
"DELIFRANCE SINGAPORE PTE LTD?","SW13295A000","1 LOWER KENT RIDGE ROAD #04-11/12 ONE@KENTRIDGE SINGAPORE 119082","A","na","na","na"
"ONION RESTAURANT & BAR PTE. LTD.","SW13192L000","1 LOWER KENT RIDGE ROAD #04-18/19 ONE @ KENTRIDGE SINGAPORE 119082","A","na","na","na"
"COPITIAM PTE. LTD.","SW13X61K001","1 LOWER KENT RIDGE ROAD #05-01 ONE@KENTRIDGE SINGAPORE 119082","A","na","na","na"
"GIAM GEK HWEE","SW13X61K015","1 LOWER KENT RIDGE ROAD #05-01 ONE@KENTRIDGE SINGAPORE 119082","A","na","na","na"
"GOH SOH CHENG","SW13X61K007","1 LOWER KENT RIDGE ROAD #05-01 ONE@KENTRIDGE SINGAPORE 119082","A","na","na","na"
"HEAVEN'S HERITAGE LLP","SW13X61K012","1 LOWER KENT RIDGE ROAD #05-01 ONE@KENTRIDGE SINGAPORE 119082","A","na","na","na"
"MORIN","SW13X61K011","1 LOWER KENT RIDGE ROAD #05-01 ONE@KENTRIDGE SINGAPORE 119082","A","na","na","na"
"SUDHEER S/O MOHAMED YOUSOFF","SW13X61K008","1 LOWER KENT RIDGE ROAD #05-01 ONE@KENTRIDGE SINGAPORE 119082","A","na","na","na"
"TIONG SIEW YUE","SW13X61K017","1 LOWER KENT RIDGE ROAD #05-01 ONE@KENTRIDGE SINGAPORE 119082","A","na","na","na"
"YAA SIIN FAMILY PTE. LTD.","SW13X61K014","1 LOWER KENT RIDGE ROAD #05-01 ONE@KENTRIDGE SINGAPORE 119082","A","na","na","na"
"ZHENG RONGSHENG","SW13X61K010","1 LOWER KENT RIDGE ROAD #05-01 ONE@KENTRIDGE SINGAPORE 119082","A","na","na","na"
"ZHENG RONGSHENG","SW13X61K013","1 LOWER KENT RIDGE ROAD #05-01 ONE@KENTRIDGE SINGAPORE 119082","A","na","na","na"
"ZHENG RONGSHENG","SW13X61K009","1 LOWER KENT RIDGE ROAD #05-01 ONE@KENTRIDGE SINGAPORE 119082","A","na","na","na"
"ZHENG RONGSHENG","SW13X61K005","1 LOWER KENT RIDGE ROAD #05-01 ONE@KENTRIDGE SINGAPORE 119082","B","na","na","na"
"IFOOD PTE LTD","SW12M47N000","1 NORTH BUONA VISTA DRIVE #01-K1 MOE HQ BUILDING SINGAPORE 138675","A","na","na","na"
"AISHAN BINTI MUSTAFFA","C00079J002","1 NORTH BUONA VISTA DRIVE #02-01 MOE BUILDING SINGAPORE 138675","B","na","na","na"
"CHONG KIN MEOI","C00079J001","1 NORTH BUONA VISTA DRIVE #02-01 MOE BUILDING SINGAPORE 138675","A","na","na","na"
"LEE YOKE WAH","C00079J005","1 NORTH BUONA VISTA DRIVE #02-01 MOE BUILDING SINGAPORE 138675","A","na","na","na"
"NG KIM KOON","C87061B000","1 SCIENCE PARK DRIVE #B1-41D TUV PSB BUILDING SINGAPORE 118221","A","na","na","na"
"ASHOKA TANDOOR PTE. LTD.","C02069X000","1 SCIENCE PARK ROAD #01-11 THE CAPRICORN SINGAPORE SCIENCE PARK II SINGAPORE 117528","B","na","na","na"
"LOH YOUN SIN","W75205A008","1 STRATHMORE ROAD QUEENSTOWN SECONDARY SCHOOL SINGAPORE 148800","A","na","na","na"
"NORMAH BINTE KARATA","W75205A002","1 STRATHMORE ROAD QUEENSTOWN SECONDARY SCHOOL SINGAPORE 148800","A","na","na","na"
"NURAENI WAWAN","W75205A005","1 STRATHMORE ROAD QUEENSTOWN SECONDARY SCHOOL SINGAPORE 148800","A","na","na","na"
"SARIMAH BTE SABINTONO","W75205A007","1 STRATHMORE ROAD QUEENSTOWN SECONDARY SCHOOL SINGAPORE 148800","A","na","na","na"
"TAN LAY HOON","W75205A003","1 STRATHMORE ROAD QUEENSTOWN SECONDARY SCHOOL SINGAPORE 148800","A","na","na","na"
"TAY POH CHOO","W75205A001","1 STRATHMORE ROAD QUEENSTOWN SECONDARY SCHOOL SINGAPORE 148800","A","na","na","na"
"WONG PENG KHUAN","W75205A004","1 STRATHMORE ROAD QUEENSTOWN SECONDARY SCHOOL SINGAPORE 148800","A","na","na","na"
"YEO LAY HUAY","W75205A006","1 STRATHMORE ROAD QUEENSTOWN SECONDARY SCHOOL SINGAPORE 148800","A","na","na","na"
"A B HAZARA BTE ABDUL RAHIMAN","C80174V003","10 CLEMENTI AVENUE 3 CLEMENTI TOWN SECONDARY SCHOOL SINGAPORE 129904","A","na","na","na"
"JUNAIDAH ABDULLAH","C80174V002","10 CLEMENTI AVENUE 3 CLEMENTI TOWN SECONDARY SCHOOL SINGAPORE 129904","A","na","na","na"
"MARGARET SEE TEOW KEE","C80174V001","10 CLEMENTI AVENUE 3 CLEMENTI TOWN SECONDARY SCHOOL SINGAPORE 129904","A","na","na","na"
"TAN AH KHWAI","C80174V008","10 CLEMENTI AVENUE 3 CLEMENTI TOWN SECONDARY SCHOOL SINGAPORE 129904","A","na","na","na"
"TAN KANG LAING PATRICK","C80174V006","10 CLEMENTI AVENUE 3 CLEMENTI TOWN SECONDARY SCHOOL SINGAPORE 129904","A","na","na","na"
"WAN LAN SEE","C80174V005","10 CLEMENTI AVENUE 3 CLEMENTI TOWN SECONDARY SCHOOL SINGAPORE 129904","A","na","na","na"
"HO CHANG HOONG","C99029V000","10 KENT RIDGE CRESCENT BLOCK E2 FACULTY OF ENGINEERING NUS SINGAPORE 119260","A","na","na","na"
"MCDONALD'S RESTAURANTS PTE. LTD.","SW03062X000","10 KENT RIDGE CRESCENT NATIONAL UNIVERSITY OF SINGAPORE SINGAPORE 119260","A","na","na","na"
"TAN SIEW HOON","C98112X000","10 KENT RIDGE CRESCENT NUS - ENGINEERING FACULTY BLOCK E4 SINGAPORE 119260","A","na","na","na"
"TAN SIEW HOON","C99028A000","10 KENT RIDGE CRESCENT NUS FACULTY OF SCIENCE BLOCK S16 SINGAPORE 119260","A","na","na","na"
"2 IC CATERING PRIVATE LIMITED","SW06502K000","10 KENT RIDGE DRIVE EUSOFF HALL NUS SINGAPORE 119242","A","na","na","na"
"STARBUCKS COFFEE SINGAPORE PTE. LTD.","SW04236B000","10 MEDICAL DRIVE #01-40 YONG LOO LIN SCHOOL OF MEDICINE BLK MD11 NUS SINGAPORE 117597","A","na","na","na"
"REEDZ PTE. LTD.","C00082X000","10 SCIENCE PARK ROAD #01-10 THE ALPHA SINGAPORE 117684","A","na","na","na"
"BAY SIEU LIN","C96025J000","10 SCIENCE PARK ROAD #02-29 THE ALPA SINGAPORE SCIENCE PARK 11 SINGAPORE 117684","A","na","na","na"
"WEE TIONG POH","C00088E000","10 WEST COAST WALK CLEMENTI STADIUM SINGAPORE 127156","B","na","na","na"
"CHEERS HOLDINGS (2004) PTE. LTD.","SW09558V000","100 NORTH BUONA VISTA ROAD #01-01 BUONA VISTA MRT STATION SINGAPORE 139345","A","na","na","na"
"KOI CAFE GROUP (S) PTE. LTD.","SW09529J000","100 NORTH BUONA VISTA ROAD #01-02/03 BUONA VISTA MRT STATION SINGAPORE 139345","A","na","na","na"
"TAN BEE BEE","SW09472J000","100 NORTH BUONA VISTA ROAD #01-04 & #01-06 BUONA VISTA MRT STATION SINGAPORE 139345","B","6","na","na"
"TAN BEE BEE","SW10871C000","100 NORTH BUONA VISTA ROAD #01-05/07 BUONA VISTA MRT STATION SINGAPORE 139345","B","na","na","na"
"TEN & HAN TRADING PTE LTD","SW09547C000","100 NORTH BUONA VISTA ROAD #01-08 BUONA VISTA MRT STATION SINGAPORE 139345","A","na","na","na"
"UNCLE HO PTE. LTD","SW15082E000","100 PASIR PANJANG ROAD #01-04 (100 PASIR PANJANG) SINGAPORE 118518","A","na","na","na"
"FONG SENG FAST FOOD PTE LTD","SW10A03P000","101 PASIR PANJANG ROAD SINGAPORE 118527","B","na","na","na"
"TAN CHOON HUAT","SW07D52A000","103 PASIR PANJANG ROAD SINGAPORE 118531","A","na","na","na"
"WU WEN SUN","NW08266N000","105 CLEMENTI STREET 12 #01-16 SINGAPORE 120105","A","na","na","na"
"CHIN HUAT LIVE SEAFOOD PTE LTD","C85189K000","105 CLEMENTI STREET 12 #01-30 SINGAPORE 120105","A","na","na","na"
"CHIN SIOW PENG","NW07035C000","106 CLEMENTI STREET 12 #01-40/42 SINGAPORE 120106","A","na","na","na"
"NG BEE LANG","NW07153P000","106 CLEMENTI STREET 12 #01-44 SINGAPORE 120106","A","na","na","na"
"HAPPY MOOKATA 2 PTE. LTD.","NW07127V000","106 CLEMENTI STREET 12 #01-46 SINGAPORE 120106","A","na","na","na"
"THE ROYAL MAIL PTE. LTD.","NW07087B000","106 CLEMENTI STREET 12 #01-50 SINGAPORE 120106","A","na","na","na"
"BUTTERCAKENCREAM LIMITED LIABILITY PARTNERSHIP","NW07145P000","106 CLEMENTI STREET 12 #01-52 SINGAPORE 120106","A","na","na","na"
"THE CATCH SEAFOOD RESTAURANT & BAR PTE. LTD.","NW07187X000","106 CLEMENTI STREET 12 #01-54 SINGAPORE 120106","A","na","na","na"
"CHAN PEIYI, TIFFANY JOY","NW15368X000","106 CLEMENTI STREET 12 #01-62 SINGAPORE 120106","A","na","na","na"
"H.I.M. HOLDINGS PTE LTD","C85059E000","106 CLEMENTI STREET 12 #01-64 SINGAPORE 120106","A","na","na","na"
"CHANG CHENG FOOD PARADISE PTE. LTD.","C84292A002","107 CLEMENTI STREET 12 #01-K1 SINGAPORE 120107","B","na","na","na"
"CU MR FOOD STATION PTE. LTD.","C84292A008","107 CLEMENTI STREET 12 #01-K1 SINGAPORE 120107","B","4","na","na"
"CU MR FOOD STATION PTE. LTD.","C84292A007","107 CLEMENTI STREET 12 #01-K1 SINGAPORE 120107","B","na","na","na"
"CU MR FOOD STATION PTE. LTD.","C84292A006","107 CLEMENTI STREET 12 #01-K1 SINGAPORE 120107","B","na","na","na"
"CU MR FOOD STATION PTE. LTD.","C84292A001","107 CLEMENTI STREET 12 #01-K1 SINGAPORE 120107","B","na","na","na"
"HAW GICK HAI","C84292A004","107 CLEMENTI STREET 12 #01-K1 SINGAPORE 120107","A","na","na","na"
"LAI KEE FOODSTUFF PTE. LTD.","C84292A003","107 CLEMENTI STREET 12 #01-K1 SINGAPORE 120107","B","4","na","na"
"PONGPHUN PHANITRAM","C84292A009","107 CLEMENTI STREET 12 #01-K1 SINGAPORE 120107","B","na","na","na"
"SEAFOOD PARK PTE. LTD.","C84292A010","107 CLEMENTI STREET 12 #01-K1 SINGAPORE 120107","B","4","na","na"
"SEAFOOD PARK PTE. LTD.","C84292A011","107 CLEMENTI STREET 12 #01-K1 SINGAPORE 120107","B","0","na","na"
"TAN BEE SENG","C84292A005","107 CLEMENTI STREET 12 #01-K1 SINGAPORE 120107","B","na","na","na"
"TAN CHU PEE","B03086N000","107A CLEMENTI STREET 12 #01-66 SINGAPORE 121107","A","na","na","na"
"ONG SOO YONG","C85180E000","109 CLEMENTI STREET 11 #01-07 SINGAPORE 120109","B","na","na","na"
"PINES FOOD CATERING PTE. LTD.","SW09A35C000","11 KENT RIDGE DRIVE #01-03 SHAW FOUNDATION ALUMNI HOUSE-NUS SINGAPORE 119244","A","na","na","na"
"MASSIVE CRAVINGS LIFESTYLE PTE LTD","SW10696V000","11 KENT RIDGE DRIVE #04-02 SHAW FOUNDATION ALUMNI HOUSE SINGAPORE 119244","A","na","na","na"
"PLAYTIME RECREATION & CATERING LLP","SW14751J000","11 NORTH BUONA VISTA DRIVE (PART OF LEVEL 21) THE METROPOLIS TOWER 2 SINGAPORE 138588","A","na","na","na"
"ANG CHOR YONG","C59007E001","114 PASIR PANJANG ROAD SINGAPORE 118539","B","na","na","na"
"KEE GHIM KHUAN","C59007E002","114 PASIR PANJANG ROAD SINGAPORE 118539","B","na","na","na"
"LEE PING LUEN","C59007E003","114 PASIR PANJANG ROAD SINGAPORE 118539","B","na","na","na"
"LU XIAOFANG","C59007E004","114 PASIR PANJANG ROAD SINGAPORE 118539","B","na","na","na"
"COFFEE FOLKS LLP","C02117N000","118/120 PASIR PANJANG ROAD SINGAPORE 118541","A","na","na","na"
"SPH BUZZ PTE. LTD.","SW14972J000","12 CLEMENTI ROAD (PART OF) SINGAPORE 129742","A","na","na","na"
"ANG TECK YONG","SW06503J000","12 KENT RIDGE DRIVE NUS - TEMASEK HALL SINGAPORE 119243","A","na","na","na"
"MONKEY BUSINESS CONCEPTS PTE LTD","SW12F21K000","122 PASIR PANJANG ROAD SINGAPORE 118544","A","na","na","na"
"ASHMI (S) PTE LTD","SW05050K000","124 PASIR PANJANG ROAD SINGAPORE 118545","B","na","na","na"
"TEN & HAN TRADING PTE LTD","SW16693A000","126 CLEMENTI AVENUE 2 (PART OF) CALTEX SERVICE STATION SINGAPORE 129930","A","na","na","na"
"CHEVRON SINGAPORE PTE. LTD.","C90111X000","126 CLEMENTI AVENUE 2 CALTEX SERVICE STATION SINGAPORE 129930","A","na","na","na"
"ESARN THAI CORNER PTE. LTD","C92059V000","130 PASIR PANJANG ROAD SINGAPORE 118548","B","na","na","na"
"ZULKIFRI BIN SALI","SW13R72X000","14 CLEMENTI ROAD SINGAPORE 129743","B","6","na","na"
"TAN SIEW HOON","SW11A79L000","14 MEDICAL DRIVE #01-03 YONG LOO LIN SCHOOL OF MEDICINE BLK MD6 NUS SINGAPORE 117599","A","na","na","na"
"ASMAH BINTI BAHAROM","C01200L002","147 WEST COAST ROAD KENT RIDGE SECONDARY SCHOOL SINGAPORE 127368","A","na","na","na"
"HONG KWOK WAH","C01200L003","147 WEST COAST ROAD KENT RIDGE SECONDARY SCHOOL SINGAPORE 127368","A","na","na","na"
"LIM KWEE HIANG","C01200L001","147 WEST COAST ROAD KENT RIDGE SECONDARY SCHOOL SINGAPORE 127368","A","na","na","na"
"NG CHOOI SIEW","C01200L006","147 WEST COAST ROAD KENT RIDGE SECONDARY SCHOOL SINGAPORE 127368","A","na","na","na"
"ROKIAH BT SAHAR","C01200L005","147 WEST COAST ROAD KENT RIDGE SECONDARY SCHOOL SINGAPORE 127368","A","na","na","na"
"RUBIAH BTE SAHAR","C01200L007","147 WEST COAST ROAD KENT RIDGE SECONDARY SCHOOL SINGAPORE 127368","A","na","na","na"
"TAN HUI SI","C01200L008","147 WEST COAST ROAD KENT RIDGE SECONDARY SCHOOL SINGAPORE 127368","A","na","na","na"
"CHAN YIM YOKE CHRISTY","C80199B008","15 CLEMENTI AVENUE 5 PEI TONG PRIMARY SCHOOL SINGAPORE 129857","A","na","na","na"
"CHUA SIEW KHIM","C80199B003","15 CLEMENTI AVENUE 5 PEI TONG PRIMARY SCHOOL SINGAPORE 129857","A","na","na","na"
"JUMAAT BIN RAIS","C80199B002","15 CLEMENTI AVENUE 5 PEI TONG PRIMARY SCHOOL SINGAPORE 129857","A","na","na","na"
"NAZARIYAH BINTE NAZARI","C80199B001","15 CLEMENTI AVENUE 5 PEI TONG PRIMARY SCHOOL SINGAPORE 129857","A","na","na","na"
"ONG CHIN CHOO","C80199B006","15 CLEMENTI AVENUE 5 PEI TONG PRIMARY SCHOOL SINGAPORE 129857","A","na","na","na"
"M S NIYAS PTE.LTD.","C81162V000","15 JALAN MAS PUTEH PASIR PANJANG GARDENS SINGAPORE 128620","B","na","na","na"
"SUPERSNACKS LLP","SW10597B000","15 KENT RIDGE DRIVE #01-03 MOCHTAR RIADY BLDG NUS BUSINESS SCHOOL SINGAPORE 119245","A","na","na","na"
"SAW PENG RUI","C91025C000","151 PASIR PANJANG ROAD #02-13/14 PASIR PANJANG DISTRIPARK SINGAPORE 118479","B","na","na","na"
"ABDUL BASHIR S/O SAIDEK","C92078N000","16 CLEMENTI ROAD SINGAPORE 129745","B","na","na","na"
"SINGAPORE FOOD INDUSTRIES PTE. LTD.","SW15917N000","16 COLLEGE AVENUE WEST RC1/RC 2 YALE-NUS COLLEGE (LEVEL 1 & 2) NUS U-TOWN SINGAPORE 138527","A","na","na","na"
"COLD STORAGE SINGAPORE (1983) PTE LTD","C96020X000","168 PASIR PANJANG ROAD SHELL SERVICE STATION SINGAPORE 118556","A","na","na","na"
"PRO*3 INSTITUTIONAL CATERING PTE. LTD.","C01116B000","18 AYER RAJAH CRESCENT P+F BUILDING (4th storey) SINGAPORE 139942","A","na","na","na"
"FEI FEI A1 PRIVATE LIMITED","C97007C000","18 CLEMENTI ROAD SINGAPORE 129747","B","6","na","na"
"CHIT HUAT PTE LTD","J03069C000","18 PASIR PANJANG #01-123 WHOLESALE CENTRE SINGAPORE 118501","B","na","na","na"
"ISS CATERING SERVICES PTE. LTD.","SW11C24J000","19 KENT RIDGE CRESCENT RAFFLES HALL - NUS SINGAPORE 119278","A","na","na","na"
"SIN HONG YUN PTE. LTD.","SW04125N000","1A KENT RIDGE ROAD KING EDWARD VII HALL NUS SINGAPORE 119224","A","na","na","na"
"MANIS CAFETARIA PTE. LTD.","NW07142A001","2 CLEMENTI LOOP MORETON LOGISTICS CENTRE SINGAPORE 129809","B","na","na","na"
"MANIS CAFETARIA PTE. LTD.","NW07142A002","2 CLEMENTI LOOP MORETON LOGISTICS CENTRE SINGAPORE 129809","B","na","na","na"
"MANIS CAFETARIA PTE. LTD.","NW07142A003","2 CLEMENTI LOOP MORETON LOGISTICS CENTRE SINGAPORE 129809","B","6","na","na"
"MANIS CAFETARIA PTE. LTD.","NW07142A004","2 CLEMENTI LOOP MORETON LOGISTICS CENTRE SINGAPORE 129809","B","na","na","na"
"PIZZA HUT SINGAPORE PTE LTD","SW12N49C000","2 COLLEGE AVENUE WEST #01-04 STEPHEN RIADY CENTRE UNIVERSITY TOWN NUS SINGAPORE 138607","A","na","na","na"
"FOODGLE HUB PTE. LTD.","SW13O86B000","2 COLLEGE AVENUE WEST #01-06 EDUSPORTS UNIVERSITY TOWN NUS SINGAPORE 138607","A","na","na","na"
"ASTON FOOD & BEVERAGE SPECIALITIES PTE. LTD.","SW12N87N010","2 COLLEGE AVENUE WEST #02-01 UNIVERSITY TOWN NUS EDUSPORTS SINGAPORE 138607","A","na","na","na"
"CHODEE FOOD HOLDINGS PTE. LTD.","SW12N87N007","2 COLLEGE AVENUE WEST #02-01 UNIVERSITY TOWN NUS EDUSPORTS SINGAPORE 138607","B","na","na","na"
"DOUGLAS NG CHEN YONG (HUANG ZHENGYONG)","SW12N87N004","2 COLLEGE AVENUE WEST #02-01 UNIVERSITY TOWN NUS EDUSPORTS SINGAPORE 138607","A","na","na","na"
"FOOD AMAZE PTE. LTD.","SW12N87N006","2 COLLEGE AVENUE WEST #02-01 UNIVERSITY TOWN NUS EDUSPORTS SINGAPORE 138607","A","na","na","na"
"GS2 F&B PTE. LTD.","SW12N87N002","2 COLLEGE AVENUE WEST #02-01 UNIVERSITY TOWN NUS EDUSPORTS SINGAPORE 138607","A","na","na","na"
"KAN KOCK KUAN","SW12N87N003","2 COLLEGE AVENUE WEST #02-01 UNIVERSITY TOWN NUS EDUSPORTS SINGAPORE 138607","B","6","na","na"
"KIMLY FOOD HOLDINGS PTE. LTD.","SW12N87N005","2 COLLEGE AVENUE WEST #02-01 UNIVERSITY TOWN NUS EDUSPORTS SINGAPORE 138607","B","na","na","na"
"KIMLY FOOD HOLDINGS PTE. LTD.","SW12N87N001","2 COLLEGE AVENUE WEST #02-01 UNIVERSITY TOWN NUS EDUSPORTS SINGAPORE 138607","A","na","na","na"
"NIE MIN","SW12N87N008","2 COLLEGE AVENUE WEST #02-01 UNIVERSITY TOWN NUS EDUSPORTS SINGAPORE 138607","A","na","na","na"
"SI HAI XIANG GROUP PTE. LTD.","SW12N87N009","2 COLLEGE AVENUE WEST #02-01 UNIVERSITY TOWN NUS EDUSPORTS SINGAPORE 138607","B","6","na","na"
"CHIA PENG SENG","C01055P000","20 AYER RAJAH CRESCENT #01-01 SINGAPORE 139964","A","na","na","na"
"7TH HEAVEN FOOD CONCEPTS LLP","SW05180N007","20 CLEMENTI AVENUE 1 NUS HIGH SCHOOL OF MATH & SCIENCE SINGAPORE 129957","A","na","na","na"
"CHIA KOK LEONG","SW05180N008","20 CLEMENTI AVENUE 1 NUS HIGH SCHOOL OF MATH & SCIENCE SINGAPORE 129957","A","na","na","na"
"TOH YOK LAN","SW05180N005","20 CLEMENTI AVENUE 1 NUS HIGH SCHOOL OF MATH & SCIENCE SINGAPORE 129957","A","na","na","na"
"WONG CHUNG KEONG","SW05180N003","20 CLEMENTI AVENUE 1 NUS HIGH SCHOOL OF MATH & SCIENCE SINGAPORE 129957","A","na","na","na"
"FORMOSA DELIGHTS PTE LTD","C98132K000","20 CLEMENTI ROAD SINGAPORE 129749","A","na","na","na"
"SINGAPORE FOOD INDUSTRIES PTE. LTD.","SW15E34C000","20 COLLEGE AVENUE WEST #02-402 YALE-NUS COLLEGE NUS U-TOWN SINGAPORE 138529","A","na","na","na"
"ANG TECK YONG","C03015P000","20 HENG MUI KENG TERRACE 1st STOREY SHEARES HALL - NUS SINGAPORE 119618","B","na","na","na"
"ASHLEY VSH PTE. LTD","SW11B95E000","20 HENG MUI KENG TERRACE SHEARES HALL NUS (PART OF) SINGAPORE 119618","A","na","na","na"
"STARBUCKS COFFEE SINGAPORE PTE. LTD.","SW10420E000","20 PASIR PANJANG ROAD #02-11 MAPLETREE BUSINESS CITY SINGAPORE 117439","A","na","na","na"
"THE BAKERY DEPOT PTE LTD","SW10904V000","20 PASIR PANJANG ROAD #02-12 MAPLETREE BUSINESS CITY SINGAPORE 117439","A","na","na","na"
"SAGAR PTE. LTD.","SW10740B000","20 PASIR PANJANG ROAD #02-12A MAPLETREE BUSINESS CITY SINGAPORE 117439","B","na","na","na"
"COMMONWEALTH RETAIL CONCEPTS PTE. LTD.","SW10665L000","20 PASIR PANJANG ROAD #02-13 MAPLETREE BUSINESS CITY SINGAPORE 117439","A","na","na","na"
"ASTON FOOD & BEVERAGE SPECIALITIES PTE. LTD.","SW10683J000","20 PASIR PANJANG ROAD #02-15 MAPLETREE BUSINESS CITY SINGAPORE 117439","A","na","na","na"
"BENFRIS JOYFUL PTE. LTD.","SW10507P000","20 PASIR PANJANG ROAD #02-16 MAPLETREE BUSINESS CITY SINGAPORE 117439","A","na","na","na"
"FOODNATION 2 PTE. LTD.","SW10762L000","20 PASIR PANJANG ROAD #02-17 MAPLETREE BUSINESS CITY SINGAPORE 117439","A","na","na","na"
"CAI JIEYING JACQUELINE","SW10414B013","20 PASIR PANJANG ROAD #02-21 MAPLETREE BUSINESS CITY SINGAPORE 117439","B","na","na","na"
"DAY 'N' NIGHT HERBAL SOUP RESTAURANT PTE LTD","SW10414B008","20 PASIR PANJANG ROAD #02-21 MAPLETREE BUSINESS CITY SINGAPORE 117439","B","na","na","na"
"LIM HOCK CHEE","SW10414B001","20 PASIR PANJANG ROAD #02-21 MAPLETREE BUSINESS CITY SINGAPORE 117439","B","na","na","na"
"LIM HOCK CHEE","SW10414B011","20 PASIR PANJANG ROAD #02-21 MAPLETREE BUSINESS CITY SINGAPORE 117439","B","na","na","na"
"PESHWAI FOODS PTE. LTD.","SW10414B007","20 PASIR PANJANG ROAD #02-21 MAPLETREE BUSINESS CITY SINGAPORE 117439","B","na","na","na"
"SONG HUAT CATERING & SUPPLIER PTE LTD","SW10414B010","20 PASIR PANJANG ROAD #02-21 MAPLETREE BUSINESS CITY SINGAPORE 117439","B","na","na","na"
"SONG KAR CHUAN","SW10414B009","20 PASIR PANJANG ROAD #02-21 MAPLETREE BUSINESS CITY SINGAPORE 117439","B","na","na","na"
"TAY KIANG TEE","SW10414B006","20 PASIR PANJANG ROAD #02-21 MAPLETREE BUSINESS CITY SINGAPORE 117439","B","na","na","na"
"TIAN SHIJUN","SW10414B004","20 PASIR PANJANG ROAD #02-21 MAPLETREE BUSINESS CITY SINGAPORE 117439","A","na","na","na"
"TOCK POH LIAN","SW10414B012","20 PASIR PANJANG ROAD #02-21 MAPLETREE BUSINESS CITY SINGAPORE 117439","A","na","na","na"
"WU QIFENG","SW10414B005","20 PASIR PANJANG ROAD #02-21 MAPLETREE BUSINESS CITY SINGAPORE 117439","B","na","na","na"
"ZHANG BOTENG","SW10414B003","20 PASIR PANJANG ROAD #02-21 MAPLETREE BUSINESS CITY SINGAPORE 117439","B","na","na","na"
"SUNMET (SINGAPORE) PTE. LTD","C97031C000","20 SCIENCE PARK #01-11 TELETECH PARK S'PORE SCIENCE PARK II SINGAPORE 117674","B","na","na","na"
"LEOW BOON KOK","C02131X000","20 SCIENCE PARK DRIVE DSO NATIONAL LABORATORIES SINGAPORE 118230","A","na","na","na"
"IFOOD PTE LTD","C01186X000","21 LOWER KENT RIDGE ROAD #01-20 BLK EA FACULTY OF ENGINEERING - NUS SINGAPORE 119077","A","na","na","na"
"LEGENDS ESPRESSO (PRIVATE) LIMITED","C00075P000","21 LOWER KENT RIDGE ROAD FACULTY OF ARTS & SOCIAL SCIENCES BLK AS2 NUS SINGAPORE 119077","A","na","na","na"
"FOCACCIA FOODS PTE. LTD.","C78063A004","21 LOWER KENT RIDGE ROAD LEVEL 2 YUSOF ISHAK HOUSE - NUS SINGAPORE 119077","A","na","na","na"
"FOOD JUNCTION SINGAPORE PTE LTD","C78063A003","21 LOWER KENT RIDGE ROAD LEVEL 2 YUSOF ISHAK HOUSE - NUS SINGAPORE 119077","B","na","na","na"
"FOOD JUNCTION SINGAPORE PTE LTD","C78063A007","21 LOWER KENT RIDGE ROAD LEVEL 2 YUSOF ISHAK HOUSE - NUS SINGAPORE 119077","A","na","na","na"
"ROYAL T GROUP PTE. LTD.","C78063A008","21 LOWER KENT RIDGE ROAD LEVEL 2 YUSOF ISHAK HOUSE - NUS SINGAPORE 119077","A","na","na","na"
"WANG XUELAN","C78063A006","21 LOWER KENT RIDGE ROAD LEVEL 2 YUSOF ISHAK HOUSE - NUS SINGAPORE 119077","A","na","na","na"
"WOOLEEJEEP PTE. LTD.","C78063A001","21 LOWER KENT RIDGE ROAD LEVEL 2 YUSOF ISHAK HOUSE - NUS SINGAPORE 119077","A","na","na","na"
"ZHEN CHEN TRADING PTE. LTD.","C78063A002","21 LOWER KENT RIDGE ROAD LEVEL 2 YUSOF ISHAK HOUSE - NUS SINGAPORE 119077","A","na","na","na"
"FOOD PARADISE ENTERPRISE PTE. LTD.","SW07176L001","21 LOWER KENT RIDGE ROAD NUS - THE DECK (LEVEL 2) SINGAPORE 119077","A","na","na","na"
"INDONESIAN EXPRESS PTE. LTD.","SW07176L003","21 LOWER KENT RIDGE ROAD NUS - THE DECK (LEVEL 2) SINGAPORE 119077","A","na","na","na"
"MEGA 7 FOOD INDUSTRY PTE. LTD","SW07176L002","21 LOWER KENT RIDGE ROAD NUS - THE DECK (LEVEL 2) SINGAPORE 119077","A","na","na","na"
"ARRON INBARAJ","C81069L008","21 LOWER KENT RIDGE ROAD NUS CANTEEN 4 -FRONTIER FACULTY OF SCIENCE SINGAPORE 119077","B","na","na","na"
"CHUA KAY BOON","C81069L011","21 LOWER KENT RIDGE ROAD NUS CANTEEN 4 -FRONTIER FACULTY OF SCIENCE SINGAPORE 119077","B","na","na","na"
"FOOD AMAZE PTE. LTD.","C81069L006","21 LOWER KENT RIDGE ROAD NUS CANTEEN 4 -FRONTIER FACULTY OF SCIENCE SINGAPORE 119077","B","na","na","na"
"JOO HWANG KYUNG WON","C81069L007","21 LOWER KENT RIDGE ROAD NUS CANTEEN 4 -FRONTIER FACULTY OF SCIENCE SINGAPORE 119077","B","na","na","na"
"JOSEPH KOH YORK SEK","C81069L003","21 LOWER KENT RIDGE ROAD NUS CANTEEN 4 -FRONTIER FACULTY OF SCIENCE SINGAPORE 119077","A","na","na","na"
"KWEK AH THONG","C81069L004","21 LOWER KENT RIDGE ROAD NUS CANTEEN 4 -FRONTIER FACULTY OF SCIENCE SINGAPORE 119077","B","na","na","na"
"LEE MAY CHAI","C81069L009","21 LOWER KENT RIDGE ROAD NUS CANTEEN 4 -FRONTIER FACULTY OF SCIENCE SINGAPORE 119077","B","na","na","na"
"NUR BAIZURAH BINTE HAMZAH","C81069L005","21 LOWER KENT RIDGE ROAD NUS CANTEEN 4 -FRONTIER FACULTY OF SCIENCE SINGAPORE 119077","B","na","na","na"
"SPINELLI PTE LTD","C81069L013","21 LOWER KENT RIDGE ROAD NUS CANTEEN 4 -FRONTIER FACULTY OF SCIENCE SINGAPORE 119077","A","na","na","na"
"TAN MENG SAN","C81069L012","21 LOWER KENT RIDGE ROAD NUS CANTEEN 4 -FRONTIER FACULTY OF SCIENCE SINGAPORE 119077","B","na","na","na"
"WANG DUO","C81069L001","21 LOWER KENT RIDGE ROAD NUS CANTEEN 4 -FRONTIER FACULTY OF SCIENCE SINGAPORE 119077","B","na","na","na"
"WONG KAI HENG","C81069L002","21 LOWER KENT RIDGE ROAD NUS CANTEEN 4 -FRONTIER FACULTY OF SCIENCE SINGAPORE 119077","B","na","na","na"
"YEO PHECK GEOK","C81069L010","21 LOWER KENT RIDGE ROAD NUS CANTEEN 4 -FRONTIER FACULTY OF SCIENCE SINGAPORE 119077","B","na","na","na"
"AW CHEOW HUAT","C76060A002","21 LOWER KENT RIDGE ROAD Techno Edge (Faculty of Engineering) NUS Canteen 1 SINGAPORE 119077","A","na","na","na"
"CHING AH BAH","C76060A005","21 LOWER KENT RIDGE ROAD Techno Edge (Faculty of Engineering) NUS Canteen 1 SINGAPORE 119077","A","na","na","na"
"FARIDAH BINTI JAFFAR","C76060A013","21 LOWER KENT RIDGE ROAD Techno Edge (Faculty of Engineering) NUS Canteen 1 SINGAPORE 119077","B","na","na","na"
"KANEDA JAPANESE CUISINE LLP","C76060A006","21 LOWER KENT RIDGE ROAD Techno Edge (Faculty of Engineering) NUS Canteen 1 SINGAPORE 119077","A","na","na","na"
"LAI CHENG BOON","C76060A003","21 LOWER KENT RIDGE ROAD Techno Edge (Faculty of Engineering) NUS Canteen 1 SINGAPORE 119077","A","na","na","na"
"LEE MAY CHAI","C76060A012","21 LOWER KENT RIDGE ROAD Techno Edge (Faculty of Engineering) NUS Canteen 1 SINGAPORE 119077","A","na","na","na"
"NG SONG CHIAW","C76060A007","21 LOWER KENT RIDGE ROAD Techno Edge (Faculty of Engineering) NUS Canteen 1 SINGAPORE 119077","A","na","na","na"
"OON KOK WEE","C76060A004","21 LOWER KENT RIDGE ROAD Techno Edge (Faculty of Engineering) NUS Canteen 1 SINGAPORE 119077","A","na","na","na"
"SARAVANAN S/O NADARAJAN","C76060A011","21 LOWER KENT RIDGE ROAD Techno Edge (Faculty of Engineering) NUS Canteen 1 SINGAPORE 119077","B","na","na","na"
"SETON LIN","C76060A014","21 LOWER KENT RIDGE ROAD Techno Edge (Faculty of Engineering) NUS Canteen 1 SINGAPORE 119077","A","na","na","na"
"SOH HOE ANN","C76060A009","21 LOWER KENT RIDGE ROAD Techno Edge (Faculty of Engineering) NUS Canteen 1 SINGAPORE 119077","B","na","na","na"
"TEO KHIAN LYE","C76060A010","21 LOWER KENT RIDGE ROAD Techno Edge (Faculty of Engineering) NUS Canteen 1 SINGAPORE 119077","A","na","na","na"
"WONG LEE CHOO","C76060A001","21 LOWER KENT RIDGE ROAD Techno Edge (Faculty of Engineering) NUS Canteen 1 SINGAPORE 119077","A","na","na","na"
"WONG SIEW MEI","C76060A008","21 LOWER KENT RIDGE ROAD Techno Edge (Faculty of Engineering) NUS Canteen 1 SINGAPORE 119077","A","na","na","na"
"ANG MUI KEE","C81041N009","21 LOWER KENT RIDGE ROAD THE DECK FACULTY OF ART & SOCIAL SCIENCES SINGAPORE 119077","A","na","na","na"
"CHUA KAY CHEE","C81041N012","21 LOWER KENT RIDGE ROAD THE DECK FACULTY OF ART & SOCIAL SCIENCES SINGAPORE 119077","A","na","na","na"
"CHUA KIM BUAY","C81041N007","21 LOWER KENT RIDGE ROAD THE DECK FACULTY OF ART & SOCIAL SCIENCES SINGAPORE 119077","A","na","na","na"
"CHUA SUI TEE","C81041N013","21 LOWER KENT RIDGE ROAD THE DECK FACULTY OF ART & SOCIAL SCIENCES SINGAPORE 119077","A","na","na","na"
"KHNG SIEW CHOO","C81041N004","21 LOWER KENT RIDGE ROAD THE DECK FACULTY OF ART & SOCIAL SCIENCES SINGAPORE 119077","A","na","na","na"
"LEE KIN SUA","C81041N002","21 LOWER KENT RIDGE ROAD THE DECK FACULTY OF ART & SOCIAL SCIENCES SINGAPORE 119077","B","na","na","na"
"LEE KOOY TEE","C81041N001","21 LOWER KENT RIDGE ROAD THE DECK FACULTY OF ART & SOCIAL SCIENCES SINGAPORE 119077","A","na","na","na"
"NG LAI TECK","C81041N005","21 LOWER KENT RIDGE ROAD THE DECK FACULTY OF ART & SOCIAL SCIENCES SINGAPORE 119077","B","na","na","na"
"SAAMAH BINTE OTHMAN","C81041N011","21 LOWER KENT RIDGE ROAD THE DECK FACULTY OF ART & SOCIAL SCIENCES SINGAPORE 119077","B","na","na","na"
"SARAVANAN S/O NADARAJAN","C81041N010","21 LOWER KENT RIDGE ROAD THE DECK FACULTY OF ART & SOCIAL SCIENCES SINGAPORE 119077","A","na","na","na"
"WONG HIN TENG","C81041N003","21 LOWER KENT RIDGE ROAD THE DECK FACULTY OF ART & SOCIAL SCIENCES SINGAPORE 119077","A","na","na","na"
"CHENG JUNJIE","C84152A004","21 LOWER KENT RIDGE ROAD THE TERRACE SCH OF COMPUTING NUS BUSINESS SCH SINGAPORE 119077","B","na","na","na"
"DICKSON''S CORNER PTE. LTD.","C84152A010","21 LOWER KENT RIDGE ROAD THE TERRACE SCH OF COMPUTING NUS BUSINESS SCH SINGAPORE 119077","A","na","na","na"
"GENG JIANWEI","C84152A001","21 LOWER KENT RIDGE ROAD THE TERRACE SCH OF COMPUTING NUS BUSINESS SCH SINGAPORE 119077","B","na","na","na"
"HAE BOK'S KOREAN RESTAURANT PTE LTD","C84152A006","21 LOWER KENT RIDGE ROAD THE TERRACE SCH OF COMPUTING NUS BUSINESS SCH SINGAPORE 119077","A","na","na","na"
"HOSNUL HOTIMAH","C84152A007","21 LOWER KENT RIDGE ROAD THE TERRACE SCH OF COMPUTING NUS BUSINESS SCH SINGAPORE 119077","A","na","na","na"
"KOH HUI KENG","C84152A008","21 LOWER KENT RIDGE ROAD THE TERRACE SCH OF COMPUTING NUS BUSINESS SCH SINGAPORE 119077","A","na","na","na"
"NOORHAYATI BINTE JALIL","C84152A003","21 LOWER KENT RIDGE ROAD THE TERRACE SCH OF COMPUTING NUS BUSINESS SCH SINGAPORE 119077","B","na","na","na"
"PHAN WAI MEI","C84152A005","21 LOWER KENT RIDGE ROAD THE TERRACE SCH OF COMPUTING NUS BUSINESS SCH SINGAPORE 119077","A","na","na","na"
"SOH KENG SOON","C84152A011","21 LOWER KENT RIDGE ROAD THE TERRACE SCH OF COMPUTING NUS BUSINESS SCH SINGAPORE 119077","A","na","na","na"
"SVK FOOD PTE. LTD.","C84152A002","21 LOWER KENT RIDGE ROAD THE TERRACE SCH OF COMPUTING NUS BUSINESS SCH SINGAPORE 119077","B","6","na","na"
"TAN BEE LENG","C84152A012","21 LOWER KENT RIDGE ROAD THE TERRACE SCH OF COMPUTING NUS BUSINESS SCH SINGAPORE 119077","A","na","na","na"
"SPINELLI PTE LTD","SW05062B000","21 LOWER KENT RIDGE ROAD UNIVERSITY HALL SINGAPORE 119077","A","na","na","na"
"BETTA EAT MO PTE LTD","C97097L000","21 SCIENCE PARK ROAD #01-01 THE AQUARIUS (SCIENCE PARK II) SINGAPORE 117628","A","na","na","na"
"THE PIRATE SHEEP PTE. LTD.","SW15D59N000","218 PASIR PANJANG ROAD #01-03 ICON @ PASIR PANJANG SINGAPORE 118579","A","na","na","na"
"VILLAGE FOOD EMPIRE PTE. LTD","SW15E03X000","218 PASIR PANJANG ROAD #01-12 ICON @ PASIR PANJANG SINGAPORE 118579","A","na","na","na"
"FONG YEW BAN","C87135A001","22 CLEMENTI ROAD SINGAPORE 129751","B","na","na","na"
"FONG YEW BAN","C87135A000","22 CLEMENTI ROAD SINGAPORE 129751","B","na","na","na"
"99 BUONA VISTA KITCHEN PTE. LTD.","C93182J000","22 SOUTH BUONA VISTA ROAD SINGAPORE 118156","B","na","na","na"
"GREAT CHEF HONG KONG KITCHEN PTE. LTD.","SW11341P000","24 CLEMENTI ROAD SINGAPORE 129753","B","6","na","na"
"COMPASS GROUP (SINGAPORE) PTE. LTD.","SW11502X000","24 COLLEGE AVENUE EAST #01-01 UNIVERSITY TOWN - NUS SINGAPORE 138596","A","na","na","na"
"CHEERS HOLDINGS (2004) PTE. LTD.","C99022L000","242A PASIR PANJANG ROAD SINGAPORE 118598","A","na","na","na"
"JAYARAMAN MANOHARAN","C01076E003","27 PRINCE GEORGE'S PARK PRINCE GEORGE'S PARK RESIDENCES 1ST & 2ND STY NUS SINGAPORE 118425","B","na","na","na"
"LIU LIHUA @LIU JIANHUA","C01076E008","27 PRINCE GEORGE'S PARK PRINCE GEORGE'S PARK RESIDENCES 1ST & 2ND STY NUS SINGAPORE 118425","A","na","na","na"
"PINES FOOD DELIGHT PTE. LTD.","C01076E011","27 PRINCE GEORGE'S PARK PRINCE GEORGE'S PARK RESIDENCES 1ST & 2ND STY NUS SINGAPORE 118425","A","na","na","na"
"PINES FOOD DELIGHT PTE. LTD.","C01076E001","27 PRINCE GEORGE'S PARK PRINCE GEORGE'S PARK RESIDENCES 1ST & 2ND STY NUS SINGAPORE 118425","A","na","na","na"
"SHU XIANG PTE. LTD.","C01076E009","27 PRINCE GEORGE'S PARK PRINCE GEORGE'S PARK RESIDENCES 1ST & 2ND STY NUS SINGAPORE 118425","B","na","na","na"
"SHU XIANG PTE. LTD.","C01076E004","27 PRINCE GEORGE'S PARK PRINCE GEORGE'S PARK RESIDENCES 1ST & 2ND STY NUS SINGAPORE 118425","A","na","na","na"
"SOH (SOURCE OF HEALTH) FOOD PTE. LTD.","C01076E007","27 PRINCE GEORGE'S PARK PRINCE GEORGE'S PARK RESIDENCES 1ST & 2ND STY NUS SINGAPORE 118425","A","na","na","na"
"SVK FOOD PTE. LTD.","C01076E002","27 PRINCE GEORGE'S PARK PRINCE GEORGE'S PARK RESIDENCES 1ST & 2ND STY NUS SINGAPORE 118425","B","na","na","na"
"TAKAGI RAMEN PTE. LTD.","C01076E006","27 PRINCE GEORGE'S PARK PRINCE GEORGE'S PARK RESIDENCES 1ST & 2ND STY NUS SINGAPORE 118425","A","na","na","na"
"TING F & B INVESTMENT MANAGEMENT PTE. LTD.","C01076E010","27 PRINCE GEORGE'S PARK PRINCE GEORGE'S PARK RESIDENCES 1ST & 2ND STY NUS SINGAPORE 118425","B","na","na","na"
"CHENG & CHENG TRADING FAR EAST (SINGAPORE) LLP","SW11B87E000","28 CLEMENTI ROAD SINGAPORE 129754","A","na","na","na"
"CHAMBER FINE FOOD PTE. LTD.","SW15980A005","3 HARBOUR DRIVE LEVEL 3 PASIR PANJANG TERMINAL BUILDING 3 SINGAPORE 117404","B","na","na","na"
"KIMLY FOOD HOLDINGS PTE. LTD.","SW07222L000","3 SCIENCE DRIVE 2 FACULTY OF SCIENCE BLK S16 - NUS SINGAPORE 117543","A","na","na","na"
"SUBS UT PTE. LTD","SW13O76E000","3 SCIENCE DRIVE 2 FACULTY OF SCIENCE LT 25 (LEVEL 1) NUS SINGAPORE 117543","A","na","na","na"
"WU YUE INTERNATIONAL PTE. LTD.","C82107C000","30 LOWER KENT RIDGE ROAD NUS - STAFF CLUB (1ST STOREY) SINGAPORE 119075","B","na","na","na"
"02 BB PTE. LTD.","CE09536C000","301 COMMONWEALTH AVENUE #02-01 QUEENSTOWN MRT STATION SINGAPORE 149729","B","4","na","na"
"JIABAO FOOD SERVICE (PTE LTD)","CE09764E000","301 COMMONWEALTH AVENUE #02-02 QUEENSTOWN MRT STATION SINGAPORE 149729","B","na","na","na"
"COLD STORAGE SINGAPORE (1983) PTE LTD","CE09513X000","301 COMMONWEALTH AVENUE #02-03/04 QUEENSTOWN MRT STATION SINGAPORE 149729","A","na","na","na"
"MR BEAN INTERNATIONAL PTE. LTD.","CE09718X000","301 COMMONWEALTH AVENUE #02-05 QUEENSTOWN MRT STATION SINGAPORE 149729","A","na","na","na"
"BREADTALK PTE LTD","CE09504V000","301 COMMONWEALTH AVENUE #02-06 QUEENSTOWN MRT STATION SINGAPORE 149729","A","na","na","na"
"HAJIS BIN AHMAD","C78140J004","308 CLEMENTI AVENUE 4 #01-335 SINGAPORE 120308","B","na","na","na"
"NG WOEI SIANG","C78140J003","308 CLEMENTI AVENUE 4 #01-335 SINGAPORE 120308","B","na","na","na"
"NTH VENTURE LLP","C78140J006","308 CLEMENTI AVENUE 4 #01-335 SINGAPORE 120308","B","na","na","na"
"SF INVESTMENT HOLDING PTE. LTD.","C78140J002","308 CLEMENTI AVENUE 4 #01-335 SINGAPORE 120308","B","4","na","na"
"SF INVESTMENT HOLDING PTE. LTD.","C78140J001","308 CLEMENTI AVENUE 4 #01-335 SINGAPORE 120308","A","na","na","na"
"SF INVESTMENT HOLDING PTE. LTD.","C78140J008","308 CLEMENTI AVENUE 4 #01-335 SINGAPORE 120308","B","6","na","na"
"SF INVESTMENT HOLDING PTE. LTD.","C78140J007","308 CLEMENTI AVENUE 4 #01-335 SINGAPORE 120308","B","na","na","na"
"TOH TIAN SENG ( ZHUO TIANCHENG )","C78140J005","308 CLEMENTI AVENUE 4 #01-335 SINGAPORE 120308","B","na","na","na"
"TAN HOCK PENG","SW04183P000","308 CLEMENTI AVENUE 4 #01-349 SINGAPORE 120308","B","na","na","na"
"LEE TECK MENG","C79144N004","308 CLEMENTI AVENUE 4 #01-361 SINGAPORE 120308","B","na","na","na"
"LEI YUEN COFFEE & TEA PTE. LTD.","C79144N007","308 CLEMENTI AVENUE 4 #01-361 SINGAPORE 120308","B","na","na","na"
"LEI YUEN COFFEE & TEA PTE. LTD.","C79144N003","308 CLEMENTI AVENUE 4 #01-361 SINGAPORE 120308","B","na","na","na"
"LEI YUEN COFFEE & TEA PTE. LTD.","C79144N008","308 CLEMENTI AVENUE 4 #01-361 SINGAPORE 120308","B","na","na","na"
"LEI YUEN COFFEE & TEA PTE. LTD.","C79144N001","308 CLEMENTI AVENUE 4 #01-361 SINGAPORE 120308","B","na","na","na"
"YANG LING","C79144N005","308 CLEMENTI AVENUE 4 #01-361 SINGAPORE 120308","B","na","na","na"
"COLD STORAGE SINGAPORE (1983) PTE LTD","SW06095V000","31 LOWER KENT RIDGE ROAD #01-03 YUSOF ISHAK HOUSE SINGAPORE 119078","A","na","na","na"
"GDA PIZZA YIH PTE. LTD","SW06023J000","31 LOWER KENT RIDGE ROAD #01-04 YUSOF ISHAK HOUSE SINGAPORE 119078","A","na","na","na"
"TEN & HAN TRADING PTE LTD","SW06004N000","31 LOWER KENT RIDGE ROAD #01-05 YUSOF ISHAK HOUSE - NUS SINGAPORE 119078","A","na","na","na"
"SUBS YIH PTE. LTD.","SW06461P000","31 LOWER KENT RIDGE ROAD #01-06 YUSOF ISHAK HOUSE SINGAPORE 119078","A","na","na","na"
"STARBUCKS COFFEE SINGAPORE PTE. LTD.","C89072B000","31 LOWER KENT RIDGE ROAD #03-07 YUSOF ISHAK HOUSE NUS SINGAPORE 119078","A","na","na","na"
"BIBJAN BTE ALI ZAMAN","W85265K007","310 MARGARET DRIVE QUEENSTOWN PRIMARY SCHOOL SINGAPORE 149303","A","na","na","na"
"CHAN TAI SENG","W85265K001","310 MARGARET DRIVE QUEENSTOWN PRIMARY SCHOOL SINGAPORE 149303","A","na","na","na"
"CHEONG SIEW KUM","W85265K008","310 MARGARET DRIVE QUEENSTOWN PRIMARY SCHOOL SINGAPORE 149303","A","na","na","na"
"CHIANG MENG TYE","W85265K004","310 MARGARET DRIVE QUEENSTOWN PRIMARY SCHOOL SINGAPORE 149303","A","na","na","na"
"Herbert B. Santa Maria","W85265K005","310 MARGARET DRIVE QUEENSTOWN PRIMARY SCHOOL SINGAPORE 149303","A","na","na","na"
"LIE MEI CEN","W85265K003","310 MARGARET DRIVE QUEENSTOWN PRIMARY SCHOOL SINGAPORE 149303","A","na","na","na"
"NABIHAH BINTE ELIAS","W85265K006","310 MARGARET DRIVE QUEENSTOWN PRIMARY SCHOOL SINGAPORE 149303","A","na","na","na"
"COLD STORAGE SINGAPORE (1983) PTE LTD","SW12D69L000","3150 COMMONWEALTH AVENUE WEST #02-01 CLEMENTI MRT STATION SINGAPORE 129580","A","na","na","na"
"BREADTALK PTE LTD","SW10A18B000","3155 COMMONWEALTH AVE WEST #01-01/02 THE CLEMENTI MALL SINGAPORE 129588","B","6","na","na"
"MCDONALD'S RESTAURANTS PTE. LTD.","SW10A23J000","3155 COMMONWEALTH AVE WEST #01-06/07/08/09 THE CLEMENTI MALL (2 LEVELS) SINGAPORE 129588","A","na","na","na"
"OOTOYA ASIA PACIFIC PTE. LTD.","SW11357A000","3155 COMMONWEALTH AVE WEST #03-53 THE CLEMENTI MALL SINGAPORE 129588","A","na","na","na"
"CRYSTAL JADE KITCHEN (C.M.) PTE. LTD.","SW11302J000","3155 COMMONWEALTH AVE WEST #03-54/55 THE CLEMENTI MALL SINGAPORE 129588","A","na","na","na"
"SOUP RESTAURANT SINGAPORE PTE. LTD","SW11361J000","3155 COMMONWEALTH AVE WEST #03-62/63 THE CLEMENTI MALL SINGAPORE 129588","A","na","na","na"
"STARBUCKS COFFEE SINGAPORE PTE. LTD.","SW11221J000","3155 COMMONWEALTH AVE WEST #03-K1/K2/K3 THE CLEMENTI MALL SINGAPORE 129588","A","na","na","na"
"CHANG CHENG FOOD PARADISE PTE. LTD.","SW11234V004","3155 COMMONWEALTH AVE WEST #04-20 THE CLEMENTI MALL SINGAPORE 129588","A","na","na","na"
"CHEN RONG","SW11234V015","3155 COMMONWEALTH AVE WEST #04-20 THE CLEMENTI MALL SINGAPORE 129588","A","na","na","na"
"GAN HOCK LIM","SW11234V013","3155 COMMONWEALTH AVE WEST #04-20 THE CLEMENTI MALL SINGAPORE 129588","A","na","na","na"
"I & R ASIAN FOOD PTE. LTD.","SW11234V007","3155 COMMONWEALTH AVE WEST #04-20 THE CLEMENTI MALL SINGAPORE 129588","A","na","na","na"
"LAI YUHAO","SW11234V010","3155 COMMONWEALTH AVE WEST #04-20 THE CLEMENTI MALL SINGAPORE 129588","A","na","na","na"
"LONGEN PTE. LTD.","SW11234V002","3155 COMMONWEALTH AVE WEST #04-20 THE CLEMENTI MALL SINGAPORE 129588","A","na","na","na"
"NEW HOPE F&B LLP","SW11234V003","3155 COMMONWEALTH AVE WEST #04-20 THE CLEMENTI MALL SINGAPORE 129588","A","na","na","na"
"NTUC FOODFARE CO-OPERATIVE LTD","SW11234V017","3155 COMMONWEALTH AVE WEST #04-20 THE CLEMENTI MALL SINGAPORE 129588","A","na","na","na"
"SFBI (ASIA-PACIFIC) PTE. LTD.","SW11234V016","3155 COMMONWEALTH AVE WEST #04-20 THE CLEMENTI MALL SINGAPORE 129588","A","na","na","na"
"SHINKO IMPORT & EXPORT PTE LTD","SW11234V001","3155 COMMONWEALTH AVE WEST #04-20 THE CLEMENTI MALL SINGAPORE 129588","A","na","na","na"
"SOUP KITCHEN FOOD & BEVERAGE LLP","SW11234V006","3155 COMMONWEALTH AVE WEST #04-20 THE CLEMENTI MALL SINGAPORE 129588","A","na","na","na"
"SUTOPO LAI HWA KENSY","SW11234V011","3155 COMMONWEALTH AVE WEST #04-20 THE CLEMENTI MALL SINGAPORE 129588","A","na","na","na"
"THYE HONG EATERIES PTE. LTD.","SW11234V009","3155 COMMONWEALTH AVE WEST #04-20 THE CLEMENTI MALL SINGAPORE 129588","A","6","na","na"
"FISH & CO. RESTAURANTS PTE. LTD.","SW11190K000","3155 COMMONWEALTH AVE WEST #04-34 THE CLEMENTI MALL SINGAPORE 129588","A","na","na","na"
"HARVEST HOLDING PTE LTD","SW11309P000","3155 COMMONWEALTH AVE WEST #05-18/19/20 THE CLEMENTI MALL SINGAPORE 129588","A","na","na","na"
"R E & S ENTERPRISES PTE LTD","SW11271K000","3155 COMMONWEALTH AVE WEST #05-28/29/30 THE CLEMENTI MALL SINGAPORE 129588","A","na","na","na"
"ABR HOLDINGS LIMITED","SW11314A000","3155 COMMONWEALTH AVE WEST #05-31/32/33 THE CLEMENTI MALL SINGAPORE 129588","A","na","na","na"
"MINOR FOOD GROUP (SINGAPORE) PTE. LTD.","SW11115K000","3155 COMMONWEALTH AVE WEST #B1-08/09 THE CLEMENTI MALL SINGAPORE 129588","A","na","na","na"
"EAT. BUSINESS PTE. LTD.","SW10907N000","3155 COMMONWEALTH AVE WEST #B1-17/18 THE CLEMENTI MALL SINGAPORE 129588","B","na","na","na"
"OEDO FOOD SERVICES PTE LTD","SW10A24E000","3155 COMMONWEALTH AVE WEST #B1-19 THE CLEMENTI MALL SINGAPORE 129588","A","na","na","na"
"HAEFEST PTE. LTD.","SW10A25C000","3155 COMMONWEALTH AVE WEST #B1-21/22/23 THE CLEMENTI MALL SINGAPORE 129588","A","na","na","na"
"CUISINE OF CM PTE. LTD.","SW10A21L000","3155 COMMONWEALTH AVE WEST #B1-24/25 THE CLEMENTI MALL SINGAPORE 129588","A","na","na","na"
"BACHMANN JAPANESE RESTAURANT PTE LTD","SW11079E000","3155 COMMONWEALTH AVE WEST #B1-34/35 THE CLEMENTI MALL SINGAPORE 129588","A","na","na","na"
"ROYAL ONE PTE. LTD.","SW10A51A000","3155 COMMONWEALTH AVE WEST #B1-K1 THE CLEMENTI MALL SINGAPORE 129588","A","na","na","na"
"FOUR SEASONS DURIANS PTE LTD","SW11063A000","3155 COMMONWEALTH AVE WEST #B1-K10 THE CLEMENTI MALL SINGAPORE 129588","A","na","na","na"
"BAE FRANCHISE GROUP PTE. LTD.","SW11003B000","3155 COMMONWEALTH AVE WEST #B1-K11 & B1-K17 THE CLEMENTI MALL SINGAPORE 129588","A","na","na","na"
"LEE HOIE HOCK","SW11081X000","3155 COMMONWEALTH AVE WEST #B1-K12A THE CLEMENTI MALL SINGAPORE 129588","A","na","na","na"
"BENJAMIN GOH WEIJUN","SW10A41C000","3155 COMMONWEALTH AVE WEST #B1-K13 THE CLEMENTI MALL SINGAPORE 129588","B","na","na","na"
"THE FAMOUS AMOS CHOCOLATE CHIP COOKIE SINGAPORE PTE LTD","SW10A34B000","3155 COMMONWEALTH AVE WEST #B1-K2 THE CLEMENTI MALL SINGAPORE 129588","A","na","na","na"
"HO KEE PAU (SINGAPORE) PTE. LTD.","SW11057X000","3155 COMMONWEALTH AVE WEST #B1-K3 THE CLEMENTI MALL SINGAPORE 129588","A","na","na","na"
"SHENG KEE DESSERT PTE. LTD.","SW11004A000","3155 COMMONWEALTH AVE WEST #B1-K4/K5 THE CLEMENTI MALL SINGAPORE 129588","A","na","na","na"
"MR BEAN INTERNATIONAL PTE. LTD.","SW10A17C000","3155 COMMONWEALTH AVE WEST #B1-K7 THE CLEMENTI MALL SINGAPORE 129588","A","na","na","na"
"POLAR PUFFS & CAKES PTE LTD","SW10A22K000","3155 COMMONWEALTH AVE WEST #B1-K8 THE CLEMENTI MALL SINGAPORE 129588","A","na","na","na"
"BERRY BERRY PTE. LTD.","SW10A20N000","3155 COMMONWEALTH AVE WEST #B1-K9 THE CLEMENTI MALL SINGAPORE 129588","A","na","na","na"
"COLD STORAGE SINGAPORE (1983) PTE LTD","SW12I40J000","3155 COMMONWEALTH AVENUE WEST #01-03 THE CLEMENTI MALL SINGAPORE 129588","A","na","na","na"
"SCOOP & SCOOP PTE. LTD.","SW14062A000","3155 COMMONWEALTH AVENUE WEST #01-11 THE CLEMENTI MALL SINGAPORE 129588","A","na","na","na"
"SUNTEC FOOD & LEISURE PTE LTD","SW11436C000","3155 COMMONWEALTH AVENUE WEST #04-K1/K2 THE CLEMENTI MALL SINGAPORE 129588","A","na","na","na"
"GO SUSHI PTE. LTD.","SW10A27A000","3155 COMMONWEALTH AVENUE WEST #B1-30/31 THE CLEMENTI MALL SINGAPORE 129588","A","na","na","na"
"KENTUCKY FRIED CHICKEN MANAGEMENT PTE LTD","SW10A14K000","3155 COMMONWEALTH AVENUE WEST #B1-32/33 THE CLEMENTI MALL SINGAPORE 129588","A","na","na","na"
"LEE SEOH YONG","SW10954A000","3155 COMMONWEALTH AVENUE WEST #B1-K14 THE CLEMENTI MALL SINGAPORE 129588","B","na","na","na"
"YUMMI HOUSE PTE. LTD.","SW14A06A000","3155 COMMONWEALTH AVENUE WEST #B1-K15 THE CLEMENTI MALL SINGAPORE 129588","A","na","na","na"
"EASTERN RICE DUMPLING PTE. LTD.","SW12G39E000","3155 COMMONWEALTH AVENUE WEST #B1-K16 THE CLEMENTI MALL SINGAPORE 129588","A","na","na","na"
"TEN & HAN TRADING PTE LTD","SW11096C000","3155 COMMONWEALTH AVENUE WEST #B1-K6 THE CLEMENTI MALL SINGAPORE 129588","A","na","na","na"
"ZENSHO FOOD SINGAPORE PTE. LTD.","SW10A10X000","3155 THE CLEMENTI MALL #B1-28/29 COMMONWEALTH AVE WEST SINGAPORE 129588","A","na","na","na"
"SMOKEY'S BBQ (SUNSET) PTE. LTD.","C89038E000","32 SOUTH BUONA VISTA ROAD SINGAPORE 118161","A","na","na","na"
"Abdul Naseer s/o Abdul Hameed","SW03007K000","320 CLEMENTI AVENUE 4 #01-37 SINGAPORE 120320","B","na","na","na"
"OCTOBLUES PTE. LTD.","SW15550N000","321 CLEMENTI AVENUE 3 #01-02 (321 CLEMENTI) SINGAPORE 129905","A","na","na","na"
"TOASTIES GROUP PTE LTD","SW15862K000","321 CLEMENTI AVENUE 3 #01-10/11 321 CLEMENTI SINGAPORE 129905","A","na","na","na"
"SAKAE HOLDINGS LTD.","SW15645B000","321 CLEMENTI AVENUE 3 #01-12 321 CLEMENTI SINGAPORE 129905","A","na","na","na"
"SWEETEA FORTUNE PTE. LTD","SW15671V000","321 CLEMENTI AVENUE 3 #02-01 321 CLEMENTI SINGAPORE 129905","A","na","na","na"
"SINGAPORE SAIZERIYA PTE. LTD.","SW15591X000","321 CLEMENTI AVENUE 3 #02-05/06/07 (321 CLEMENTI) SINGAPORE 129905","A","na","na","na"
"MORVEN SOLUTIONS (SINGAPORE) PTE. LTD","SW15733C000","321 CLEMENTI AVENUE 3 #02-08 321 CLEMENTI SINGAPORE 129905","A","na","na","na"
"D & D FOOD AND BEVERAGE PTE. LTD","SW15764L000","321 CLEMENTI AVENUE 3 #02-09 (321 CLEMENTI) SINGAPORE 129905","A","na","na","na"
"MINOR FOOD GROUP (SINGAPORE) PTE. LTD.","SW15080K000","321 CLEMENTI AVENUE 3 #02-10 (321 CLEMENTI) SINGAPORE 129905","A","na","na","na"
"VONS DESSERT PTE. LTD.","SW15525P000","321 CLEMENTI AVENUE 3 #03-02 (321 CLEMENTI) SINGAPORE 129905","A","na","na","na"
"EW CINEMAS PTE. LTD.","SW14A28K000","321 CLEMENTI AVENUE 3 #03-03 EW CINEMAS 321 CLEMENTI SINGAPORE 129905","A","na","na","na"
"LIM HE CHAI","SW04122V000","325 CLEMENTI AVENUE 5 #01-143 SINGAPORE 120325","B","na","na","na"
"CHODEE FOOD HOLDINGS PTE. LTD.","C77091A001","325 CLEMENTI AVENUE 5 #01-155 SINGAPORE 120325","A","na","na","na"
"FEI SIONG (F&B) HOLDINGS PTE. LTD.","C77091A006","325 CLEMENTI AVENUE 5 #01-155 SINGAPORE 120325","A","na","na","na"
"HUA ZAI FOOD HOLDINGS PTE. LTD.","C77091A005","325 CLEMENTI AVENUE 5 #01-155 SINGAPORE 120325","B","na","na","na"
"KIMLY FOOD HOLDINGS PTE. LTD.","C77091A009","325 CLEMENTI AVENUE 5 #01-155 SINGAPORE 120325","B","na","na","na"
"KIMLY FOOD HOLDINGS PTE. LTD.","C77091A002","325 CLEMENTI AVENUE 5 #01-155 SINGAPORE 120325","A","na","na","na"
"KIMLY FOOD HOLDINGS PTE. LTD.","C77091A008","325 CLEMENTI AVENUE 5 #01-155 SINGAPORE 120325","B","na","na","na"
"SHI CAI HONG","C77091A007","325 CLEMENTI AVENUE 5 #01-155 SINGAPORE 120325","B","na","na","na"
"SHWE KANT KAW PTE. LTD.","C77091A004","325 CLEMENTI AVENUE 5 #01-155 SINGAPORE 120325","B","na","na","na"
"TAI PECK HAR","C77091A003","325 CLEMENTI AVENUE 5 #01-155 SINGAPORE 120325","B","na","na","na"
"SAKONTHAI KITCHEN PTE. LTD.","SW14235P000","328 CLEMENTI AVENUE 2 #01-186 SINGAPORE 120328","A","na","na","na"
"GATEAU PTE. LTD.","SW08439X000","328 CLEMENTI AVENUE 2 #01-190 SINGAPORE 120328","A","na","na","na"
"QEETRADE (SINGAPORE) PTE. LTD.","C02086P000","328 CLEMENTI AVENUE 2 #01-198 SINGAPORE 120328","A","na","na","na"
"COLD STORAGE SINGAPORE (1983) PTE LTD","SW07D72N000","328 PASIR PANJANG ROAD SINGAPORE 118654","A","na","na","na"
"FOOD SENSE PTE. LTD.","C97162E005","33 HARBOUR DRIVE PASIR PANJANG TERMINAL BUILDING 1 SINGAPORE 117606","B","na","na","na"
"FOOD SENSE PTE. LTD.","C97162E004","33 HARBOUR DRIVE PASIR PANJANG TERMINAL BUILDING 1 SINGAPORE 117606","B","na","na","na"
"FOOD SENSE PTE. LTD.","C97162E002","33 HARBOUR DRIVE PASIR PANJANG TERMINAL BUILDING 1 SINGAPORE 117606","B","na","na","na"
"FOOD SENSE PTE. LTD.","C97162E006","33 HARBOUR DRIVE PASIR PANJANG TERMINAL BUILDING 1 SINGAPORE 117606","B","na","na","na"
"FOOD SENSE PTE. LTD.","C97162E001","33 HARBOUR DRIVE PASIR PANJANG TERMINAL BUILDING 1 SINGAPORE 117606","B","na","na","na"
"TUNG AH HUN","C97162E003","33 HARBOUR DRIVE PASIR PANJANG TERMINAL BUILDING 1 SINGAPORE 117606","B","na","na","na"
"CCT ENTERPRISE PTE. LTD","SW08381V007","33 HARBOUR DRIVE PASIR PANJANG TERMINAL BUILDING 2 SINGAPORE 117606","B","na","na","na"
"SUTHA'S RESTAURANT PTE LTD","SW08381V004","33 HARBOUR DRIVE PASIR PANJANG TERMINAL BUILDING 2 SINGAPORE 117606","B","na","na","na"
"SEVENLICIOUS GRILL HOUSE PTE. LTD.","SW03057L000","33 PRINCE GEORGE'S PARK PRINCE GEORGE'S PARK RESIDENCES-NUS SINGAPORE 118428","A","na","na","na"
"JASVINDER SINGH","C75012B000","34 SOUTH BUONA VISTA ROAD SINGAPORE 118162","A","na","na","na"
"FEI SIONG (F&B) HOLDINGS PTE. LTD.","C78133E004","345 CLEMENTI AVENUE 5 #01-104 SINGAPORE 120345","B","na","na","na"
"KIMLY FOOD HOLDINGS PTE. LTD.","C78133E008","345 CLEMENTI AVENUE 5 #01-104 SINGAPORE 120345","A","na","na","na"
"KIMLY FOOD HOLDINGS PTE. LTD.","C78133E003","345 CLEMENTI AVENUE 5 #01-104 SINGAPORE 120345","B","na","na","na"
"KIMLY FOOD HOLDINGS PTE. LTD.","C78133E001","345 CLEMENTI AVENUE 5 #01-104 SINGAPORE 120345","B","na","na","na"
"KIMPO FOOD HOLDINGS PTE. LTD.","C78133E006","345 CLEMENTI AVENUE 5 #01-104 SINGAPORE 120345","B","na","na","na"
"NG CHUN HUAT","C78133E002","345 CLEMENTI AVENUE 5 #01-104 SINGAPORE 120345","B","na","na","na"
"QUEK THIAM HUAT","C78133E005","345 CLEMENTI AVENUE 5 #01-104 SINGAPORE 120345","B","na","na","na"
"TAN CHOO KONG","C78133E007","345 CLEMENTI AVENUE 5 #01-104 SINGAPORE 120345","B","na","na","na"
"KENTUCKY FRIED CHICKEN MANAGEMENT PTE LTD","SW09368E000","35 JALAN MAS PUTEH PASIR PANJANG GARDENS SINGAPORE 128635","A","na","na","na"
"JOJERIE PTE. LTD.","SW11A35N000","352 CLEMENTI AVENUE 2 #01-129 CLEMENTI AVENUE 2 SHOPPING CENTRE SINGAPORE 120352","A","na","na","na"
"A-POH KITCHEN PTE. LTD.","SW10707C000","354 CLEMENTI AVENUE 2 #01-223 CLEMENTI SHOPPING CENTRE SINGAPORE 120354","B","10","na","na"
"GARDENS ASSETS PTE. LTD","SW09453N000","354 CLEMENTI AVENUE 2 #01-235 CLEMENTI AVENUE 2 SHOPPING CENTRE SINGAPORE 120354","B","8","na","na"
"NHR INTERNATIONAL PTE. LTD.","SW07492P000","354 CLEMENTI AVENUE 2 #01-253 CLEMENTI AVENUE 2 SHOPPING CENTRE SINGAPORE 120354","B","na","na","na"
"EVERTOP CAFE & DINING ROOM PTE. LTD","SW09132V000","354 CLEMENTI AVENUE 2 #01-257 CLEMENTI AVENUE 2 SHOPPING CENTRE SINGAPORE 120354","B","na","na","na"
"EVERTOP HAINANESE BONELESS CHICKEN RICE PTE. LTD.","SW06273V000","354 CLEMENTI AVENUE 2 #01-259 CLEMENTI AVENUE 2 SHOPPING CENTRE SINGAPORE 120354","B","na","na","na"
"D'' SUCCESSO PTE. LTD.","SW13262X000","354 CLEMENTI AVENUE 2 PART OF #01-233 CLEMENTI AVENUE 2 SHOPPING CENTRE SINGAPORE 120354","A","na","na","na"
"HONG HOO RESTAURANT PTE. LTD.","SW14425J000","378 CLEMENTI AVENUE 5 #01-338 SINGAPORE 120378","B","na","na","na"
"CRAZY FOOD PTE. LTD.","C85251K000","38 SOUTH BUONA VISTA ROAD SINGAPORE 118164","A","na","na","na"
"W-39 BISTRO LLP","SW09761X000","39 JALAN MAS PUTEH PASIR PANJANG GARDENS SINGAPORE 128637","A","na","na","na"
"COMPASS GROUP (SINGAPORE) PTE. LTD.","SW12I59J000","4 COLLEGE AVENUE EAST UNIVERSITY TOWN NUS SINGAPORE 138613","A","na","na","na"
"SUBS UT PTE. LTD","SW13O77C000","4 ENGINEERING DRIVE 3 FACULTY OF ENGINEERING BLK E4 (LEVEL 4) NUS SINGAPORE 117583","A","na","na","na"
"ANG POH SEOW","C87083L000","404 PASIR PANJANG ROAD PASIR PANJANG INN SINGAPORE 118741","B","na","na","na"
"CHOW YOKE LIN","J03101P003","41 CLEMENTI AVENUE 1 NAN HUA HIGH SCHOOL SINGAPORE 129956","A","na","na","na"
"LEE CHENG WAH","J03101P005","41 CLEMENTI AVENUE 1 NAN HUA HIGH SCHOOL SINGAPORE 129956","A","na","na","na"
"RAHMAH BINTI AHMAD","J03101P007","41 CLEMENTI AVENUE 1 NAN HUA HIGH SCHOOL SINGAPORE 129956","A","na","na","na"
"THNG KWEE CHOO","J03101P008","41 CLEMENTI AVENUE 1 NAN HUA HIGH SCHOOL SINGAPORE 129956","A","na","na","na"
"WOO MAI ING","J03101P002","41 CLEMENTI AVENUE 1 NAN HUA HIGH SCHOOL SINGAPORE 129956","A","na","na","na"
"WOON LEE SANG","J03101P006","41 CLEMENTI AVENUE 1 NAN HUA HIGH SCHOOL SINGAPORE 129956","A","na","na","na"
"YU HAN YI","J03101P001","41 CLEMENTI AVENUE 1 NAN HUA HIGH SCHOOL SINGAPORE 129956","A","na","na","na"
"SOO YOKE LIEN DEBORAH JESSICA","C94088P000","41 SUNSET WAY #01-02 CLEMENTI ARCADE SINGAPORE 597071","A","na","na","na"
"THE DAILY SCOOP PTE.LTD.","NW04079C000","41 SUNSET WAY #01-04 CLEMENTI ARCADE SINGAPORE 597071","A","na","na","na"
"28CAFE PTE. LTD.","SW12N66B003","420A CLEMENTI AVENUE 1 #01-07 SINGAPORE 121420","B","na","na","na"
"28CAFE PTE. LTD.","SW12N66B004","420A CLEMENTI AVENUE 1 #01-07 SINGAPORE 121420","B","na","na","na"
"28CAFE PTE. LTD.","SW12N66B009","420A CLEMENTI AVENUE 1 #01-07 SINGAPORE 121420","A","na","na","na"
"28CAFE PTE. LTD.","SW12N66B005","420A CLEMENTI AVENUE 1 #01-07 SINGAPORE 121420","A","na","na","na"
"28CAFE PTE. LTD.","SW12N66B001","420A CLEMENTI AVENUE 1 #01-07 SINGAPORE 121420","A","na","na","na"
"CHANG CHENG FOOD PARADISE PTE. LTD.","SW12N66B010","420A CLEMENTI AVENUE 1 #01-07 SINGAPORE 121420","B","na","na","na"
"FAZIMAH ALYSHA BINTE OTHMAN","SW12N66B002","420A CLEMENTI AVENUE 1 #01-07 SINGAPORE 121420","A","na","na","na"
"TRILLIANZ VENTURE LLP","SW12N66B008","420A CLEMENTI AVENUE 1 #01-07 SINGAPORE 121420","A","na","na","na"
"CHIA KAR WING","C62008E000","435A CLEMENTI ROAD SINGAPORE 599474","B","na","na","na"
"SHAMIRA SHARIN BINTE MOHAMED AMEEN","SW11721A000","438 PASIR PANJANG ROAD SINGAPORE 118779","B","na","na","na"
"MCDONALD'S RESTAURANTS PTE. LTD.","SW11A10K000","441 COMMONWEALTH AVENUE WEST #01-01 CLEMENTI BUS INTERCHANGE SINGAPORE 120441","A","na","na","na"
"MONIKA","SW11992B000","441 COMMONWEALTH AVENUE WEST #01-03 CLEMENTI BUS INTERCHANGE SINGAPORE 120441","A","na","na","na"
"MUSA BIN MOHAMMED","SW11A68X000","441 COMMONWEALTH AVENUE WEST #01-04 CLEMENTI BUS INTERCHANGE SINGAPORE 120441","B","na","na","na"
"NATIONAL TRANSPORT WORKERS' UNION?","SW11928X000","441 COMMONWEALTH AVENUE WEST #02-05 CLEMENTI BUS INTERCHANGE SINGAPORE 120441","B","na","na","na"
"GOH HENG THO","C80187K007","442 CLEMENTI AVENUE 3 #01-121 SINGAPORE 120442","B","na","na","na"
"HOME EATERY PTE. LTD.","C80187K006","442 CLEMENTI AVENUE 3 #01-121 SINGAPORE 120442","B","na","na","na"
"JAB GLOBAL PTE. LTD.","C80187K009","442 CLEMENTI AVENUE 3 #01-121 SINGAPORE 120442","B","na","na","na"
"LIN YAFA","C80187K001","442 CLEMENTI AVENUE 3 #01-121 SINGAPORE 120442","B","na","na","na"
"PURE COFFEE HOUSE PTE. LTD.","C80187K008","442 CLEMENTI AVENUE 3 #01-121 SINGAPORE 120442","B","na","na","na"
"PURE COFFEE HOUSE PTE. LTD.","C80187K004","442 CLEMENTI AVENUE 3 #01-121 SINGAPORE 120442","B","na","na","na"
"SARIFAH BEE BINTE MOHD HUSSAIN","C80187K005","442 CLEMENTI AVENUE 3 #01-121 SINGAPORE 120442","B","na","na","na"
"TAN JEE HWA","C80187K002","442 CLEMENTI AVENUE 3 #01-121 SINGAPORE 120442","B","na","na","na"
"CHAN PAU TEE","SW10A04N000","442 CLEMENTI AVENUE 3 #01-83 (PART OF) SINGAPORE 120442","B","na","na","na"
"ROYAL ONE PTE. LTD.","C88083C000","442 CLEMENTI AVENUE 3 #01-87 (PART OF) SINGAPORE 120442","A","na","na","na"
"KOI CAFE GROUP (S) PTE. LTD.","J03043B000","443 CLEMENTI AVENUE 3 #01-67 PART OF SINGAPORE 120443","A","na","na","na"
"PREMIUM DELIGHTS PTE. LTD","SW15873C000","443 CLEMENTI AVENUE 3 #01-71 (PART OF) SINGAPORE 120443","A","na","na","na"
"139 TRADING PTE. LTD","SW15C73B000","447 CLEMENTI AVENUE 3 #01-209 (PART OF) - RIGHT UNIT SINGAPORE 120447","B","na","na","na"
"AL MUBARAK RESTAURANT PTE. LTD.","C80171C001","449 CLEMENTI AVENUE 3 #01-211 SINGAPORE 120449","B","na","na","na"
"ASIA GHANI RESTAURANT AND CATERING PTE. LTD.","C80171C006","449 CLEMENTI AVENUE 3 #01-211 SINGAPORE 120449","B","na","na","na"
"BADALING HOLDINGS PTE. LTD.","C80171C009","449 CLEMENTI AVENUE 3 #01-211 SINGAPORE 120449","B","na","na","na"
"BADALING HOLDINGS PTE. LTD.","C80171C003","449 CLEMENTI AVENUE 3 #01-211 SINGAPORE 120449","A","na","na","na"
"BADALING HOLDINGS PTE. LTD.","C80171C007","449 CLEMENTI AVENUE 3 #01-211 SINGAPORE 120449","B","na","na","na"
"BADALING HOLDINGS PTE. LTD.","C80171C008","449 CLEMENTI AVENUE 3 #01-211 SINGAPORE 120449","B","na","na","na"
"ERWIN DARMAN BIN ANIZAR","C80171C002","449 CLEMENTI AVENUE 3 #01-211 SINGAPORE 120449","A","na","na","na"
"FEI SIONG (F&B) HOLDINGS PTE. LTD.","C80171C004","449 CLEMENTI AVENUE 3 #01-211 SINGAPORE 120449","B","na","na","na"
"JAESEN NG KIM HUAT","C80171C005","449 CLEMENTI AVENUE 3 #01-211 SINGAPORE 120449","A","na","na","na"
"WAN HO KEUNG","SW10A12N000","449 CLEMENTI AVENUE 3 #01-235 PART OF SINGAPORE 120449","A","na","na","na"
"TEA PLUS SINGAPORE PTE. LTD.","SW07443L000","449 CLEMENTI AVENUE 3 #01-241 PART OF SINGAPORE 120449","A","na","na","na"
"JIND DIAN XI PTE. LTD.","C97112C000","449 CLEMENTI AVENUE 3 #01-265 (PART OF) SINGAPORE 120449","A","na","na","na"
"STARBUCKS COFFEE SINGAPORE PTE. LTD.","SW15A06N000","45 SCIENCE PARK ROAD #01-01 SINGAPORE 117407","A","na","na","na"
"PARINI VENTURE ASIA PTE. LTD.","SW15A80P000","45 SCIENCE PARK ROAD #01-02 SINGAPORE 117407","A","na","na","na"
"DING HENG KITCHEN PTE. LTD","SW15D93K000","45 SCIENCE PARK ROAD #01-03/04 SINGAPORE 117407","A","na","na","na"
"BANSAN COFFEE & TOAST PTE. LTD.","SW15A35C000","45 SCIENCE PARK ROAD #01-05 SINGAPORE 117407","A","na","na","na"
"CHOCOLAT N' SPICE PTE. LTD","SW15A81N000","45 SCIENCE PARK ROAD #01-07 SINGAPORE 117407","A","na","na","na"
"GLOBALWIZ PTE. LTD","SW15E05N000","45 SCIENCE PARK ROAD #01-09/10 SINGAPORE 117407","A","na","na","na"
"CHANG CHENG FOOD & BEVERAGE PTE. LTD.","C80170E002","450 CLEMENTI AVENUE 3 #01-305 SINGAPORE 120450","B","0","na","na"
"CHEONG LOK FOOD MARKETING PTE. LTD.","C80170E008","450 CLEMENTI AVENUE 3 #01-305 SINGAPORE 120450","B","na","na","na"
"CHODEE FOOD HOLDINGS PTE. LTD.","C80170E010","450 CLEMENTI AVENUE 3 #01-305 SINGAPORE 120450","B","na","na","na"
"GAO JI FOOD (S) PTE LTD","C80170E007","450 CLEMENTI AVENUE 3 #01-305 SINGAPORE 120450","B","na","na","na"
"JUST GREENS FOOD PTE LTD","C80170E003","450 CLEMENTI AVENUE 3 #01-305 SINGAPORE 120450","B","0","na","na"
"KOH PECK CHONG","C80170E001","450 CLEMENTI AVENUE 3 #01-305 SINGAPORE 120450","B","na","na","na"
"KOH PECK CHONG","C80170E004","450 CLEMENTI AVENUE 3 #01-305 SINGAPORE 120450","B","na","na","na"
"LIAN KAI YUAN","C80170E006","450 CLEMENTI AVENUE 3 #01-305 SINGAPORE 120450","B","na","na","na"
"YHEE TAT ENTERPRISE PTE. LTD.","C80170E009","450 CLEMENTI AVENUE 3 #01-305 SINGAPORE 120450","B","na","na","na"
"SPH BUZZ PTE. LTD.","NW08171C000","461 CLEMENTI ROAD #01-00 SINGAPORE 599491","A","na","na","na"
"KUM SUAN BEK","NW11151N000","461 CLEMENTI ROAD #01-1.24 SIM HQ ANNEX BUILDING BLOCK B SINGAPORE 599491","A","na","na","na"
"ASTON FOOD & BEVERAGE SPECIALITIES PTE. LTD.","C99021N001","461 CLEMENTI ROAD #03-00 SINGAPORE INSTITUTE OF MANAGEMENT SINGAPORE 599491","A","na","na","na"
"GS2 F&B PTE. LTD.","C99021N002","461 CLEMENTI ROAD #03-00 SINGAPORE INSTITUTE OF MANAGEMENT SINGAPORE 599491","A","na","na","na"
"HAE BOK'S KOREAN RESTAURANT PTE LTD","C99021N005","461 CLEMENTI ROAD #03-00 SINGAPORE INSTITUTE OF MANAGEMENT SINGAPORE 599491","A","na","na","na"
"INDONESIAN EXPRESS PTE. LTD.","C99021N007","461 CLEMENTI ROAD #03-00 SINGAPORE INSTITUTE OF MANAGEMENT SINGAPORE 599491","A","na","na","na"
"KAN KOCK KUAN","C99021N008","461 CLEMENTI ROAD #03-00 SINGAPORE INSTITUTE OF MANAGEMENT SINGAPORE 599491","A","na","na","na"
"KIMLY FOOD HOLDINGS PTE. LTD.","C99021N009","461 CLEMENTI ROAD #03-00 SINGAPORE INSTITUTE OF MANAGEMENT SINGAPORE 599491","A","na","na","na"
"KIMLY FOOD HOLDINGS PTE. LTD.","C99021N006","461 CLEMENTI ROAD #03-00 SINGAPORE INSTITUTE OF MANAGEMENT SINGAPORE 599491","B","na","na","na"
"SOH ENG HAN","C99021N003","461 CLEMENTI ROAD #03-00 SINGAPORE INSTITUTE OF MANAGEMENT SINGAPORE 599491","A","na","na","na"
"YU KEE DUCK AND NOODLE HOUSE PTE. LTD.","C99021N004","461 CLEMENTI ROAD #03-00 SINGAPORE INSTITUTE OF MANAGEMENT SINGAPORE 599491","A","na","na","na"
"JR FOODS PTE. LTD.","C99094B000","461 CLEMENTI ROAD #03-02D SINGAPORE INSTITUTE OF MANAGEMENT HQ-BLK A LEVEL 3 SINGAPORE 599491","A","na","na","na"
"STARBUCKS COFFEE SINGAPORE PTE. LTD.","NW14283L000","461 CLEMENTI ROAD (BLOCK C#01-C.1.07) #01-C.107 SINGAPORE 599491","A","na","na","na"
"STAMFLES DINING CONCEPT PTE. LTD.","NW11157B000","461 CLEMENTI ROAD (PART OF) #01-1.25 SIM HQ ANNEX BUILDING BLOCK B SINGAPORE 599491","A","na","na","na"
"IVAN SOH JUNYI","NW15430X000","461 CLEMENTI ROAD (PART) #01-1.25 SINGAPORE 599491","A","na","na","na"
"PINES FOOD MANAGEMENT PTE. LTD.","CE06D37A000","469 BUKIT TIMAH ROAD NUS (BT TIMAH CAMPUS) SINGAPORE 259756","A","na","na","na"
"TAN CHOON LING","C96129P000","5 CLEMENTI LOOP LEVEL 3M SEMBCORP LOGISTICS CENTRE SINGAPORE 129816","B","na","na","na"
"COLD STORAGE SINGAPORE (1983) PTE LTD","SW05155P000","5 JALAN MAS PUTEH PASIR PANJANG GARDENS SINGAPORE 128611","A","na","na","na"
"COPITIAM PTE. LTD.","C00119C001","5 LOWER KENT RIDGE ROAD #01-01 NUH MAIN BUILDING LOBBY - LEVEL 1 SINGAPORE 119074","A","4","na","na"
"EIGHT IMMORTALS VEGETARIAN PTE LTD","C00119C008","5 LOWER KENT RIDGE ROAD #01-01 NUH MAIN BUILDING LOBBY - LEVEL 1 SINGAPORE 119074","A","na","na","na"
"FOCACCIA FOODS PTE. LTD.","C00119C015","5 LOWER KENT RIDGE ROAD #01-01 NUH MAIN BUILDING LOBBY - LEVEL 1 SINGAPORE 119074","A","na","na","na"
"JJOJJO'S PTE. LTD","C00119C014","5 LOWER KENT RIDGE ROAD #01-01 NUH MAIN BUILDING LOBBY - LEVEL 1 SINGAPORE 119074","A","na","na","na"
"KOH SENG TE PHILIP","C00119C007","5 LOWER KENT RIDGE ROAD #01-01 NUH MAIN BUILDING LOBBY - LEVEL 1 SINGAPORE 119074","A","na","na","na"
"LIM CHENG CHOON","C00119C005","5 LOWER KENT RIDGE ROAD #01-01 NUH MAIN BUILDING LOBBY - LEVEL 1 SINGAPORE 119074","A","na","na","na"
"MARINA (GU) PTE LTD","C00119C010","5 LOWER KENT RIDGE ROAD #01-01 NUH MAIN BUILDING LOBBY - LEVEL 1 SINGAPORE 119074","A","na","na","na"
"NG CHOON CHUAN","C00119C016","5 LOWER KENT RIDGE ROAD #01-01 NUH MAIN BUILDING LOBBY - LEVEL 1 SINGAPORE 119074","A","na","na","na"
"RAHIMAN'S KITCHEN PTE. LTD.","C00119C003","5 LOWER KENT RIDGE ROAD #01-01 NUH MAIN BUILDING LOBBY - LEVEL 1 SINGAPORE 119074","A","na","na","na"
"SAGAR PTE. LTD.","C00119C002","5 LOWER KENT RIDGE ROAD #01-01 NUH MAIN BUILDING LOBBY - LEVEL 1 SINGAPORE 119074","A","6","na","na"
"SIN RONG F&B LLP","C00119C012","5 LOWER KENT RIDGE ROAD #01-01 NUH MAIN BUILDING LOBBY - LEVEL 1 SINGAPORE 119074","A","na","na","na"
"SITI ABIBAH BINTE GUNO","C00119C004","5 LOWER KENT RIDGE ROAD #01-01 NUH MAIN BUILDING LOBBY - LEVEL 1 SINGAPORE 119074","A","na","na","na"
"SOUP EMPIRE HOLDINGS PTE. LTD.","C00119C013","5 LOWER KENT RIDGE ROAD #01-01 NUH MAIN BUILDING LOBBY - LEVEL 1 SINGAPORE 119074","A","na","na","na"
"TAN KOCK CHENG","C00119C009","5 LOWER KENT RIDGE ROAD #01-01 NUH MAIN BUILDING LOBBY - LEVEL 1 SINGAPORE 119074","A","6","na","na"
"WANG ZHENYI","C00119C006","5 LOWER KENT RIDGE ROAD #01-01 NUH MAIN BUILDING LOBBY - LEVEL 1 SINGAPORE 119074","A","na","na","na"
"COLD STORAGE SINGAPORE (1983) PTE LTD","SW12I58K000","5 LOWER KENT RIDGE ROAD #01-02 NUH SINGAPORE 119074","A","na","na","na"
"THE COFFEE BEAN & TEA LEAF (SINGAPORE) PTE LTD","SW11854V000","5 LOWER KENT RIDGE ROAD #01-10 NATIONAL UNIVERSITY HOSPITAL MAIN BLDG (LOBBY) SINGAPORE 119074","A","na","na","na"
"QI JI RETAIL SERVICES PTE. LTD.","SW11861A000","5 LOWER KENT RIDGE ROAD #01-11 NATIONAL UNIVERSITY HOSPITAL MAIN BLDG LOBBY B SINGAPORE 119074","A","na","na","na"
"MR BEAN INTERNATIONAL PTE. LTD.","SW11B85K000","5 LOWER KENT RIDGE ROAD #01-12 NUH MAIN BUILDING SINGAPORE 119074","A","na","na","na"
"JP PEPPERDINE GROUP PTE. LTD.","C87114K000","5 WEST COAST WALK #01-04/05 CLEMENTI RECREATION CENTRE SINGAPORE 127146","A","na","na","na"
"DOME EXPRESS PTE LTD","C01138L000","50 KENT RIDGE CRESCENT UNIVERSITY CULTURAL CENTRE - NUS SINGAPORE 119279","A","na","na","na"
"PINES FOOD DELIGHT PTE. LTD.","SW06877V000","50 KENT RIDGE CRESCENT UNIVERSITY CULTURAL CENTRE - NUS SINGAPORE 119279","B","na","na","na"
"JJ F&B PARADISE PTE.LTD.","SW15E50C002","50 PASIR PANJANG ROAD #03-51 MAPLETREE BUSINESS CITY SINGAPORE 117384","A","na","na","na"
"LIM HOCK CHEE","SW15E50C001","50 PASIR PANJANG ROAD #03-51 MAPLETREE BUSINESS CITY SINGAPORE 117384","A","na","na","na"
"LIM HOCK CHEE","SW15E50C003","50 PASIR PANJANG ROAD #03-51 MAPLETREE BUSINESS CITY SINGAPORE 117384","A","na","na","na"
"LIM HOCK CHEE","SW15E50C008","50 PASIR PANJANG ROAD #03-51 MAPLETREE BUSINESS CITY SINGAPORE 117384","A","na","na","na"
"ONG KAH THIAM","SW15E50C006","50 PASIR PANJANG ROAD #03-51 MAPLETREE BUSINESS CITY SINGAPORE 117384","A","na","na","na"
"SONG KAR CHUAN","SW15E50C004","50 PASIR PANJANG ROAD #03-51 MAPLETREE BUSINESS CITY SINGAPORE 117384","A","na","na","na"
"STARLIGHT FOOD & BEVERAGE PTE. LTD.","SW15E50C007","50 PASIR PANJANG ROAD #03-51 MAPLETREE BUSINESS CITY SINGAPORE 117384","A","na","na","na"
"TIAN SHIJUN","SW15E50C005","50 PASIR PANJANG ROAD #03-51 MAPLETREE BUSINESS CITY SINGAPORE 117384","A","na","na","na"
"HONG YUN FOOD PTE. LTD.","SW09A22N001","50 SCIENCE PARK ROAD #01-03 THE KENDALL SINGAPORE 117406","B","na","na","na"
"HONG YUN FOOD PTE. LTD.","SW09A22N007","50 SCIENCE PARK ROAD #01-03 THE KENDALL SINGAPORE 117406","A","na","na","na"
"NG CHYE HOON","SW09A22N008","50 SCIENCE PARK ROAD #01-03 THE KENDALL SINGAPORE 117406","A","na","na","na"
"SANIAH BINTI SALLEH","SW09A22N006","50 SCIENCE PARK ROAD #01-03 THE KENDALL SINGAPORE 117406","B","na","na","na"
"YIK PENG CHEE","SW09A22N005","50 SCIENCE PARK ROAD #01-03 THE KENDALL SINGAPORE 117406","B","na","na","na"
"ZHENG JINFU","SW09A22N003","50 SCIENCE PARK ROAD #01-03 THE KENDALL SINGAPORE 117406","B","na","na","na"
"CHIN SHEN KHYE","SW14150B003","51A AYER RAJAH CRESCENT AYER RAJAH FOOD CENTRE III SINGAPORE 139956","B","na","na","na"
"KO LYE KENG","SW14150B005","51A AYER RAJAH CRESCENT AYER RAJAH FOOD CENTRE III SINGAPORE 139956","B","na","na","na"
"LEE MING CHOKE","SW14150B004","51A AYER RAJAH CRESCENT AYER RAJAH FOOD CENTRE III SINGAPORE 139956","B","na","na","na"
"SIM HWEE SIEW","SW14150B001","51A AYER RAJAH CRESCENT AYER RAJAH FOOD CENTRE III SINGAPORE 139956","B","na","na","na"
"TAY HENG YAN","SW14150B009","51A AYER RAJAH CRESCENT AYER RAJAH FOOD CENTRE III SINGAPORE 139956","B","na","na","na"
"CAFE GALILEE PTE. LTD.","W03490B000","53 MARGARET DRIVE QUEENSTOWN COMMUNITY LIBRARY SINGAPORE 149297","A","na","na","na"
"TAO TONG FATT","NW12991J000","535 CLEMENTI ROAD #01-01 NGEE ANN POLYTECHNIC (BLK 18) SINGAPORE 599489","A","na","na","na"
"EVENTFUL ALLIANCE PTE. LTD.","NW15161A008","535 CLEMENTI ROAD #01-01 NGEE ANN POLYTECHNIC (BLK 22) SINGAPORE 599489","A","na","na","na"
"FOOD CANOPY PTE. LTD.","NW15161A014","535 CLEMENTI ROAD #01-01 NGEE ANN POLYTECHNIC (BLK 22) SINGAPORE 599489","A","na","na","na"
"FOOD CANOPY PTE. LTD.","NW15161A009","535 CLEMENTI ROAD #01-01 NGEE ANN POLYTECHNIC (BLK 22) SINGAPORE 599489","A","na","na","na"
"FOOD CANOPY PTE. LTD.","NW15161A013","535 CLEMENTI ROAD #01-01 NGEE ANN POLYTECHNIC (BLK 22) SINGAPORE 599489","A","na","na","na"
"FOOD CANOPY PTE. LTD.","NW15161A006","535 CLEMENTI ROAD #01-01 NGEE ANN POLYTECHNIC (BLK 22) SINGAPORE 599489","A","na","na","na"
"FOOD CANOPY PTE. LTD.","NW15161A011","535 CLEMENTI ROAD #01-01 NGEE ANN POLYTECHNIC (BLK 22) SINGAPORE 599489","A","na","na","na"
"JALAPENO'S MEXICAN GRILL PTE. LTD.","NW15161A010","535 CLEMENTI ROAD #01-01 NGEE ANN POLYTECHNIC (BLK 22) SINGAPORE 599489","A","na","na","na"
"LAI YUYING","NW15161A012","535 CLEMENTI ROAD #01-01 NGEE ANN POLYTECHNIC (BLK 22) SINGAPORE 599489","A","na","na","na"
"LIM SOI NGUAN","NW15161A007","535 CLEMENTI ROAD #01-01 NGEE ANN POLYTECHNIC (BLK 22) SINGAPORE 599489","A","na","na","na"
"LIU HAO","NW15161A003","535 CLEMENTI ROAD #01-01 NGEE ANN POLYTECHNIC (BLK 22) SINGAPORE 599489","A","na","na","na"
"TAI PEI SHI SHAN FOOD PTE.LTD.","NW15161A001","535 CLEMENTI ROAD #01-01 NGEE ANN POLYTECHNIC (BLK 22) SINGAPORE 599489","A","na","na","na"
"TAN CHUAN SENG","NW15161A002","535 CLEMENTI ROAD #01-01 NGEE ANN POLYTECHNIC (BLK 22) SINGAPORE 599489","A","na","na","na"
"GS2 F&B PTE. LTD.","NW10391P005","535 CLEMENTI ROAD #01-01 NGEE ANN POLYTECHNIC (BLK 73 - CANTEEN 1) SINGAPORE 599489","B","na","na","na"
"INDONESIAN EXPRESS PTE. LTD.","NW10391P003","535 CLEMENTI ROAD #01-01 NGEE ANN POLYTECHNIC (BLK 73 - CANTEEN 1) SINGAPORE 599489","A","na","na","na"
"KIMLY FOOD HOLDINGS PTE. LTD.","NW10391P009","535 CLEMENTI ROAD #01-01 NGEE ANN POLYTECHNIC (BLK 73 - CANTEEN 1) SINGAPORE 599489","A","na","na","na"
"KOH YIAN SOK","NW10391P006","535 CLEMENTI ROAD #01-01 NGEE ANN POLYTECHNIC (BLK 73 - CANTEEN 1) SINGAPORE 599489","A","na","na","na"
"LOW KENG ANN","NW10391P001","535 CLEMENTI ROAD #01-01 NGEE ANN POLYTECHNIC (BLK 73 - CANTEEN 1) SINGAPORE 599489","A","na","na","na"
"SAMSIAH BTE OTHMAN","NW10391P008","535 CLEMENTI ROAD #01-01 NGEE ANN POLYTECHNIC (BLK 73 - CANTEEN 1) SINGAPORE 599489","A","na","na","na"
"SOH ENG HAN","NW10391P002","535 CLEMENTI ROAD #01-01 NGEE ANN POLYTECHNIC (BLK 73 - CANTEEN 1) SINGAPORE 599489","A","na","na","na"
"TOH TIAW HOY","NW10391P007","535 CLEMENTI ROAD #01-01 NGEE ANN POLYTECHNIC (BLK 73 - CANTEEN 1) SINGAPORE 599489","A","na","na","na"
"EVENTFUL ALLIANCE PTE. LTD.","NW15177E000","535 CLEMENTI ROAD #01-01A NGEE ANN POLYTECHNIC (BLK 22) SINGAPORE 599489","A","na","na","na"
"FOODCLIQUE PTE. LTD.","NW10501X000","535 CLEMENTI ROAD #01-01A NGEE ANN POLYTECHNIC (BLK 73) SINGAPORE 599489","A","na","na","na"
"TEN & HAN TRADING PTE LTD","NW10543V000","535 CLEMENTI ROAD #01-01B NGEE ANN POLYTECHNIC (BLK 73) SINGAPORE 599489","A","na","na","na"
"Tan Hock Guan","NW15207E000","535 CLEMENTI ROAD #01-01B NGEE ANN POLYTECHNIC BLK 22 SINGAPORE 599489","A","na","na","na"
"TAO TONG FATT","NW12A45N000","535 CLEMENTI ROAD #01-02 NGEE ANN POLYTECHNIC (BLOCK 18) SINGAPORE 599489","A","na","na","na"
"SMOOCH CAFE @72 LLP","NW13008K000","535 CLEMENTI ROAD #01-03 NGEE ANN POLYTECHNIC (BLOCK 16) SINGAPORE 599489","A","na","na","na"
"FOUR LEAVES PTE. LTD.","NW12A63K000","535 CLEMENTI ROAD #01-14 NGEE ANN POLYTECHNIC (BLOCK 1) SINGAPORE 599489","A","na","na","na"
"ANG YONG SENG","NW08480E001","535 CLEMENTI ROAD #02-00 NGEE ANN POLYTECHNIC (BLK 51) SINGAPORE 599489","A","na","na","na"
"HOT & ROLL (SINGAPORE) PTE. LTD.","NW08480E006","535 CLEMENTI ROAD #02-00 NGEE ANN POLYTECHNIC (BLK 51) SINGAPORE 599489","A","na","na","na"
"JUNSHIN EXPRESS PTE. LTD.","NW08480E003","535 CLEMENTI ROAD #02-00 NGEE ANN POLYTECHNIC (BLK 51) SINGAPORE 599489","A","na","na","na"
"KOUFU PTE LTD","NW08480E018","535 CLEMENTI ROAD #02-00 NGEE ANN POLYTECHNIC (BLK 51) SINGAPORE 599489","A","na","na","na"
"KOUFU PTE LTD","NW08480E019","535 CLEMENTI ROAD #02-00 NGEE ANN POLYTECHNIC (BLK 51) SINGAPORE 599489","A","na","na","na"
"LAO BAI XING LLP","NW08480E015","535 CLEMENTI ROAD #02-00 NGEE ANN POLYTECHNIC (BLK 51) SINGAPORE 599489","A","na","na","na"
"LEE WAH KHIM","NW08480E017","535 CLEMENTI ROAD #02-00 NGEE ANN POLYTECHNIC (BLK 51) SINGAPORE 599489","A","na","na","na"
"MEMTAJ BEGUM BINTE AMIR ALI","NW08480E016","535 CLEMENTI ROAD #02-00 NGEE ANN POLYTECHNIC (BLK 51) SINGAPORE 599489","A","na","na","na"
"NEO CHIN HENG","NW08480E013","535 CLEMENTI ROAD #02-00 NGEE ANN POLYTECHNIC (BLK 51) SINGAPORE 599489","A","na","na","na"
"OLE! PASTA PTE. LTD.","NW08480E005","535 CLEMENTI ROAD #02-00 NGEE ANN POLYTECHNIC (BLK 51) SINGAPORE 599489","A","na","na","na"
"SHUANG RONG SEAFOOD HOLDING PTE. LTD.","NW08480E012","535 CLEMENTI ROAD #02-00 NGEE ANN POLYTECHNIC (BLK 51) SINGAPORE 599489","A","na","na","na"
"TEO CHEW BOON","NW08480E007","535 CLEMENTI ROAD #02-00 NGEE ANN POLYTECHNIC (BLK 51) SINGAPORE 599489","A","na","na","na"
"TEOH KA LOON","NW08480E004","535 CLEMENTI ROAD #02-00 NGEE ANN POLYTECHNIC (BLK 51) SINGAPORE 599489","A","na","na","na"
"YANG ZHENGHUA","NW08480E011","535 CLEMENTI ROAD #02-00 NGEE ANN POLYTECHNIC (BLK 51) SINGAPORE 599489","A","na","na","na"
"AC MERIDIAN (SUB NGP) PTE. LTD.","NW08496L000","535 CLEMENTI ROAD #02-01 NGEE ANN POLYTECHNIC(BLK 51) SINGAPORE 599489","A","na","na","na"
"PINES FOOD DELIGHT PTE. LTD.","NW08463J000","535 CLEMENTI ROAD #02-02 NGEE ANN POLYTECHNIC (BLK 51) SINGAPORE 599489","B","na","na","na"
"SAKAE HOLDINGS LTD.","NW12D82J000","535 CLEMENTI ROAD #02-02A NGEE ANN POLYTECHNIC (BLK 72) SINGAPORE 599489","A","na","na","na"
"FOO YONG LONG","NW09408N000","535 CLEMENTI ROAD #02-05 NGEE ANN POLYTECHNIC(BLK 72) SINGAPORE 599489","A","na","na","na"
"CHUA KEEM LONG","C01084E000","535 CLEMENTI ROAD #2 NGEE ANN POLYTECHNIC -THE LIBRARY SINGAPORE 599489","A","na","na","na"
"SPY'S CAFE LLP","NW13I70A000","535 CLEMENTI ROAD (BLOCK 72) #02-05A NGEE ANN POLYTECHNIC SINGAPORE 599489","A","na","na","na"
"FAIZAH BINTE AHMAD","C83259K005","535 CLEMENTI ROAD NGEE ANN POLYTECHNIC ( BLK 18) (CANTEEN 2) SINGAPORE 599489","A","na","na","na"
"FOOD CANOPY PTE. LTD.","C83259K004","535 CLEMENTI ROAD NGEE ANN POLYTECHNIC ( BLK 18) (CANTEEN 2) SINGAPORE 599489","A","na","na","na"
"WONG MEE KEOW","C83259K003","535 CLEMENTI ROAD NGEE ANN POLYTECHNIC ( BLK 18) (CANTEEN 2) SINGAPORE 599489","A","na","na","na"
"THE COFFEE BEAN & TEA LEAF (SINGAPORE) PTE LTD","NW14173A000","535 CLEMENTI ROAD NGEE ANN POLYTECHNIC (BLK 58) LEVEL 1 SINGAPORE 599489","A","na","na","na"
"PINES FOOD DELIGHT PTE. LTD.","NW04061B000","535 CLEMENTI ROAD NGEE ANN POLYTECHNIC (BLOCK 75) SINGAPORE 599489","A","na","na","na"
"WARM BUNS LLP","NW15533E000","535 CLEMENTI ROAD NGEE ANN POLYTECHNIC BLK 27 STUDY AREA SINGAPORE 599489","A","na","na","na"
"PINES FOOD DELIGHT PTE. LTD.","NW10193B000","535B CLEMENTI ROAD BLK 75 NGEE ANN ALUMNI CLUB HOUSE SINGAPORE 599492","A","na","na","na"
"NEWTON FRANCIS WESSTIN","C98002E000","54 SOUTH BUONA VISTA ROAD FIRST STOREY VISTA PARK SINGAPORE 118169","A","na","na","na"
"SPH BUZZ PTE. LTD.","SW13P22E000","55 PASIR PANJANG ROAD #01-01 PASIR PANJANG FERRY TERMINAL SINGAPORE 118810","A","na","na","na"
"SAW PENG RUI","SW10055J000","55 PASIR PANJANG ROAD PASIR PANJANG FERRY TERMINAL (KIOSK 2) SINGAPORE 118810","B","na","na","na"
"COLD STORAGE SINGAPORE (1983) PTE LTD","SW06756N000","6 CLEMENTI ROAD #01-01 SINGAPORE 129741","A","na","na","na"
"AL-AMEEN'S CUISINE PTE. LTD","SW06762X000","6 CLEMENTI ROAD #01-02 SINGAPORE 129741","A","na","na","na"
"EATALIA PTE. LTD.","SW11C23K000","6 CLEMENTI ROAD #01-04/05/06 SINGAPORE 129741","A","na","na","na"
"TAN SIEW HOON","SW15583X000","6 ENGINEERING DRIVE 4 E2A KIOSK 1 LEVEL 1 NUS SINGAPORE 117361","A","na","na","na"
"KIMLY FOOD HOLDINGS PTE. LTD.","SW15606P000","6 ENGINEERING DRIVE 4 E2A KIOSK 2 LEVEL 1 FACULITY OF ENGINEERING NUS SINGAPORE 117361","A","na","na","na"
"CHILLI PADI NONYA RESTAURANT PTE. LTD.","SW08573J000","61 SCIENCE PARK ROAD #01-01 THE GALEN SINGAPORE SCIENCE PARK II SINGAPORE 117525","A","na","na","na"
"ZULOS PTE. LTD.","SW12L45B000","612 CLEMENTI WEST STREET 1 #01-288 PART OF SINGAPORE 120612","A","na","na","na"
"KICK F & B PTE. LTD","SW08488A000","69 AYER RAJAH CRESCENT #01-04 AYER RAJAH AMENITY CENTRE SINGAPORE 139961","A","na","na","na"
"CHENG JINHUO","C99070X004","69 AYER RAJAH CRESCENT #02-01 AYER RAJAH AMENITY CENTRE SINGAPORE 139961","B","na","na","na"
"CMRT FOODS PTE. LTD.","C99070X005","69 AYER RAJAH CRESCENT #02-01 AYER RAJAH AMENITY CENTRE SINGAPORE 139961","B","na","na","na"
"JASEN MANAGEMENT PRIVATE LIMITED","C99070X006","69 AYER RAJAH CRESCENT #02-01 AYER RAJAH AMENITY CENTRE SINGAPORE 139961","B","na","na","na"
"JASEN MANAGEMENT PRIVATE LIMITED","C99070X007","69 AYER RAJAH CRESCENT #02-01 AYER RAJAH AMENITY CENTRE SINGAPORE 139961","B","na","na","na"
"JASEN MANAGEMENT PRIVATE LIMITED","C99070X001","69 AYER RAJAH CRESCENT #02-01 AYER RAJAH AMENITY CENTRE SINGAPORE 139961","B","4","na","na"
"NGIAM BOK JEE @NGIAM KIA MENG","C99070X003","69 AYER RAJAH CRESCENT #02-01 AYER RAJAH AMENITY CENTRE SINGAPORE 139961","B","na","na","na"
"Soh Eng Hong","C99070X002","69 AYER RAJAH CRESCENT #02-01 AYER RAJAH AMENITY CENTRE SINGAPORE 139961","B","na","na","na"
"WANG HAIBIN","C99070X008","69 AYER RAJAH CRESCENT #02-01 AYER RAJAH AMENITY CENTRE SINGAPORE 139961","B","na","na","na"
"XIAO MAOJIE","C99070X010","69 AYER RAJAH CRESCENT #02-01 AYER RAJAH AMENITY CENTRE SINGAPORE 139961","B","na","na","na"
"LEE PENG HWA","C80046L000","70 SOUTH BUONA VISTA ROAD NATIONAL COMMUNITY LEADERSHIP TRAINING INSTITUTE SINGAPORE 118176","A","na","na","na"
"LIM YU LU TYLER","C86189B000","71 SCIENCE PARK DRIVE DSTA (1ST STOREY) SINGAPORE 118253","B","na","na","na"
"KURIBARA NAOJI","C80177N005","713 CLEMENTI WEST STREET 2 #01-115 SINGAPORE 120713","B","na","na","na"
"ONE KITCHEN CATERING PTE LTD","C80177N007","713 CLEMENTI WEST STREET 2 #01-115 SINGAPORE 120713","B","na","na","na"
"ONE KITCHEN CATERING PTE LTD","C80177N008","713 CLEMENTI WEST STREET 2 #01-115 SINGAPORE 120713","B","na","na","na"
"YAOYA FRESH ENERGY PTE. LTD.","C80177N004","713 CLEMENTI WEST STREET 2 #01-115 SINGAPORE 120713","B","na","na","na"
"HO WOON THOE","C01040J002","721 CLEMENTI WEST STREET 2 #01-100 SINGAPORE 120721","B","na","na","na"
"KERK HONG BENG","C01040J006","721 CLEMENTI WEST STREET 2 #01-100 SINGAPORE 120721","B","na","na","na"
"NEW CENTURY FOOD HOUSE @ 721 PTE. LTD.","C01040J004","721 CLEMENTI WEST STREET 2 #01-100 SINGAPORE 120721","B","na","na","na"
"NEW CENTURY FOOD HOUSE @ 721 PTE. LTD.","C01040J005","721 CLEMENTI WEST STREET 2 #01-100 SINGAPORE 120721","B","na","na","na"
"NEW CENTURY FOOD HOUSE @ 721 PTE. LTD.","C01040J008","721 CLEMENTI WEST STREET 2 #01-100 SINGAPORE 120721","A","na","na","na"
"SIM SENG TZE, ALVIN","C01040J003","721 CLEMENTI WEST STREET 2 #01-100 SINGAPORE 120721","B","na","na","na"
"TAY SWEE CHENG","C01040J009","721 CLEMENTI WEST STREET 2 #01-100 SINGAPORE 120721","B","na","na","na"
"Wong Kok Choon","C01040J010","721 CLEMENTI WEST STREET 2 #01-100 SINGAPORE 120721","B","na","na","na"
"YOONG PIK HAR","SW06821J000","721 CLEMENTI WEST STREET 2 #01-126 SINGAPORE 120721","B","na","na","na"
"NARANJAN SINGH S/O JASWANT SINGH","SW15D24N000","721 CLEMENTI WEST STREET 2 #01-138 (#01-138/140) SINGAPORE 120721","A","na","na","na"
"CHIA KOK WAH","C82221B003","722 CLEMENTI WEST STREET 2 #01-150 SINGAPORE 120722","B","na","na","na"
"FANG SHIHUANG","C82221B005","722 CLEMENTI WEST STREET 2 #01-150 SINGAPORE 120722","B","na","na","na"
"LEE CHOON HUAH","C82221B010","722 CLEMENTI WEST STREET 2 #01-150 SINGAPORE 120722","B","na","na","na"
"SUZANA BINTE JAILANI","C82221B002","722 CLEMENTI WEST STREET 2 #01-150 SINGAPORE 120722","B","na","na","na"
"T N COFFEE HOLDING PTE. LTD.","C82221B006","722 CLEMENTI WEST STREET 2 #01-150 SINGAPORE 120722","B","na","na","na"
"T N COFFEE HOLDING PTE. LTD.","C82221B009","722 CLEMENTI WEST STREET 2 #01-150 SINGAPORE 120722","B","na","na","na"
"T N COFFEE HOLDING PTE. LTD.","C82221B004","722 CLEMENTI WEST STREET 2 #01-150 SINGAPORE 120722","B","na","na","na"
"T N COFFEE HOLDING PTE. LTD.","C82221B007","722 CLEMENTI WEST STREET 2 #01-150 SINGAPORE 120722","B","na","na","na"
"LIM HAI TECK","SW04233J000","725 CLEMENTI WEST STREET 2 #01-190/1 SINGAPORE 120725","B","na","na","na"
"L & A TRADING AGENCY PTE. LTD.","SW14677P000","727 CLEMENTI WEST STREET 2 #01-248 (PART OF) SINGAPORE 120727","B","na","na","na"
"COLD STORAGE SINGAPORE (1983) PTE LTD","SW07D90K000","727 CLEMENTI WEST STREET 2 #01-284 SINGAPORE 120727","A","na","na","na"
"BONG KIM FONG","J03033E000","73 SCIENCE PARK DRIVE #B1-01/09 CINTECH 1 (PART OF) SINGAPORE 118254","A","na","na","na"
"HONG YUN FOOD PTE. LTD.","J03026C010","73 SCIENCE PARK DRIVE #B1-01/09 CINTECH 1 SINGAPORE 118254","B","na","na","na"
"HONG YUN FOOD PTE. LTD.","J03026C007","73 SCIENCE PARK DRIVE #B1-01/09 CINTECH 1 SINGAPORE 118254","B","na","na","na"
"KAMISAH BINTE SARPIN","J03026C001","73 SCIENCE PARK DRIVE #B1-01/09 CINTECH 1 SINGAPORE 118254","B","na","na","na"
"KONG SIEW YEN","J03026C002","73 SCIENCE PARK DRIVE #B1-01/09 CINTECH 1 SINGAPORE 118254","B","na","na","na"
"MOHAN SINGH","J03026C009","73 SCIENCE PARK DRIVE #B1-01/09 CINTECH 1 SINGAPORE 118254","B","na","na","na"
"PAN SHUNZHEN","J03026C004","73 SCIENCE PARK DRIVE #B1-01/09 CINTECH 1 SINGAPORE 118254","B","na","na","na"
"PANG KOK SIN","J03026C006","73 SCIENCE PARK DRIVE #B1-01/09 CINTECH 1 SINGAPORE 118254","B","na","na","na"
"SOH ENG HAN","J03026C005","73 SCIENCE PARK DRIVE #B1-01/09 CINTECH 1 SINGAPORE 118254","B","na","na","na"
"TOH HENG HUAT","J03026C008","73 SCIENCE PARK DRIVE #B1-01/09 CINTECH 1 SINGAPORE 118254","B","na","na","na"
"CROWN EMPIRE PTE. LIMITED","SW16667C000","73A AYER RAJAH CRESCENT #01-04 AYER RAJAH FOOD CENTRE I SINGAPORE 139957","A","na","na","na"
"MCBISTRO PTE. LTD.","SW16613K000","73A AYER RAJAH CRESCENT #01-29 AYER RAJAH FOOD CENTRE I SINGAPORE 139957","A","na","na","na"
"TWO WINGS ORGANISATION PTE. LTD.","SW16634A000","73A AYER RAJAH CRESCENT #01-30 AYER RAJAH FOOD CENTRE I SINGAPORE 139957","A","na","na","na"
"SOON HUAT WITHOUT BORDERS (PTE.) LTD.","SW16645P000","73A AYER RAJAH CRESCENT #01-34 AYER RAJAH FOOD CENTRE I SINGAPORE 139957","B","na","na","na"
"BIG BERN'S AMERICAN GRILL XPOLIS PTE. LTD.","SW16636X000","73A AYER RAJAH CRESCENT #01-35 AYER RAJAH FOOD CENTRE I SINGAPORE 139957","A","na","na","na"
"ANDHRA HERITAGE PTE LTD","SW16680K000","73A AYER RAJAH CRESCENT #01-39/40 AYER RAJAH FOOD CENTRE I SINGAPORE 139957","A","na","na","na"
"BOH CHUANG KHENG","SW14149K016","73A AYER RAJAH CRESCENT SINGAPORE 139957","A","na","na","na"
"CHUA AH CHAI","SW14149K018","73A AYER RAJAH CRESCENT SINGAPORE 139957","A","na","na","na"
"CHUA KIM SENG","SW14149K017","73A AYER RAJAH CRESCENT SINGAPORE 139957","A","na","na","na"
"CHUA POH HONG","SW14149K005","73A AYER RAJAH CRESCENT SINGAPORE 139957","A","na","na","na"
"DOUGLAS NG CHEN YONG (HUANG ZHENGYONG)","SW14149K012","73A AYER RAJAH CRESCENT SINGAPORE 139957","A","na","na","na"
"ISRAP BIN SALLEH","SW14149K001","73A AYER RAJAH CRESCENT SINGAPORE 139957","A","na","na","na"
"JURAIMI BIN MAZILAND","SW14149K009","73A AYER RAJAH CRESCENT SINGAPORE 139957","B","na","na","na"
"KOH CHUAN CHIAN","SW14149K011","73A AYER RAJAH CRESCENT SINGAPORE 139957","A","na","na","na"
"LING MEE GEOK","SW14149K008","73A AYER RAJAH CRESCENT SINGAPORE 139957","A","na","na","na"
"NARIKKOTAN HAMZA S/O ABDULLAH","SW14149K010","73A AYER RAJAH CRESCENT SINGAPORE 139957","A","na","na","na"
"NG GHIM SOON","SW14149K002","73A AYER RAJAH CRESCENT SINGAPORE 139957","A","na","na","na"
"NG POH WAN @M ISMAIL BIN ABDULLAH","SW14149K022","73A AYER RAJAH CRESCENT SINGAPORE 139957","A","na","na","na"
"POPULAR AUTOMOTIVE PTE LTD","SW14149K021","73A AYER RAJAH CRESCENT SINGAPORE 139957","A","na","na","na"
"ROKIAH BINTI WAHID","SW14149K003","73A AYER RAJAH CRESCENT SINGAPORE 139957","A","na","na","na"
"TAN CHAN HUAT","SW14149K006","73A AYER RAJAH CRESCENT SINGAPORE 139957","A","na","na","na"
"TAN CHIN BUAY","SW14149K019","73A AYER RAJAH CRESCENT SINGAPORE 139957","A","na","na","na"
"WANG SHAOHONG","SW14149K014","73A AYER RAJAH CRESCENT SINGAPORE 139957","A","na","na","na"
"WONG HOI YAN, KELLY (HUANG KAI'EN)","SW14149K004","73A AYER RAJAH CRESCENT SINGAPORE 139957","B","na","na","na"
"WONG KWAI SENG","SW14149K007","73A AYER RAJAH CRESCENT SINGAPORE 139957","A","na","na","na"
"WONG SIOK PENG","SW14149K013","73A AYER RAJAH CRESCENT SINGAPORE 139957","A","na","na","na"
"YEAW CHIAN WEE","SW14149K020","73A AYER RAJAH CRESCENT SINGAPORE 139957","A","na","na","na"
"STARBUCKS COFFEE SINGAPORE PTE. LTD.","SW09398P000","79 SCIENCE PARK DRIVE #01-03 CINTECH IV S'PORE SCIENCE PK I SINGAPORE 118264","A","na","na","na"
"ANG BEE HONG","C02161E008","8 CLEMENTI AVENUE 3 CLEMENTI PRIMARY SCHOOL SINGAPORE 129903","A","na","na","na"
"LAI FOX MAY","C02161E005","8 CLEMENTI AVENUE 3 CLEMENTI PRIMARY SCHOOL SINGAPORE 129903","A","na","na","na"
"LIM AH NIA","C02161E001","8 CLEMENTI AVENUE 3 CLEMENTI PRIMARY SCHOOL SINGAPORE 129903","A","na","na","na"
"QUEK KWEE CHING JESSIE","C02161E006","8 CLEMENTI AVENUE 3 CLEMENTI PRIMARY SCHOOL SINGAPORE 129903","A","na","na","na"
"QURRATU' AINI BINTE RAZALI","C02161E007","8 CLEMENTI AVENUE 3 CLEMENTI PRIMARY SCHOOL SINGAPORE 129903","A","na","na","na"
"TJOA LIE TJIU","C02161E004","8 CLEMENTI AVENUE 3 CLEMENTI PRIMARY SCHOOL SINGAPORE 129903","A","na","na","na"
"YEOW SOK HOI","C02161E003","8 CLEMENTI AVENUE 3 CLEMENTI PRIMARY SCHOOL SINGAPORE 129903","A","na","na","na"
"STARBUCKS COFFEE SINGAPORE PTE. LTD.","SW11626X000","8 COLLEGE AVENUE WEST #B1-01 EDUCATION RESOURCE CENTRE UNIVERSITY TOWN NUS SINGAPORE 138608","A","na","na","na"
"TOK KIAN CHEW","SW13P47K000","8 KENT RIDGE DRIVE #02-00 NUS VENTUS SINGAPORE 119246","A","na","na","na"
"CHONG JO VEE","C67009J001","83/85 PASIR PANJANG ROAD SINGAPORE 118508","B","na","na","na"
"GOH BI CHU","C67009J005","83/85 PASIR PANJANG ROAD SINGAPORE 118508","B","na","na","na"
"LOH SOO TIAN","C67009J002","83/85 PASIR PANJANG ROAD SINGAPORE 118508","B","na","na","na"
"MUHAMMAD HAFIZ BIN MOHAMED ALI","C67009J006","83/85 PASIR PANJANG ROAD SINGAPORE 118508","B","na","na","na"
"TENG DAO WEI, GABRION","C67009J008","83/85 PASIR PANJANG ROAD SINGAPORE 118508","B","na","na","na"
"NINE & EIGHT PRIVATE LIMITED","C70011A000","87 PASIR PANJANG ROAD SINGAPORE 118510","B","4","na","na"
"DIAMOND KITCHEN PRIVATE LIMITED","C02155B000","87 SCIENCE PARK DRIVE #01-01 SCIENCE HUB SINGAPORE SCIENCE PARK 1 SINGAPORE 118260","A","na","na","na"
"WONDERFUL RESTAURANT PTE. LTD.","C01144P000","87 SCIENCE PARK DRIVE #01-03 SINGAPORE SCIENCE PARK 1 SINGAPORE 118260","A","na","na","na"
"LIM CHEE SIONG","SW15620V000","87 SCIENCE PARK DRIVE #01-04 SINGAPORE SCIENCE PARK 1 SINGAPORE 118260","A","na","na","na"
"LEE SEY LENG","SW11949J000","9 AYER RAJAH AVENUE #B2-01 ONE NORTH MRT STN SINGAPORE 138647","A","na","na","na"
"MR BEAN INTERNATIONAL PTE. LTD.","SW11A43N000","9 AYER RAJAH AVENUE #B2-02 ONE-NORTH MRT STATION SINGAPORE 138647","A","na","na","na"
"FRESH BITES (PTE.) LTD.","SW12I21N000","9 AYER RAJAH AVENUE #B2-04 ONE-NORTH MRT STATION SINGAPORE 138647","A","na","na","na"
"NATIONAL UNIVERSITY OF SINGAPORE SOCIETY","SW08450E000","9 KENT RIDGE DRIVE KENT RIDGE GUILD HOUSE - LEVEL 1 SINGAPORE 119241","A","na","na","na"
"NATIONAL UNIVERSITY OF SINGAPORE SOCIETY","SW08451C000","9 KENT RIDGE DRIVE KENT RIDGE GUILD HOUSE - LEVEL 2 SINGAPORE 119241","A","na","na","na"
"SQUEEZED PTE. LTD.","SW14547L000","9 NORTH BUONA VISTA DRIVE #01-01 THE METROPOLIS SINGAPORE 138588","A","na","na","na"
"XEN FOOD SOLUTION PTE. LTD.","SW13141L000","9 NORTH BUONA VISTA DRIVE #01-02 THE METROPOLIS SINGAPORE 138588","A","na","na","na"
"I-SMOOTH PTE. LTD.","SW13019N000","9 NORTH BUONA VISTA DRIVE #01-04 THE METROPOLIS SINGAPORE 138588","A","na","na","na"
"MARCO MARCO SINGAPORE PTE. LTD.","SW14228N000","9 NORTH BUONA VISTA DRIVE #01-05 THE METROPOLIS SINGAPORE 138588","A","na","na","na"
"R FOODS PTE. LTD.","SW14043E000","9 NORTH BUONA VISTA DRIVE #01-06/07 THE METROPOLIS SINGAPORE 138588","A","na","na","na"
"MCDONALD'S RESTAURANTS PTE. LTD.","SW13W68B000","9 NORTH BUONA VISTA DRIVE #01-08 THE METROPOLIS SINGAPORE 138588","A","na","na","na"
"MR BEAN INTERNATIONAL PTE. LTD.","SW14037B000","9 NORTH BUONA VISTA DRIVE #01-09 THE METROPOLIS SINGAPORE 138588","A","na","na","na"
"COSTA SINGAPORE PRIVATE LIMITED","SW13066A000","9 NORTH BUONA VISTA DRIVE #01-10 THE METROPOLIS SINGAPORE 138588","A","na","na","na"
"COLD STORAGE SINGAPORE (1983) PTE LTD","SW13W04L000","9 NORTH BUONA VISTA DRIVE #01-11 THE METROPOLIS SINGAPORE 138588","A","4","na","na"
"ARTISAN BOULANGERIE COMPAGNIE PTE. LTD.","SW13033X000","9 NORTH BUONA VISTA DRIVE #01-12 THE METROPOLIS SINGAPORE 138588","A","na","na","na"
"STARBUCKS COFFEE SINGAPORE PTE. LTD.","SW13W73J000","9 NORTH BUONA VISTA DRIVE #01-13/14 THE METROPOLIS SINGAPORE 138588","A","na","na","na"
"SIMPLY BREAD PTE LTD","SW13279A000","9 NORTH BUONA VISTA DRIVE #01-15 THE METROPOLIS SINGAPORE 138588","A","na","na","na"
"SALAD STOP PTE. LTD.","SW14038A000","9 NORTH BUONA VISTA DRIVE #01-16 THE METROPOLIS SINGAPORE 138588","A","na","na","na"
"KANSHOKU RAMEN PTE. LTD","SW14581J000","9 NORTH BUONA VISTA DRIVE #01-18 THE METROPOLIS SINGAPORE 138588","A","na","na","na"
"SIMPLY BREAD PTE LTD","SW15841V000","9 NORTH BUONA VISTA DRIVE #02-01 THE METROPOLIS SINGAPORE 138588","B","na","na","na"
"PEACH GARDEN (NOVENA) PTE. LTD.","SW13147A000","9 NORTH BUONA VISTA DRIVE #02-02 THE METROPOLIS SINGAPORE 138588","A","na","na","na"
"ABDULLA S/O ABBAS","C83223L002","91 PASIR PANJANG ROAD SINGAPORE 118512","B","na","na","na"
"MOHAMMAD KUNHI S/O A RAHMAN","C83223L001","91 PASIR PANJANG ROAD SINGAPORE 118512","B","na","na","na"
"THE OAKS GRILL & BISTRO PTE. LTD.","SW15E09E000","93A CLEMENTI ROAD #02-01 CLEMENTI WOOD PARK SINGAPORE 129781","A","na","na","na"
"SAKURA PTE. LTD.","C84274C000","93A CLEMENTI ROAD CLEMENTI WOODS SINGAPORE 129781","A","na","na","na"
"KANG CHUAN BENG","C62003P005","97 PASIR PANJANG ROAD SINGAPORE 118515","B","na","na","na"
"LIEW PEE HENG","C62003P002","97 PASIR PANJANG ROAD SINGAPORE 118515","B","na","na","na"
"LIEW PEE HENG","C62003P006","97 PASIR PANJANG ROAD SINGAPORE 118515","B","na","na","na"
"NG GEK HONG","C62003P004","97 PASIR PANJANG ROAD SINGAPORE 118515","B","na","na","na"
"TOH KONG HWEE","C62003P001","97 PASIR PANJANG ROAD SINGAPORE 118515","B","na","na","na"
"WONG KIONG KWOK","C67007L000","99 PASIR PANJANG ROAD SINGAPORE 118517","B","na","na","na"
"COLD STORAGE SINGAPORE (1983) PTE LTD","C86140N000","BLK 109 CLEMENTI STREET 11 #01-15 SINGAPORE 120109","B","na","na","na"
"BAI JIA SEAFOOD PTE. LTD.","C77092V010","BLK 325 CLEMENTI AVENUE 5 #01-129 SINGAPORE 120325","B","4","na","na"
"BJ FOOD PTE. LTD.","C77092V002","BLK 325 CLEMENTI AVENUE 5 #01-129 SINGAPORE 120325","B","6","na","na"
"FENG TING","C77092V003","BLK 325 CLEMENTI AVENUE 5 #01-129 SINGAPORE 120325","B","na","na","na"
"KOH ENG HOCK","C77092V006","BLK 325 CLEMENTI AVENUE 5 #01-129 SINGAPORE 120325","B","na","na","na"
"KOPITIAM INVESTMENT PTE LTD","C77092V001","BLK 325 CLEMENTI AVENUE 5 #01-129 SINGAPORE 120325","B","na","na","na"
"ABDUL AZIZ ARABIA BANU","C78118C004","BLK 328 CLEMENTI AVENUE 2 #01-220 SINGAPORE 120328","B","na","na","na"
"CHUA THIAN SOO","C78118C006","BLK 328 CLEMENTI AVENUE 2 #01-220 SINGAPORE 120328","B","na","na","na"
"CUI YAMIN","C78118C005","BLK 328 CLEMENTI AVENUE 2 #01-220 SINGAPORE 120328","B","na","na","na"
"KWAN LAY FUN","C78118C001","BLK 328 CLEMENTI AVENUE 2 #01-220 SINGAPORE 120328","B","na","na","na"
"PANG SOOK LENG","C78118C008","BLK 328 CLEMENTI AVENUE 2 #01-220 SINGAPORE 120328","A","na","na","na"
"PANG SOOK LENG","C78118C002","BLK 328 CLEMENTI AVENUE 2 #01-220 SINGAPORE 120328","B","na","na","na"
"PHANG MEI KUAN","C78118C007","BLK 328 CLEMENTI AVENUE 2 #01-220 SINGAPORE 120328","B","na","na","na"
"HUANG ZHIHUA","C78117E005","BLK 352 CLEMENTI AVENUE 2 #01-153 SINGAPORE 120352","B","na","na","na"
"KOK KUM LAN","C78117E007","BLK 352 CLEMENTI AVENUE 2 #01-153 SINGAPORE 120352","B","na","na","na"
"LEE SHAI HIN","C78117E001","BLK 352 CLEMENTI AVENUE 2 #01-153 SINGAPORE 120352","B","na","na","na"
"MA AI MING","C78117E009","BLK 352 CLEMENTI AVENUE 2 #01-153 SINGAPORE 120352","B","na","na","na"
"SIM GUEK KOH","C78117E006","BLK 352 CLEMENTI AVENUE 2 #01-153 SINGAPORE 120352","B","na","na","na"
"SUKYAH BINTI EDDIE","C78117E008","BLK 352 CLEMENTI AVENUE 2 #01-153 SINGAPORE 120352","B","na","na","na"
"TAN LAI KEOW","C78117E004","BLK 352 CLEMENTI AVENUE 2 #01-153 SINGAPORE 120352","B","na","na","na"
"ANG IMM @PHUA IMM","C82219L006","BLK 378 CLEMENTI AVENUE 5 #01-334 SINGAPORE 120378","B","na","na","na"
"LIM KAH LEE","C82219L002","BLK 378 CLEMENTI AVENUE 5 #01-334 SINGAPORE 120378","B","na","na","na"
"LIM SIANG HANG","C82219L001","BLK 378 CLEMENTI AVENUE 5 #01-334 SINGAPORE 120378","B","na","na","na"
"LOW YOK CHU","C82219L003","BLK 378 CLEMENTI AVENUE 5 #01-334 SINGAPORE 120378","B","na","na","na"
"MEDAPATI SAMUEL VIJAY KUMAR","C82219L004","BLK 378 CLEMENTI AVENUE 5 #01-334 SINGAPORE 120378","B","na","na","na"
"SIM HONG HOON","C82219L008","BLK 378 CLEMENTI AVENUE 5 #01-334 SINGAPORE 120378","B","na","na","na"
"SIM HONG HOON","C82219L009","BLK 378 CLEMENTI AVENUE 5 #01-334 SINGAPORE 120378","B","na","na","na"
"SIM HONG HOON","C82219L005","BLK 378 CLEMENTI AVENUE 5 #01-334 SINGAPORE 120378","B","na","na","na"
"TANG KHOW WENG","C82219L007","BLK 378 CLEMENTI AVENUE 5 #01-334 SINGAPORE 120378","B","na","na","na"
"GOH BOO HONG","C90127B002","BLK 380 CLEMENTI AVENUE 5 #01-376 SINGAPORE 120380","B","na","na","na"
"GOH BOO HONG","C90127B001","BLK 380 CLEMENTI AVENUE 5 #01-376 SINGAPORE 120380","B","na","na","na"
"LIM KIM HUA","C90127B006","BLK 380 CLEMENTI AVENUE 5 #01-376 SINGAPORE 120380","B","na","na","na"
"NGUYEN THI DUNG","C90127B003","BLK 380 CLEMENTI AVENUE 5 #01-376 SINGAPORE 120380","B","na","na","na"
"NGUYEN THI UT","C90127B007","BLK 380 CLEMENTI AVENUE 5 #01-376 SINGAPORE 120380","B","na","na","na"
"TAY SENG HUAT","C90127B004","BLK 380 CLEMENTI AVENUE 5 #01-376 SINGAPORE 120380","B","na","na","na"
"GOH THIAM THUAN","C79122C005","BLK 431 CLEMENTI AVENUE 3 #01-296 SINGAPORE 120431","B","na","na","na"
"PHOTFUEANG ARIYA","C79122C004","BLK 431 CLEMENTI AVENUE 3 #01-296 SINGAPORE 120431","B","na","na","na"
"SF INVESTMENT HOLDING PTE. LTD.","C79122C006","BLK 431 CLEMENTI AVENUE 3 #01-296 SINGAPORE 120431","A","na","na","na"
"SF INVESTMENT HOLDING PTE. LTD.","C79122C007","BLK 431 CLEMENTI AVENUE 3 #01-296 SINGAPORE 120431","B","na","na","na"
"SF INVESTMENT HOLDING PTE. LTD.","C79122C001","BLK 431 CLEMENTI AVENUE 3 #01-296 SINGAPORE 120431","A","na","na","na"
"SF INVESTMENT HOLDING PTE. LTD.","C79122C002","BLK 431 CLEMENTI AVENUE 3 #01-296 SINGAPORE 120431","B","na","na","na"
"FOOD PAVILION PTE. LTD.","C80185N007","BLK 443 CLEMENTI AVENUE 3 #01-55 SINGAPORE 120443","B","na","na","na"
"FOOD PAVILION PTE. LTD.","C80185N003","BLK 443 CLEMENTI AVENUE 3 #01-55 SINGAPORE 120443","B","na","na","na"
"FOOD PAVILION PTE. LTD.","C80185N005","BLK 443 CLEMENTI AVENUE 3 #01-55 SINGAPORE 120443","B","6","na","na"
"FOOD PAVILION PTE. LTD.","C80185N006","BLK 443 CLEMENTI AVENUE 3 #01-55 SINGAPORE 120443","B","na","na","na"
"TING WAN CHING","C80185N004","BLK 443 CLEMENTI AVENUE 3 #01-55 SINGAPORE 120443","B","6","na","na"
"YEO KIM LEONG","C80185N002","BLK 443 CLEMENTI AVENUE 3 #01-55 SINGAPORE 120443","B","na","na","na"
"AI YONGSHENG","C80172B002","BLK 450 CLEMENTI AVENUE 3 #01-271 SINGAPORE 120450","B","6","na","na"
"AYESHA'S KITCHEN PTE. LTD.","C80172B003","BLK 450 CLEMENTI AVENUE 3 #01-271 SINGAPORE 120450","B","na","na","na"
"BAI JIA SEAFOOD PTE. LTD.","C80172B008","BLK 450 CLEMENTI AVENUE 3 #01-271 SINGAPORE 120450","B","na","na","na"
"FEI SIONG (F&B) HOLDINGS PTE. LTD.","C80172B004","BLK 450 CLEMENTI AVENUE 3 #01-271 SINGAPORE 120450","B","na","na","na"
"GAN TIAP","C80172B009","BLK 450 CLEMENTI AVENUE 3 #01-271 SINGAPORE 120450","B","na","na","na"
"KEN WA FU PTE. LTD.","C80172B001","BLK 450 CLEMENTI AVENUE 3 #01-271 SINGAPORE 120450","B","na","na","na"
"LECHONSG PRIVATE LIMITED","C80172B006","BLK 450 CLEMENTI AVENUE 3 #01-271 SINGAPORE 120450","B","na","na","na"
"S28 HOLDINGS PTE LTD","C80172B010","BLK 450 CLEMENTI AVENUE 3 #01-271 SINGAPORE 120450","B","na","na","na"
"TEY CHOON LIAN","C80172B005","BLK 450 CLEMENTI AVENUE 3 #01-271 SINGAPORE 120450","B","na","na","na"
"MCDONALD'S RESTAURANTS PTE. LTD.","C80184P000","BLK 451 CLEMENTI AVENUE 3 #01-309 SINGAPORE 120451","A","na","na","na"
"BLISSFUL2 FOOD CITY PTE. LTD.","C79137L004","BLK 603 CLEMENTI WEST STREET 1 #01-43 SINGAPORE 120603","B","na","na","na"
"BLISSFUL2 FOOD CITY PTE. LTD.","C79137L002","BLK 603 CLEMENTI WEST STREET 1 #01-43 SINGAPORE 120603","B","na","na","na"
"OW SIEW KHENG","C79137L003","BLK 603 CLEMENTI WEST STREET 1 #01-43 SINGAPORE 120603","B","na","na","na"
"OW SOON CHYE","C79137L001","BLK 603 CLEMENTI WEST STREET 1 #01-43 SINGAPORE 120603","B","na","na","na"
"YAP KOK LIANG, GARY","C79137L006","BLK 603 CLEMENTI WEST STREET 1 #01-43 SINGAPORE 120603","B","na","na","na"
"KURIBARA NAOJI","C80180B004","BLK 710 CLEMENTI WEST STREET 2 #01-247 SINGAPORE 120710","B","na","na","na"
"LEE SUN DEOK NEE KWON","C80180B006","BLK 710 CLEMENTI WEST STREET 2 #01-247 SINGAPORE 120710","B","na","na","na"
"SAPIAH ZAINAL","C80180B005","BLK 710 CLEMENTI WEST STREET 2 #01-247 SINGAPORE 120710","B","na","na","na"
"WENG KWANG (WEST POINT) PTE. LTD.","C80180B010","BLK 710 CLEMENTI WEST STREET 2 #01-247 SINGAPORE 120710","B","na","na","na"
"WENG KWANG (WEST POINT) PTE. LTD.","C80180B007","BLK 710 CLEMENTI WEST STREET 2 #01-247 SINGAPORE 120710","B","na","na","na"
"WENG KWANG (WEST POINT) PTE. LTD.","C80180B001","BLK 710 CLEMENTI WEST STREET 2 #01-247 SINGAPORE 120710","B","na","na","na"
"WENG KWANG (WEST POINT) PTE. LTD.","C80180B003","BLK 710 CLEMENTI WEST STREET 2 #01-247 SINGAPORE 120710","B","na","na","na"
"WENG KWANG (WEST POINT) PTE. LTD.","C80180B008","BLK 710 CLEMENTI WEST STREET 2 #01-247 SINGAPORE 120710","B","na","na","na"
"WENG KWANG (WEST POINT) PTE. LTD.","C80180B009","BLK 710 CLEMENTI WEST STREET 2 #01-247 SINGAPORE 120710","B","na","na","na"
"NG LAI KIAK","C80205X000","BLK 710 CLEMENTI WEST STREET 2 #01-255 SINGAPORE 120710","B","na","na","na"
"GOURMET STREET (210) PTE. LTD.","C80204V009","BLK 710 CLEMENTI WEST STREET 2 #01-269 SINGAPORE 120710","B","na","na","na"
"GOURMET STREET (210) PTE. LTD.","C80204V008","BLK 710 CLEMENTI WEST STREET 2 #01-269 SINGAPORE 120710","B","na","na","na"
"GOURMET STREET (210) PTE. LTD.","C80204V006","BLK 710 CLEMENTI WEST STREET 2 #01-269 SINGAPORE 120710","B","na","na","na"
"GOURMET STREET (210) PTE. LTD.","C80204V001","BLK 710 CLEMENTI WEST STREET 2 #01-269 SINGAPORE 120710","B","na","na","na"
"GOURMET STREET (210) PTE. LTD.","C80204V003","BLK 710 CLEMENTI WEST STREET 2 #01-269 SINGAPORE 120710","B","na","na","na"
"GOURMET STREET (CW) PTE. LTD.","C80204V002","BLK 710 CLEMENTI WEST STREET 2 #01-269 SINGAPORE 120710","B","6","na","na"
"HONG KAM CHENG","C80204V007","BLK 710 CLEMENTI WEST STREET 2 #01-269 SINGAPORE 120710","B","na","na","na"
"LEE BENG WAH","C80204V005","BLK 710 CLEMENTI WEST STREET 2 #01-269 SINGAPORE 120710","B","na","na","na"
"LEI KIM HUAT @ LIM KIM HUAT","C80204V004","BLK 710 CLEMENTI WEST STREET 2 #01-269 SINGAPORE 120710","B","na","na","na"
"TAN SIEW ENG","C80204V010","BLK 710 CLEMENTI WEST STREET 2 #01-269 SINGAPORE 120710","B","na","na","na"
"CHEONG LOK FOOD MARKETING PTE. LTD.","C82237J008","BLK 727 CLEMENTI WEST STREET 2 #01-294 SINGAPORE 120727","B","na","na","na"
"EE CHYE TECK","C82237J006","BLK 727 CLEMENTI WEST STREET 2 #01-294 SINGAPORE 120727","B","na","na","na"
"PURE COFFEE HOUSE PTE. LTD.","C82237J001","BLK 727 CLEMENTI WEST STREET 2 #01-294 SINGAPORE 120727","B","na","na","na"
"PURE COFFEE HOUSE PTE. LTD.","C82237J009","BLK 727 CLEMENTI WEST STREET 2 #01-294 SINGAPORE 120727","B","na","na","na"
"ZHENG XIUMEI","C82237J003","BLK 727 CLEMENTI WEST STREET 2 #01-294 SINGAPORE 120727","B","na","na","na"
"ZUWITA BINTI IDRIS","CL20160001","CLEMENTI AVE 2 BLK 353 Stall No 01-60","B","4","na","na"
"TOH HARK THOE","CL20166001","CLEMENTI AVE 2 BLK 353 Stall No 01-66","B","na","na","na"
"CHIA PENG YIAK","CL20167001","CLEMENTI AVE 2 BLK 353 Stall No 01-67","A","na","na","na"
"LIM KENG CHEW","CL20168001","CLEMENTI AVE 2 BLK 353 Stall No 01-68","A","na","na","na"
"SOIP BIN MOHD SAJU","CL20169001","CLEMENTI AVE 2 BLK 353 Stall No 01-69","B","na","na","na"
"LOH KHA LING","CL20172002","CLEMENTI AVE 2 BLK 353 Stall No 01-72","A","na","na","na"
"SOH CHEE HUNG","CL20174001","CLEMENTI AVE 2 BLK 353 Stall No 01-74","A","na","na","na"
"RAMZAN BEEVI MEERA MOIDEEN","CL20175001","CLEMENTI AVE 2 BLK 353 Stall No 01-75","B","na","na","na"
"ABDUL MUNEER PAKYARA","CL20176001","CLEMENTI AVE 2 BLK 353 Stall No 01-76","B","na","na","na"
"KADER MYDEEN S/O MUTHU IBRAHIM SAMSUDIN","CL20177001","CLEMENTI AVE 2 BLK 353 Stall No 01-77","B","na","na","na"
"TAN NGIN TOH","CL30101001","CLEMENTI AVE 3 BLK 448 Stall No 01-01","B","na","na","na"
"SAYED ISHAK S/O SAYED","CL30102001","CLEMENTI AVE 3 BLK 448 Stall No 01-02","B","na","na","na"
"ABDUL RAHMAN BIN YAD ALI","CL30103001","CLEMENTI AVE 3 BLK 448 Stall No 01-03","B","na","na","na"
"EASAH BTE MAGEED","CL30104001","CLEMENTI AVE 3 BLK 448 Stall No 01-04","A","na","na","na"
"SITI HALIJAH BINTE ABUL RAHIM","CL30105001","CLEMENTI AVE 3 BLK 448 Stall No 01-05","B","na","na","na"
"JAMILAH BINTE WAHAD","CL30106002","CLEMENTI AVE 3 BLK 448 Stall No 01-06","B","na","na","na"
"GOH SOO FEI","CL30107001","CLEMENTI AVE 3 BLK 448 Stall No 01-07","B","na","na","na"
"KOH TECK CHUAN (XU DECHUAN)","CL30108002","CLEMENTI AVE 3 BLK 448 Stall No 01-08","A","na","na","na"
"SEET HAN SHENG, ADRIAN","CL30109002","CLEMENTI AVE 3 BLK 448 Stall No 01-09","B","na","na","na"
"SEOW LAI HOCK","CL30110001","CLEMENTI AVE 3 BLK 448 Stall No 01-10","A","na","na","na"
"NG BOON OH","CL30111001","CLEMENTI AVE 3 BLK 448 Stall No 01-11","A","na","na","na"
"LEE HIANG THENG","CL30112001","CLEMENTI AVE 3 BLK 448 Stall No 01-12","B","na","na","na"
"LEE CHAN GIN","CL30113001","CLEMENTI AVE 3 BLK 448 Stall No 01-13","B","na","na","na"
"TAN OH NEE","CL30114001","CLEMENTI AVE 3 BLK 448 Stall No 01-14","B","na","na","na"
"TEO KIM HOI","CL30115001","CLEMENTI AVE 3 BLK 448 Stall No 01-15","B","na","na","na"
"SZE CHONG EE","CL30116001","CLEMENTI AVE 3 BLK 448 Stall No 01-16","B","na","na","na"
"LO SIOK TIANG","CL30117001","CLEMENTI AVE 3 BLK 448 Stall No 01-17","B","na","na","na"
"LEE AH HOCK","CL30118001","CLEMENTI AVE 3 BLK 448 Stall No 01-18","B","na","na","na"
"SIM KAH PEE","CL30119002","CLEMENTI AVE 3 BLK 448 Stall No 01-19","B","na","na","na"
"LIM LIH YANN","CL30120001","CLEMENTI AVE 3 BLK 448 Stall No 01-20","A","na","na","na"
"SEAH WEI LIANG, JAMES","CL30121002","CLEMENTI AVE 3 BLK 448 Stall No 01-21","B","na","na","na"
"LEE GUAT HOON","CL30122001","CLEMENTI AVE 3 BLK 448 Stall No 01-22","A","na","na","na"
"KUEH SOO JUAT","CL30123003","CLEMENTI AVE 3 BLK 448 Stall No 01-23","B","na","na","na"
"LEE KAM","CL30124001","CLEMENTI AVE 3 BLK 448 Stall No 01-24","A","na","na","na"
"TAN JIN LOON","CL30125001","CLEMENTI AVE 3 BLK 448 Stall No 01-25","B","na","na","na"
"LOO BEE CHIN","CL30126001","CLEMENTI AVE 3 BLK 448 Stall No 01-26","B","na","na","na"
"NG LEONG POH","CL30128001","CLEMENTI AVE 3 BLK 448 Stall No 01-28","A","na","na","na"
"FUNG KING SAN","CL30129002","CLEMENTI AVE 3 BLK 448 Stall No 01-29","A","na","na","na"
"NG PENG KHOON","CL30130002","CLEMENTI AVE 3 BLK 448 Stall No 01-30","B","na","na","na"
"KOH MENG TECK","CL30131001","CLEMENTI AVE 3 BLK 448 Stall No 01-31","B","na","na","na"
"TAN POH SUAN AGNES","CL30132001","CLEMENTI AVE 3 BLK 448 Stall No 01-32","A","na","na","na"
"CHEW KAY CHOO","CL30133001","CLEMENTI AVE 3 BLK 448 Stall No 01-33","B","6","na","na"
"LIM KEE CHONG","CL30134001","CLEMENTI AVE 3 BLK 448 Stall No 01-34","B","na","na","na"
"LOK KAM KOK @LIM KIM KOK","CL30135001","CLEMENTI AVE 3 BLK 448 Stall No 01-35","B","na","na","na"
"DING KWONG LEUNG","CL30136002","CLEMENTI AVE 3 BLK 448 Stall No 01-36","A","na","na","na"
"TAN CHUANG LIANG @CHUA CHUAN LIANG","CL30137001","CLEMENTI AVE 3 BLK 448 Stall No 01-37","A","na","na","na"
"SOONG TECK HOE (SONG DEHE)","CL30138002","CLEMENTI AVE 3 BLK 448 Stall No 01-38","B","na","na","na"
"KOH CHENG SAI","CL30139001","CLEMENTI AVE 3 BLK 448 Stall No 01-39","B","na","na","na"
"TAN JEE KEE","CL30140001","CLEMENTI AVE 3 BLK 448 Stall No 01-40","B","na","na","na"
"SZE CHONG EE","CL30141001","CLEMENTI AVE 3 BLK 448 Stall No 01-41","B","na","na","na"
"LEE JIM PONG","CL30142001","CLEMENTI AVE 3 BLK 448 Stall No 01-42","A","na","na","na"
"LOW HSUE HUNG","CL30143001","CLEMENTI AVE 3 BLK 448 Stall No 01-43","B","na","na","na"
"KHOO WAN YEO","CL30144001","CLEMENTI AVE 3 BLK 448 Stall No 01-44","B","na","na","na"
"NG KENG CHOW","CL30145001","CLEMENTI AVE 3 BLK 448 Stall No 01-45","B","na","na","na"
"ONG KIAN SENG (WANG JIANCHENG)","CL30146002","CLEMENTI AVE 3 BLK 448 Stall No 01-46","A","na","na","na"
"LIU LIYU","CL30147001","CLEMENTI AVE 3 BLK 448 Stall No 01-47","B","na","na","na"
"ONG CHEE HOW (WANG ZHIHAO)","CL30148002","CLEMENTI AVE 3 BLK 448 Stall No 01-48","A","na","na","na"
"LIM SAI HONG","CL30149001","CLEMENTI AVE 3 BLK 448 Stall No 01-49","A","na","na","na"
"TAN TOW CHANG","CL30150002","CLEMENTI AVE 3 BLK 448 Stall No 01-50","B","na","na","na"
"LIM SENG KIM","CL30151001","CLEMENTI AVE 3 BLK 448 Stall No 01-51","A","na","na","na"
"WOON SING LEE","CL401136002","CLEMENTI WEST ST 2 BLK 726 Stall No 01-136","B","na","na","na"
"LIAN SOO MOY","CL401137001","CLEMENTI WEST ST 2 BLK 726 Stall No 01-137","B","na","na","na"
"POON KIM KERN","CL401138002","CLEMENTI WEST ST 2 BLK 726 Stall No 01-138","B","na","na","na"
"TAN YAM POH","CL401139001","CLEMENTI WEST ST 2 BLK 726 Stall No 01-139","B","na","na","na"
"ONG WEE SING (WANG WEIXING)","CL401140001","CLEMENTI WEST ST 2 BLK 726 Stall No 01-140","A","na","na","na"
"TAN CHING SOON","CL401141002","CLEMENTI WEST ST 2 BLK 726 Stall No 01-141","A","na","na","na"
"CHNG JOK HOU","CL401142001","CLEMENTI WEST ST 2 BLK 726 Stall No 01-142","B","na","na","na"
"LIM LAY SIONG","CL401143002","CLEMENTI WEST ST 2 BLK 726 Stall No 01-143","B","na","na","na"
"PNG POH SIO","CL401144001","CLEMENTI WEST ST 2 BLK 726 Stall No 01-144","A","na","na","na"
"TAN CHAR KEONG","CL401145001","CLEMENTI WEST ST 2 BLK 726 Stall No 01-145","A","na","na","na"
"SIM BEE GEOK","CL401146002","CLEMENTI WEST ST 2 BLK 726 Stall No 01-146","A","na","na","na"
"CHUA SIEW BEE","CL401147002","CLEMENTI WEST ST 2 BLK 726 Stall No 01-147","A","na","na","na"
"TAN HUAT BOH","CL401148001","CLEMENTI WEST ST 2 BLK 726 Stall No 01-148","A","na","na","na"
"GOH MEOW LUAN","CL401149001","CLEMENTI WEST ST 2 BLK 726 Stall No 01-149","B","na","na","na"
"SOH HOE ANN","CL401150002","CLEMENTI WEST ST 2 BLK 726 Stall No 01-150","B","na","na","na"
"LIM SOK HUA","CL401151002","CLEMENTI WEST ST 2 BLK 726 Stall No 01-151","A","na","na","na"
"HENG YEW PHUANG","CL401152001","CLEMENTI WEST ST 2 BLK 726 Stall No 01-152","A","na","na","na"
"CHOU KOK HENG","CL401153002","CLEMENTI WEST ST 2 BLK 726 Stall No 01-153","A","na","na","na"
"TAN KOR CHWEE","CL401154001","CLEMENTI WEST ST 2 BLK 726 Stall No 01-154","B","na","na","na"
"GOY THUAN HENG","CL401155002","CLEMENTI WEST ST 2 BLK 726 Stall No 01-155","B","na","na","na"
"SEAH SOON SENG","CL401156001","CLEMENTI WEST ST 2 BLK 726 Stall No 01-156","A","na","na","na"
"TANG CHUI KHING","CL401157001","CLEMENTI WEST ST 2 BLK 726 Stall No 01-157","A","na","na","na"
"NG YONG WAH","CL401158001","CLEMENTI WEST ST 2 BLK 726 Stall No 01-158","A","na","na","na"
"KOH THENG TOO","CL401159001","CLEMENTI WEST ST 2 BLK 726 Stall No 01-159","A","na","na","na"
"LIM SIEW LIAN","CL401160002","CLEMENTI WEST ST 2 BLK 726 Stall No 01-160","A","na","na","na"
"TOK CHIAN SEW","CL401161002","CLEMENTI WEST ST 2 BLK 726 Stall No 01-161","B","na","na","na"
"LEE MEI XIANG","CL401162002","CLEMENTI WEST ST 2 BLK 726 Stall No 01-162","B","na","na","na"
"TAY SOH LIAN","CL401163002","CLEMENTI WEST ST 2 BLK 726 Stall No 01-163","B","na","na","na"
"ER SIEW KIANG","CL401164002","CLEMENTI WEST ST 2 BLK 726 Stall No 01-164","A","na","na","na"
"KASHMIR KAUR","CL401165001","CLEMENTI WEST ST 2 BLK 726 Stall No 01-165","B","na","na","na"
"NG KIM ENG","CL401166002","CLEMENTI WEST ST 2 BLK 726 Stall No 01-166","B","na","na","na"
"LEE MOON FUEN","CL401167002","CLEMENTI WEST ST 2 BLK 726 Stall No 01-167","B","na","na","na"
"ANG AH GEOK","CL401168002","CLEMENTI WEST ST 2 BLK 726 Stall No 01-168","B","na","na","na"
"JOO KEE HOCK","CL401169001","CLEMENTI WEST ST 2 BLK 726 Stall No 01-169","A","na","na","na"
"GOH SWEE ENG","CL401170001","CLEMENTI WEST ST 2 BLK 726 Stall No 01-170","B","na","na","na"
"QUEK CHOON HENG","CL401171002","CLEMENTI WEST ST 2 BLK 726 Stall No 01-171","A","na","na","na"
"AU CHWEE KOON","CL401172001","CLEMENTI WEST ST 2 BLK 726 Stall No 01-172","A","na","na","na"
"SIA CHOON HONG","CL401173001","CLEMENTI WEST ST 2 BLK 726 Stall No 01-173","B","na","na","na"
"NGO CHON KI","CL401174001","CLEMENTI WEST ST 2 BLK 726 Stall No 01-174","A","na","na","na"
"NG NIK","CL401175001","CLEMENTI WEST ST 2 BLK 726 Stall No 01-175","B","na","na","na"
"RASIDKHAN MOHAMED FAISER","CL401176003","CLEMENTI WEST ST 2 BLK 726 Stall No 01-176","B","na","na","na"
"MARIAM BTE ISMAIL","CL401177003","CLEMENTI WEST ST 2 BLK 726 Stall No 01-177","B","na","na","na"
"MOHD ZAIRUDDIN BIN ONAN","CL401178001","CLEMENTI WEST ST 2 BLK 726 Stall No 01-178","B","na","na","na"
"CHIA YONG KWEE","CL401179003","CLEMENTI WEST ST 2 BLK 726 Stall No 01-179","B","na","na","na"
"GOH KHIM CHOON","CL401180002","CLEMENTI WEST ST 2 BLK 726 Stall No 01-180","B","na","na","na"
"CHONG CHEE WAI","CL401181001","CLEMENTI WEST ST 2 BLK 726 Stall No 01-181","B","na","na","na"
"HENG HAN WEI","CL401183002","CLEMENTI WEST ST 2 BLK 726 Stall No 01-183","B","na","na","na"
"HENG PENG SOON","CL401184001","CLEMENTI WEST ST 2 BLK 726 Stall No 01-184","B","na","na","na"
"CHUA SIEW CHEOW","CL401185002","CLEMENTI WEST ST 2 BLK 726 Stall No 01-185","B","na","na","na"
"ANG AI CHEOW","CL401186002","CLEMENTI WEST ST 2 BLK 726 Stall No 01-186","B","na","na","na"
"AW KEONG HUAT","CL401187001","CLEMENTI WEST ST 2 BLK 726 Stall No 01-187","A","na","na","na"
"QUEK KOK SENG","CL401188002","CLEMENTI WEST ST 2 BLK 726 Stall No 01-188","A","na","na","na"
"TAY POH HIN","CL401189002","CLEMENTI WEST ST 2 BLK 726 Stall No 01-189","A","na","na","na"
"HENG HAN CHENG","CL401190004","CLEMENTI WEST ST 2 BLK 726 Stall No 01-190","A","na","na","na"
"ZHANG LIZHI","CL401191003","CLEMENTI WEST ST 2 BLK 726 Stall No 01-191","A","na","na","na"
"GOH KIM NOI","CL401192001","CLEMENTI WEST ST 2 BLK 726 Stall No 01-192","B","na","na","na"
"TAN SIEW KEE","CL401193002","CLEMENTI WEST ST 2 BLK 726 Stall No 01-193","B","na","na","na"
"ONG AH GEK","CL401194003","CLEMENTI WEST ST 2 BLK 726 Stall No 01-194","B","na","na","na"
"WANG AH TEE","CL401195001","CLEMENTI WEST ST 2 BLK 726 Stall No 01-195","B","na","na","na"
"RAHMAH BTE ABD RAHMAN","PPF0101001","PASIR PANJANG FOOD CENTRE Stall No 01-01","B","na","na","na"
"SUPHAPORN PANJATHITIPORN","PPF0102004","PASIR PANJANG FOOD CENTRE Stall No 01-02","B","na","na","na"
"SEAH BEE ENG","PPF0103002","PASIR PANJANG FOOD CENTRE Stall No 01-03","B","na","na","na"
"ANTHONY TAY SENG BOON","PPF0105002","PASIR PANJANG FOOD CENTRE Stall No 01-05","B","na","na","na"
"SOON POH GEOK","PPF0106005","PASIR PANJANG FOOD CENTRE Stall No 01-06","B","na","na","na"
"CHEE YEW KHUEN","PPF0107006","PASIR PANJANG FOOD CENTRE Stall No 01-07","B","na","na","na"
"KHU LIM HUA","PPF0110001","PASIR PANJANG FOOD CENTRE Stall No 01-10","B","na","na","na"
"KHU LIM HUA","PPF0111001","PASIR PANJANG FOOD CENTRE Stall No 01-11","B","na","na","na"
"KHU LIM HUA","PPF0112001","PASIR PANJANG FOOD CENTRE Stall No 01-12","B","na","na","na"
"LIM LAI HONG","PPF0113002","PASIR PANJANG FOOD CENTRE Stall No 01-13","B","na","na","na"
"TAY SOON HOCK","PPF0115001","PASIR PANJANG FOOD CENTRE Stall No 01-15","B","na","na","na"
"REYNETT XUE YI LING","PPF0116002","PASIR PANJANG FOOD CENTRE Stall No 01-16","B","na","na","na"
"SHUHANA BINTE MOHAMED SOOKOR","PPF0117002","PASIR PANJANG FOOD CENTRE Stall No 01-17","B","na","na","na"
"SHUHANA BINTE MOHAMED SOOKOR","PPF0118003","PASIR PANJANG FOOD CENTRE Stall No 01-18","B","na","na","na"
"NG AIK HUANG","PPF0119001","PASIR PANJANG FOOD CENTRE Stall No 01-19","B","na","na","na"
"PANIPAK YONG","PPF0120004","PASIR PANJANG FOOD CENTRE Stall No 01-20","A","na","na","na"
"YUSOFF BIN JALAL","PPF0121001","PASIR PANJANG FOOD CENTRE Stall No 01-21","B","na","na","na"
"MUJIAH","PPF0122001","PASIR PANJANG FOOD CENTRE Stall No 01-22","B","na","na","na"
"CHONG CHIN FOO","PPF0123001","PASIR PANJANG FOOD CENTRE Stall No 01-23","B","na","na","na"
"CHONG CHIN FOO","PPF0124001","PASIR PANJANG FOOD CENTRE Stall No 01-24","B","na","na","na"
"TAN NGOH MOI","PPF0126001","PASIR PANJANG FOOD CENTRE Stall No 01-26","B","na","na","na"
"SHEIKH SYED ISMAIL S/O ABDUL KALAM AZAD","PPF0127001","PASIR PANJANG FOOD CENTRE Stall No 01-27","B","na","na","na"
"MOHAMMED SALLEH BIN MASHOOD","PPF0128002","PASIR PANJANG FOOD CENTRE Stall No 01-28","B","na","na","na"
"SEAH SEOK YONG","PPF0129001","PASIR PANJANG FOOD CENTRE Stall No 01-29","B","na","na","na"
"YEO SEE HOCK","PPF0130002","PASIR PANJANG FOOD CENTRE Stall No 01-30","B","na","na","na"
"YEO SEE HOCK","PPF0131002","PASIR PANJANG FOOD CENTRE Stall No 01-31","B","na","na","na"
"SEAH MENG HWEE","PPF0132003","PASIR PANJANG FOOD CENTRE Stall No 01-32","B","na","na","na"
"HOONG SIEW YIN","PPF0133001","PASIR PANJANG FOOD CENTRE Stall No 01-33","B","na","na","na"
"NG CHENG LUAN","PPF0134002","PASIR PANJANG FOOD CENTRE Stall No 01-34","B","na","na","na"
"ANG KOR HUAT","PPF0135005","PASIR PANJANG FOOD CENTRE Stall No 01-35","B","na","na","na"
"TAN BOON HUAT","PPF0136002","PASIR PANJANG FOOD CENTRE Stall No 01-36","B","na","na","na"
"QUEE MUE SIAM","PPF0137003","PASIR PANJANG FOOD CENTRE Stall No 01-37","B","na","na","na"
"KHOO SONG HEE","PPF0139002","PASIR PANJANG FOOD CENTRE Stall No 01-39","B","na","na","na"
"GOH JIK HWA","PPF0140002","PASIR PANJANG FOOD CENTRE Stall No 01-40","B","na","na","na"
"PANG THENG KEE","PPF0141001","PASIR PANJANG FOOD CENTRE Stall No 01-41","B","na","na","na"
"TRAIYAN RUNG","PPF0142004","PASIR PANJANG FOOD CENTRE Stall No 01-42","B","na","na","na"
"CHANG CHEE KEONG","PPF0143004","PASIR PANJANG FOOD CENTRE Stall No 01-43","B","na","na","na"
"TRAN THI BICH HANG","PPF0144002","PASIR PANJANG FOOD CENTRE Stall No 01-44","B","na","na","na"
"TOCK POH LIAN","PPF0145001","PASIR PANJANG FOOD CENTRE Stall No 01-45","A","6","na","na"
